<?xml version="1.0" encoding="UTF-8"?>
<gpx creator="StravaGPX" version="1.1" xmlns="http://www.topografix.com/GPX/1/1" xmlns:xsi="http://www.w3.org/2001/XMLSchema-instance" xsi:schemaLocation="http://www.topografix.com/GPX/1/1 http://www.topografix.com/GPX/1/1/gpx.xsd">
 <trk>
  <name>Sella Ronda 2026 from Hotel Cristallo </name>
  <type>cycling</type>
  <trkseg>
   <trkpt lat="46.5579130" lon="11.7287140">
    <ele>1441.3</ele>
   </trkpt>
   <trkpt lat="46.5578860" lon="11.7288080">
    <ele>1441.3</ele>
   </trkpt>
   <trkpt lat="46.5578840" lon="11.7289860">
    <ele>1441.5</ele>
   </trkpt>
   <trkpt lat="46.5579590" lon="11.7295920">
    <ele>1442.5</ele>
   </trkpt>
   <trkpt lat="46.5579830" lon="11.7299570">
    <ele>1443.1</ele>
   </trkpt>
   <trkpt lat="46.5579830" lon="11.7300460">
    <ele>1443.3</ele>
   </trkpt>
   <trkpt lat="46.5579770" lon="11.7302240">
    <ele>1443.6</ele>
   </trkpt>
   <trkpt lat="46.5579700" lon="11.7304810">
    <ele>1444.1</ele>
   </trkpt>
   <trkpt lat="46.5579480" lon="11.7307400">
    <ele>1444.5</ele>
   </trkpt>
   <trkpt lat="46.5578920" lon="11.7310030">
    <ele>1445.0</ele>
   </trkpt>
   <trkpt lat="46.5578300" lon="11.7312520">
    <ele>1445.5</ele>
   </trkpt>
   <trkpt lat="46.5576810" lon="11.7316510">
    <ele>1445.6</ele>
   </trkpt>
   <trkpt lat="46.5576390" lon="11.7317080">
    <ele>1445.5</ele>
   </trkpt>
   <trkpt lat="46.5575920" lon="11.7317650">
    <ele>1445.4</ele>
   </trkpt>
   <trkpt lat="46.5574610" lon="11.7318930">
    <ele>1445.1</ele>
   </trkpt>
   <trkpt lat="46.5573700" lon="11.7319800">
    <ele>1444.3</ele>
   </trkpt>
   <trkpt lat="46.5573260" lon="11.7320510">
    <ele>1443.8</ele>
   </trkpt>
   <trkpt lat="46.5573160" lon="11.7320690">
    <ele>1443.6</ele>
   </trkpt>
   <trkpt lat="46.5573210" lon="11.7321230">
    <ele>1443.3</ele>
   </trkpt>
   <trkpt lat="46.5573650" lon="11.7322360">
    <ele>1443.7</ele>
   </trkpt>
   <trkpt lat="46.5575380" lon="11.7323800">
    <ele>1444.6</ele>
   </trkpt>
   <trkpt lat="46.5577690" lon="11.7326450">
    <ele>1444.7</ele>
   </trkpt>
   <trkpt lat="46.5579970" lon="11.7329850">
    <ele>1448.1</ele>
   </trkpt>
   <trkpt lat="46.5580410" lon="11.7330380">
    <ele>1448.8</ele>
   </trkpt>
   <trkpt lat="46.5580900" lon="11.7330900">
    <ele>1449.5</ele>
   </trkpt>
   <trkpt lat="46.5581390" lon="11.7331340">
    <ele>1450.1</ele>
   </trkpt>
   <trkpt lat="46.5582390" lon="11.7332150">
    <ele>1451.1</ele>
   </trkpt>
   <trkpt lat="46.5583440" lon="11.7333120">
    <ele>1451.6</ele>
   </trkpt>
   <trkpt lat="46.5584970" lon="11.7334680">
    <ele>1452.4</ele>
   </trkpt>
   <trkpt lat="46.5585480" lon="11.7335190">
    <ele>1452.5</ele>
   </trkpt>
   <trkpt lat="46.5586600" lon="11.7336330">
    <ele>1452.8</ele>
   </trkpt>
   <trkpt lat="46.5587080" lon="11.7337050">
    <ele>1453.0</ele>
   </trkpt>
   <trkpt lat="46.5587790" lon="11.7338560">
    <ele>1454.3</ele>
   </trkpt>
   <trkpt lat="46.5588850" lon="11.7341190">
    <ele>1456.7</ele>
   </trkpt>
   <trkpt lat="46.5590310" lon="11.7343890">
    <ele>1458.9</ele>
   </trkpt>
   <trkpt lat="46.5591170" lon="11.7345090">
    <ele>1459.0</ele>
   </trkpt>
   <trkpt lat="46.5591530" lon="11.7345600">
    <ele>1459.0</ele>
   </trkpt>
   <trkpt lat="46.5592320" lon="11.7346920">
    <ele>1459.1</ele>
   </trkpt>
   <trkpt lat="46.5592640" lon="11.7347630">
    <ele>1459.2</ele>
   </trkpt>
   <trkpt lat="46.5593300" lon="11.7349090">
    <ele>1459.6</ele>
   </trkpt>
   <trkpt lat="46.5593520" lon="11.7349870">
    <ele>1460.0</ele>
   </trkpt>
   <trkpt lat="46.5593550" lon="11.7351540">
    <ele>1460.8</ele>
   </trkpt>
   <trkpt lat="46.5593390" lon="11.7354040">
    <ele>1462.1</ele>
   </trkpt>
   <trkpt lat="46.5593220" lon="11.7356430">
    <ele>1463.3</ele>
   </trkpt>
   <trkpt lat="46.5593130" lon="11.7358910">
    <ele>1464.6</ele>
   </trkpt>
   <trkpt lat="46.5593100" lon="11.7359750">
    <ele>1465.0</ele>
   </trkpt>
   <trkpt lat="46.5593120" lon="11.7362240">
    <ele>1466.3</ele>
   </trkpt>
   <trkpt lat="46.5593070" lon="11.7364750">
    <ele>1467.5</ele>
   </trkpt>
   <trkpt lat="46.5593050" lon="11.7365580">
    <ele>1467.9</ele>
   </trkpt>
   <trkpt lat="46.5592910" lon="11.7367090">
    <ele>1468.6</ele>
   </trkpt>
   <trkpt lat="46.5592760" lon="11.7367910">
    <ele>1469.0</ele>
   </trkpt>
   <trkpt lat="46.5592300" lon="11.7369730">
    <ele>1469.9</ele>
   </trkpt>
   <trkpt lat="46.5592140" lon="11.7370380">
    <ele>1470.2</ele>
   </trkpt>
   <trkpt lat="46.5591750" lon="11.7371990">
    <ele>1471.1</ele>
   </trkpt>
   <trkpt lat="46.5591280" lon="11.7374740">
    <ele>1472.5</ele>
   </trkpt>
   <trkpt lat="46.5591290" lon="11.7375450">
    <ele>1472.8</ele>
   </trkpt>
   <trkpt lat="46.5591440" lon="11.7378000">
    <ele>1473.9</ele>
   </trkpt>
   <trkpt lat="46.5591510" lon="11.7379740">
    <ele>1474.7</ele>
   </trkpt>
   <trkpt lat="46.5591450" lon="11.7380600">
    <ele>1475.1</ele>
   </trkpt>
   <trkpt lat="46.5591040" lon="11.7383180">
    <ele>1476.3</ele>
   </trkpt>
   <trkpt lat="46.5590590" lon="11.7385770">
    <ele>1477.6</ele>
   </trkpt>
   <trkpt lat="46.5590400" lon="11.7386650">
    <ele>1478.1</ele>
   </trkpt>
   <trkpt lat="46.5590090" lon="11.7388290">
    <ele>1478.9</ele>
   </trkpt>
   <trkpt lat="46.5589770" lon="11.7390730">
    <ele>1480.3</ele>
   </trkpt>
   <trkpt lat="46.5589800" lon="11.7391570">
    <ele>1480.7</ele>
   </trkpt>
   <trkpt lat="46.5589940" lon="11.7393260">
    <ele>1481.4</ele>
   </trkpt>
   <trkpt lat="46.5590410" lon="11.7395870">
    <ele>1482.4</ele>
   </trkpt>
   <trkpt lat="46.5590710" lon="11.7397610">
    <ele>1483.0</ele>
   </trkpt>
   <trkpt lat="46.5590830" lon="11.7398470">
    <ele>1483.3</ele>
   </trkpt>
   <trkpt lat="46.5590900" lon="11.7399330">
    <ele>1483.5</ele>
   </trkpt>
   <trkpt lat="46.5590920" lon="11.7401050">
    <ele>1483.7</ele>
   </trkpt>
   <trkpt lat="46.5590890" lon="11.7401870">
    <ele>1483.8</ele>
   </trkpt>
   <trkpt lat="46.5590800" lon="11.7402690">
    <ele>1483.9</ele>
   </trkpt>
   <trkpt lat="46.5590360" lon="11.7404140">
    <ele>1484.0</ele>
   </trkpt>
   <trkpt lat="46.5589980" lon="11.7405060">
    <ele>1484.3</ele>
   </trkpt>
   <trkpt lat="46.5588910" lon="11.7407090">
    <ele>1484.8</ele>
   </trkpt>
   <trkpt lat="46.5587820" lon="11.7409200">
    <ele>1485.5</ele>
   </trkpt>
   <trkpt lat="46.5587500" lon="11.7409940">
    <ele>1485.7</ele>
   </trkpt>
   <trkpt lat="46.5587180" lon="11.7410710">
    <ele>1485.9</ele>
   </trkpt>
   <trkpt lat="46.5585670" lon="11.7414660">
    <ele>1487.1</ele>
   </trkpt>
   <trkpt lat="46.5585260" lon="11.7416110">
    <ele>1487.6</ele>
   </trkpt>
   <trkpt lat="46.5584650" lon="11.7418490">
    <ele>1488.3</ele>
   </trkpt>
   <trkpt lat="46.5583110" lon="11.7424310">
    <ele>1490.3</ele>
   </trkpt>
   <trkpt lat="46.5582250" lon="11.7427400">
    <ele>1492.1</ele>
   </trkpt>
   <trkpt lat="46.5581660" lon="11.7429810">
    <ele>1493.7</ele>
   </trkpt>
   <trkpt lat="46.5581010" lon="11.7432210">
    <ele>1494.2</ele>
   </trkpt>
   <trkpt lat="46.5580800" lon="11.7433010">
    <ele>1494.4</ele>
   </trkpt>
   <trkpt lat="46.5579700" lon="11.7437040">
    <ele>1495.3</ele>
   </trkpt>
   <trkpt lat="46.5579580" lon="11.7437690">
    <ele>1495.5</ele>
   </trkpt>
   <trkpt lat="46.5578920" lon="11.7440000">
    <ele>1496.2</ele>
   </trkpt>
   <trkpt lat="46.5578040" lon="11.7443300">
    <ele>1497.2</ele>
   </trkpt>
   <trkpt lat="46.5577500" lon="11.7446640">
    <ele>1498.3</ele>
   </trkpt>
   <trkpt lat="46.5577490" lon="11.7448310">
    <ele>1498.9</ele>
   </trkpt>
   <trkpt lat="46.5577600" lon="11.7449140">
    <ele>1499.2</ele>
   </trkpt>
   <trkpt lat="46.5577770" lon="11.7449910">
    <ele>1499.5</ele>
   </trkpt>
   <trkpt lat="46.5578280" lon="11.7451400">
    <ele>1500.1</ele>
   </trkpt>
   <trkpt lat="46.5579320" lon="11.7453460">
    <ele>1501.1</ele>
   </trkpt>
   <trkpt lat="46.5580120" lon="11.7454700">
    <ele>1501.8</ele>
   </trkpt>
   <trkpt lat="46.5581410" lon="11.7456860">
    <ele>1503.1</ele>
   </trkpt>
   <trkpt lat="46.5582220" lon="11.7458150">
    <ele>1503.9</ele>
   </trkpt>
   <trkpt lat="46.5582670" lon="11.7458740">
    <ele>1504.3</ele>
   </trkpt>
   <trkpt lat="46.5584240" lon="11.7461280">
    <ele>1505.8</ele>
   </trkpt>
   <trkpt lat="46.5585680" lon="11.7463650">
    <ele>1507.3</ele>
   </trkpt>
   <trkpt lat="46.5587100" lon="11.7466350">
    <ele>1508.9</ele>
   </trkpt>
   <trkpt lat="46.5587690" lon="11.7467840">
    <ele>1509.8</ele>
   </trkpt>
   <trkpt lat="46.5587920" lon="11.7468610">
    <ele>1510.1</ele>
   </trkpt>
   <trkpt lat="46.5588200" lon="11.7470230">
    <ele>1510.9</ele>
   </trkpt>
   <trkpt lat="46.5588270" lon="11.7471070">
    <ele>1511.3</ele>
   </trkpt>
   <trkpt lat="46.5588320" lon="11.7472950">
    <ele>1512.2</ele>
   </trkpt>
   <trkpt lat="46.5588020" lon="11.7474410">
    <ele>1513.0</ele>
   </trkpt>
   <trkpt lat="46.5587310" lon="11.7475850">
    <ele>1513.6</ele>
   </trkpt>
   <trkpt lat="46.5586280" lon="11.7476910">
    <ele>1514.3</ele>
   </trkpt>
   <trkpt lat="46.5584700" lon="11.7477990">
    <ele>1515.6</ele>
   </trkpt>
   <trkpt lat="46.5583590" lon="11.7478640">
    <ele>1516.4</ele>
   </trkpt>
   <trkpt lat="46.5583050" lon="11.7478980">
    <ele>1516.8</ele>
   </trkpt>
   <trkpt lat="46.5582470" lon="11.7479320">
    <ele>1517.3</ele>
   </trkpt>
   <trkpt lat="46.5581450" lon="11.7479920">
    <ele>1518.1</ele>
   </trkpt>
   <trkpt lat="46.5580240" lon="11.7480760">
    <ele>1519.1</ele>
   </trkpt>
   <trkpt lat="46.5578660" lon="11.7481930">
    <ele>1520.4</ele>
   </trkpt>
   <trkpt lat="46.5578220" lon="11.7482370">
    <ele>1520.8</ele>
   </trkpt>
   <trkpt lat="46.5577020" lon="11.7484000">
    <ele>1522.0</ele>
   </trkpt>
   <trkpt lat="46.5576610" lon="11.7484630">
    <ele>1522.4</ele>
   </trkpt>
   <trkpt lat="46.5575710" lon="11.7485950">
    <ele>1523.2</ele>
   </trkpt>
   <trkpt lat="46.5574510" lon="11.7487740">
    <ele>1524.3</ele>
   </trkpt>
   <trkpt lat="46.5573260" lon="11.7489650">
    <ele>1525.6</ele>
   </trkpt>
   <trkpt lat="46.5572870" lon="11.7490280">
    <ele>1526.1</ele>
   </trkpt>
   <trkpt lat="46.5571750" lon="11.7492190">
    <ele>1527.9</ele>
   </trkpt>
   <trkpt lat="46.5570790" lon="11.7494230">
    <ele>1529.7</ele>
   </trkpt>
   <trkpt lat="46.5570470" lon="11.7494910">
    <ele>1530.3</ele>
   </trkpt>
   <trkpt lat="46.5569900" lon="11.7496360">
    <ele>1531.4</ele>
   </trkpt>
   <trkpt lat="46.5568700" lon="11.7499240">
    <ele>1532.7</ele>
   </trkpt>
   <trkpt lat="46.5568460" lon="11.7500010">
    <ele>1533.1</ele>
   </trkpt>
   <trkpt lat="46.5568060" lon="11.7501640">
    <ele>1533.8</ele>
   </trkpt>
   <trkpt lat="46.5567850" lon="11.7503350">
    <ele>1534.5</ele>
   </trkpt>
   <trkpt lat="46.5567840" lon="11.7504210">
    <ele>1534.8</ele>
   </trkpt>
   <trkpt lat="46.5567910" lon="11.7505920">
    <ele>1535.3</ele>
   </trkpt>
   <trkpt lat="46.5567990" lon="11.7507770">
    <ele>1535.9</ele>
   </trkpt>
   <trkpt lat="46.5567980" lon="11.7508640">
    <ele>1536.1</ele>
   </trkpt>
   <trkpt lat="46.5567850" lon="11.7511300">
    <ele>1537.0</ele>
   </trkpt>
   <trkpt lat="46.5567410" lon="11.7514710">
    <ele>1538.1</ele>
   </trkpt>
   <trkpt lat="46.5566990" lon="11.7519980">
    <ele>1538.7</ele>
   </trkpt>
   <trkpt lat="46.5566930" lon="11.7523570">
    <ele>1539.3</ele>
   </trkpt>
   <trkpt lat="46.5566760" lon="11.7525390">
    <ele>1539.8</ele>
   </trkpt>
   <trkpt lat="46.5566180" lon="11.7529710">
    <ele>1540.8</ele>
   </trkpt>
   <trkpt lat="46.5565870" lon="11.7532410">
    <ele>1541.2</ele>
   </trkpt>
   <trkpt lat="46.5565570" lon="11.7535130">
    <ele>1541.6</ele>
   </trkpt>
   <trkpt lat="46.5564640" lon="11.7543120">
    <ele>1542.8</ele>
   </trkpt>
   <trkpt lat="46.5564350" lon="11.7545650">
    <ele>1543.3</ele>
   </trkpt>
   <trkpt lat="46.5564230" lon="11.7547360">
    <ele>1543.5</ele>
   </trkpt>
   <trkpt lat="46.5564100" lon="11.7548990">
    <ele>1543.6</ele>
   </trkpt>
   <trkpt lat="46.5563700" lon="11.7551300">
    <ele>1543.8</ele>
   </trkpt>
   <trkpt lat="46.5563020" lon="11.7552830">
    <ele>1544.0</ele>
   </trkpt>
   <trkpt lat="46.5562660" lon="11.7553590">
    <ele>1544.1</ele>
   </trkpt>
   <trkpt lat="46.5561360" lon="11.7555690">
    <ele>1544.4</ele>
   </trkpt>
   <trkpt lat="46.5560490" lon="11.7557020">
    <ele>1544.6</ele>
   </trkpt>
   <trkpt lat="46.5558760" lon="11.7559660">
    <ele>1545.2</ele>
   </trkpt>
   <trkpt lat="46.5557060" lon="11.7562890">
    <ele>1545.9</ele>
   </trkpt>
   <trkpt lat="46.5555390" lon="11.7565560">
    <ele>1546.7</ele>
   </trkpt>
   <trkpt lat="46.5554250" lon="11.7567340">
    <ele>1547.3</ele>
   </trkpt>
   <trkpt lat="46.5552750" lon="11.7570040">
    <ele>1548.0</ele>
   </trkpt>
   <trkpt lat="46.5552100" lon="11.7571390">
    <ele>1548.4</ele>
   </trkpt>
   <trkpt lat="46.5550680" lon="11.7573720">
    <ele>1549.6</ele>
   </trkpt>
   <trkpt lat="46.5550280" lon="11.7574310">
    <ele>1549.9</ele>
   </trkpt>
   <trkpt lat="46.5548840" lon="11.7576750">
    <ele>1551.2</ele>
   </trkpt>
   <trkpt lat="46.5547320" lon="11.7579210">
    <ele>1552.6</ele>
   </trkpt>
   <trkpt lat="46.5546160" lon="11.7581080">
    <ele>1553.7</ele>
   </trkpt>
   <trkpt lat="46.5545070" lon="11.7582940">
    <ele>1554.5</ele>
   </trkpt>
   <trkpt lat="46.5543610" lon="11.7585370">
    <ele>1555.2</ele>
   </trkpt>
   <trkpt lat="46.5542820" lon="11.7586490">
    <ele>1555.8</ele>
   </trkpt>
   <trkpt lat="46.5542390" lon="11.7587050">
    <ele>1556.3</ele>
   </trkpt>
   <trkpt lat="46.5542000" lon="11.7587700">
    <ele>1556.9</ele>
   </trkpt>
   <trkpt lat="46.5541230" lon="11.7588970">
    <ele>1557.9</ele>
   </trkpt>
   <trkpt lat="46.5540870" lon="11.7589630">
    <ele>1558.5</ele>
   </trkpt>
   <trkpt lat="46.5540260" lon="11.7591050">
    <ele>1559.5</ele>
   </trkpt>
   <trkpt lat="46.5539630" lon="11.7593260">
    <ele>1560.1</ele>
   </trkpt>
   <trkpt lat="46.5539590" lon="11.7594020">
    <ele>1560.2</ele>
   </trkpt>
   <trkpt lat="46.5539260" lon="11.7595580">
    <ele>1560.6</ele>
   </trkpt>
   <trkpt lat="46.5538700" lon="11.7597920">
    <ele>1561.5</ele>
   </trkpt>
   <trkpt lat="46.5538250" lon="11.7600260">
    <ele>1562.4</ele>
   </trkpt>
   <trkpt lat="46.5537980" lon="11.7601830">
    <ele>1563.2</ele>
   </trkpt>
   <trkpt lat="46.5537860" lon="11.7602580">
    <ele>1563.6</ele>
   </trkpt>
   <trkpt lat="46.5537730" lon="11.7603320">
    <ele>1564.0</ele>
   </trkpt>
   <trkpt lat="46.5537260" lon="11.7605560">
    <ele>1565.3</ele>
   </trkpt>
   <trkpt lat="46.5536770" lon="11.7607120">
    <ele>1566.3</ele>
   </trkpt>
   <trkpt lat="46.5536180" lon="11.7609420">
    <ele>1567.5</ele>
   </trkpt>
   <trkpt lat="46.5535590" lon="11.7612520">
    <ele>1569.0</ele>
   </trkpt>
   <trkpt lat="46.5535430" lon="11.7613280">
    <ele>1569.4</ele>
   </trkpt>
   <trkpt lat="46.5535110" lon="11.7614820">
    <ele>1570.1</ele>
   </trkpt>
   <trkpt lat="46.5534510" lon="11.7617860">
    <ele>1570.5</ele>
   </trkpt>
   <trkpt lat="46.5534350" lon="11.7618650">
    <ele>1570.7</ele>
   </trkpt>
   <trkpt lat="46.5534050" lon="11.7620260">
    <ele>1571.0</ele>
   </trkpt>
   <trkpt lat="46.5533090" lon="11.7624510">
    <ele>1571.5</ele>
   </trkpt>
   <trkpt lat="46.5532650" lon="11.7626200">
    <ele>1571.6</ele>
   </trkpt>
   <trkpt lat="46.5531750" lon="11.7630540">
    <ele>1572.2</ele>
   </trkpt>
   <trkpt lat="46.5531210" lon="11.7632150">
    <ele>1572.5</ele>
   </trkpt>
   <trkpt lat="46.5530600" lon="11.7633590">
    <ele>1572.7</ele>
   </trkpt>
   <trkpt lat="46.5529640" lon="11.7634430">
    <ele>1572.8</ele>
   </trkpt>
   <trkpt lat="46.5527120" lon="11.7635300">
    <ele>1572.5</ele>
   </trkpt>
   <trkpt lat="46.5526190" lon="11.7635240">
    <ele>1572.3</ele>
   </trkpt>
   <trkpt lat="46.5524300" lon="11.7635120">
    <ele>1572.0</ele>
   </trkpt>
   <trkpt lat="46.5519930" lon="11.7635240">
    <ele>1571.6</ele>
   </trkpt>
   <trkpt lat="46.5516870" lon="11.7635080">
    <ele>1571.8</ele>
   </trkpt>
   <trkpt lat="46.5516320" lon="11.7635170">
    <ele>1572.0</ele>
   </trkpt>
   <trkpt lat="46.5515660" lon="11.7635310">
    <ele>1572.4</ele>
   </trkpt>
   <trkpt lat="46.5514630" lon="11.7636450">
    <ele>1573.1</ele>
   </trkpt>
   <trkpt lat="46.5514110" lon="11.7636840">
    <ele>1573.4</ele>
   </trkpt>
   <trkpt lat="46.5511920" lon="11.7638890">
    <ele>1574.9</ele>
   </trkpt>
   <trkpt lat="46.5510010" lon="11.7640550">
    <ele>1576.1</ele>
   </trkpt>
   <trkpt lat="46.5509590" lon="11.7641060">
    <ele>1576.3</ele>
   </trkpt>
   <trkpt lat="46.5508140" lon="11.7642540">
    <ele>1577.2</ele>
   </trkpt>
   <trkpt lat="46.5507650" lon="11.7643030">
    <ele>1577.4</ele>
   </trkpt>
   <trkpt lat="46.5506780" lon="11.7644270">
    <ele>1577.8</ele>
   </trkpt>
   <trkpt lat="46.5506240" lon="11.7645860">
    <ele>1578.1</ele>
   </trkpt>
   <trkpt lat="46.5505550" lon="11.7648370">
    <ele>1578.2</ele>
   </trkpt>
   <trkpt lat="46.5505290" lon="11.7649230">
    <ele>1578.2</ele>
   </trkpt>
   <trkpt lat="46.5504770" lon="11.7650910">
    <ele>1578.4</ele>
   </trkpt>
   <trkpt lat="46.5504550" lon="11.7651750">
    <ele>1578.5</ele>
   </trkpt>
   <trkpt lat="46.5502960" lon="11.7656650">
    <ele>1579.7</ele>
   </trkpt>
   <trkpt lat="46.5501460" lon="11.7659430">
    <ele>1580.4</ele>
   </trkpt>
   <trkpt lat="46.5500890" lon="11.7660140">
    <ele>1580.6</ele>
   </trkpt>
   <trkpt lat="46.5499380" lon="11.7661430">
    <ele>1581.1</ele>
   </trkpt>
   <trkpt lat="46.5498050" lon="11.7662170">
    <ele>1581.4</ele>
   </trkpt>
   <trkpt lat="46.5495340" lon="11.7663950">
    <ele>1581.8</ele>
   </trkpt>
   <trkpt lat="46.5493740" lon="11.7665100">
    <ele>1582.1</ele>
   </trkpt>
   <trkpt lat="46.5491070" lon="11.7666850">
    <ele>1582.7</ele>
   </trkpt>
   <trkpt lat="46.5489820" lon="11.7667580">
    <ele>1583.0</ele>
   </trkpt>
   <trkpt lat="46.5486780" lon="11.7669270">
    <ele>1583.8</ele>
   </trkpt>
   <trkpt lat="46.5484990" lon="11.7670220">
    <ele>1584.3</ele>
   </trkpt>
   <trkpt lat="46.5483060" lon="11.7671550">
    <ele>1584.7</ele>
   </trkpt>
   <trkpt lat="46.5481330" lon="11.7672710">
    <ele>1585.0</ele>
   </trkpt>
   <trkpt lat="46.5478690" lon="11.7674710">
    <ele>1585.7</ele>
   </trkpt>
   <trkpt lat="46.5476900" lon="11.7675870">
    <ele>1586.1</ele>
   </trkpt>
   <trkpt lat="46.5475140" lon="11.7676930">
    <ele>1586.6</ele>
   </trkpt>
   <trkpt lat="46.5471140" lon="11.7679420">
    <ele>1588.5</ele>
   </trkpt>
   <trkpt lat="46.5470140" lon="11.7680070">
    <ele>1589.0</ele>
   </trkpt>
   <trkpt lat="46.5468500" lon="11.7681220">
    <ele>1590.0</ele>
   </trkpt>
   <trkpt lat="46.5467820" lon="11.7681680">
    <ele>1590.4</ele>
   </trkpt>
   <trkpt lat="46.5466900" lon="11.7682330">
    <ele>1590.9</ele>
   </trkpt>
   <trkpt lat="46.5466410" lon="11.7682790">
    <ele>1591.0</ele>
   </trkpt>
   <trkpt lat="46.5465990" lon="11.7683350">
    <ele>1591.1</ele>
   </trkpt>
   <trkpt lat="46.5464820" lon="11.7685180">
    <ele>1591.4</ele>
   </trkpt>
   <trkpt lat="46.5464440" lon="11.7685850">
    <ele>1591.9</ele>
   </trkpt>
   <trkpt lat="46.5462780" lon="11.7688570">
    <ele>1594.4</ele>
   </trkpt>
   <trkpt lat="46.5462440" lon="11.7689230">
    <ele>1594.9</ele>
   </trkpt>
   <trkpt lat="46.5461650" lon="11.7691390">
    <ele>1595.9</ele>
   </trkpt>
   <trkpt lat="46.5461210" lon="11.7692970">
    <ele>1596.2</ele>
   </trkpt>
   <trkpt lat="46.5461000" lon="11.7693780">
    <ele>1596.5</ele>
   </trkpt>
   <trkpt lat="46.5460470" lon="11.7696050">
    <ele>1597.4</ele>
   </trkpt>
   <trkpt lat="46.5460150" lon="11.7698140">
    <ele>1598.7</ele>
   </trkpt>
   <trkpt lat="46.5459730" lon="11.7700470">
    <ele>1600.1</ele>
   </trkpt>
   <trkpt lat="46.5459230" lon="11.7702710">
    <ele>1601.6</ele>
   </trkpt>
   <trkpt lat="46.5458930" lon="11.7704160">
    <ele>1602.7</ele>
   </trkpt>
   <trkpt lat="46.5458750" lon="11.7704860">
    <ele>1603.2</ele>
   </trkpt>
   <trkpt lat="46.5458560" lon="11.7705580">
    <ele>1603.7</ele>
   </trkpt>
   <trkpt lat="46.5458210" lon="11.7706970">
    <ele>1604.8</ele>
   </trkpt>
   <trkpt lat="46.5457210" lon="11.7709660">
    <ele>1607.0</ele>
   </trkpt>
   <trkpt lat="46.5456960" lon="11.7710340">
    <ele>1607.4</ele>
   </trkpt>
   <trkpt lat="46.5456730" lon="11.7711000">
    <ele>1607.9</ele>
   </trkpt>
   <trkpt lat="46.5456050" lon="11.7712680">
    <ele>1609.4</ele>
   </trkpt>
   <trkpt lat="46.5455800" lon="11.7713230">
    <ele>1610.4</ele>
   </trkpt>
   <trkpt lat="46.5455500" lon="11.7713720">
    <ele>1611.4</ele>
   </trkpt>
   <trkpt lat="46.5455140" lon="11.7714080">
    <ele>1611.8</ele>
   </trkpt>
   <trkpt lat="46.5454730" lon="11.7714280">
    <ele>1612.0</ele>
   </trkpt>
   <trkpt lat="46.5454270" lon="11.7714440">
    <ele>1612.2</ele>
   </trkpt>
   <trkpt lat="46.5453290" lon="11.7714630">
    <ele>1612.6</ele>
   </trkpt>
   <trkpt lat="46.5452220" lon="11.7714640">
    <ele>1613.0</ele>
   </trkpt>
   <trkpt lat="46.5451710" lon="11.7714580">
    <ele>1613.1</ele>
   </trkpt>
   <trkpt lat="46.5450650" lon="11.7714140">
    <ele>1613.3</ele>
   </trkpt>
   <trkpt lat="46.5449220" lon="11.7712980">
    <ele>1613.6</ele>
   </trkpt>
   <trkpt lat="46.5448190" lon="11.7712320">
    <ele>1614.4</ele>
   </trkpt>
   <trkpt lat="46.5447740" lon="11.7712180">
    <ele>1615.0</ele>
   </trkpt>
   <trkpt lat="46.5445560" lon="11.7711660">
    <ele>1617.4</ele>
   </trkpt>
   <trkpt lat="46.5444510" lon="11.7711180">
    <ele>1618.6</ele>
   </trkpt>
   <trkpt lat="46.5443980" lon="11.7710930">
    <ele>1619.2</ele>
   </trkpt>
   <trkpt lat="46.5442420" lon="11.7710080">
    <ele>1619.4</ele>
   </trkpt>
   <trkpt lat="46.5442050" lon="11.7709960">
    <ele>1619.5</ele>
   </trkpt>
   <trkpt lat="46.5441110" lon="11.7709450">
    <ele>1620.5</ele>
   </trkpt>
   <trkpt lat="46.5440620" lon="11.7709130">
    <ele>1621.0</ele>
   </trkpt>
   <trkpt lat="46.5440110" lon="11.7708740">
    <ele>1621.6</ele>
   </trkpt>
   <trkpt lat="46.5439180" lon="11.7707820">
    <ele>1622.7</ele>
   </trkpt>
   <trkpt lat="46.5438190" lon="11.7706790">
    <ele>1624.0</ele>
   </trkpt>
   <trkpt lat="46.5437760" lon="11.7706340">
    <ele>1624.5</ele>
   </trkpt>
   <trkpt lat="46.5437060" lon="11.7705460">
    <ele>1625.5</ele>
   </trkpt>
   <trkpt lat="46.5436470" lon="11.7704080">
    <ele>1626.7</ele>
   </trkpt>
   <trkpt lat="46.5436240" lon="11.7703440">
    <ele>1627.2</ele>
   </trkpt>
   <trkpt lat="46.5435960" lon="11.7702840">
    <ele>1627.8</ele>
   </trkpt>
   <trkpt lat="46.5435610" lon="11.7702270">
    <ele>1628.3</ele>
   </trkpt>
   <trkpt lat="46.5435260" lon="11.7701950">
    <ele>1628.7</ele>
   </trkpt>
   <trkpt lat="46.5434610" lon="11.7701700">
    <ele>1629.3</ele>
   </trkpt>
   <trkpt lat="46.5434030" lon="11.7701900">
    <ele>1629.9</ele>
   </trkpt>
   <trkpt lat="46.5433580" lon="11.7702410">
    <ele>1630.1</ele>
   </trkpt>
   <trkpt lat="46.5433350" lon="11.7703140">
    <ele>1630.5</ele>
   </trkpt>
   <trkpt lat="46.5433380" lon="11.7703960">
    <ele>1630.8</ele>
   </trkpt>
   <trkpt lat="46.5433650" lon="11.7704770">
    <ele>1631.2</ele>
   </trkpt>
   <trkpt lat="46.5434400" lon="11.7705860">
    <ele>1631.8</ele>
   </trkpt>
   <trkpt lat="46.5434810" lon="11.7706400">
    <ele>1632.1</ele>
   </trkpt>
   <trkpt lat="46.5435200" lon="11.7707190">
    <ele>1632.5</ele>
   </trkpt>
   <trkpt lat="46.5435500" lon="11.7707730">
    <ele>1632.8</ele>
   </trkpt>
   <trkpt lat="46.5435910" lon="11.7708320">
    <ele>1633.2</ele>
   </trkpt>
   <trkpt lat="46.5437690" lon="11.7710720">
    <ele>1635.0</ele>
   </trkpt>
   <trkpt lat="46.5437980" lon="11.7711150">
    <ele>1635.4</ele>
   </trkpt>
   <trkpt lat="46.5439260" lon="11.7713110">
    <ele>1636.9</ele>
   </trkpt>
   <trkpt lat="46.5440360" lon="11.7714810">
    <ele>1638.2</ele>
   </trkpt>
   <trkpt lat="46.5441200" lon="11.7715890">
    <ele>1639.2</ele>
   </trkpt>
   <trkpt lat="46.5441620" lon="11.7716430">
    <ele>1639.7</ele>
   </trkpt>
   <trkpt lat="46.5442410" lon="11.7717100">
    <ele>1640.5</ele>
   </trkpt>
   <trkpt lat="46.5442930" lon="11.7717450">
    <ele>1641.0</ele>
   </trkpt>
   <trkpt lat="46.5443500" lon="11.7717680">
    <ele>1641.5</ele>
   </trkpt>
   <trkpt lat="46.5444440" lon="11.7718020">
    <ele>1642.3</ele>
   </trkpt>
   <trkpt lat="46.5445330" lon="11.7718520">
    <ele>1643.1</ele>
   </trkpt>
   <trkpt lat="46.5445710" lon="11.7719010">
    <ele>1643.5</ele>
   </trkpt>
   <trkpt lat="46.5446150" lon="11.7719790">
    <ele>1644.1</ele>
   </trkpt>
   <trkpt lat="46.5447320" lon="11.7721150">
    <ele>1645.4</ele>
   </trkpt>
   <trkpt lat="46.5447620" lon="11.7722000">
    <ele>1646.0</ele>
   </trkpt>
   <trkpt lat="46.5447730" lon="11.7722600">
    <ele>1646.4</ele>
   </trkpt>
   <trkpt lat="46.5447830" lon="11.7723390">
    <ele>1646.9</ele>
   </trkpt>
   <trkpt lat="46.5447960" lon="11.7725720">
    <ele>1648.4</ele>
   </trkpt>
   <trkpt lat="46.5447900" lon="11.7727430">
    <ele>1649.6</ele>
   </trkpt>
   <trkpt lat="46.5447920" lon="11.7728090">
    <ele>1650.0</ele>
   </trkpt>
   <trkpt lat="46.5448260" lon="11.7729600">
    <ele>1650.9</ele>
   </trkpt>
   <trkpt lat="46.5448950" lon="11.7730920">
    <ele>1651.8</ele>
   </trkpt>
   <trkpt lat="46.5449390" lon="11.7731360">
    <ele>1652.2</ele>
   </trkpt>
   <trkpt lat="46.5449820" lon="11.7731680">
    <ele>1652.6</ele>
   </trkpt>
   <trkpt lat="46.5450790" lon="11.7732320">
    <ele>1653.5</ele>
   </trkpt>
   <trkpt lat="46.5451220" lon="11.7732690">
    <ele>1653.9</ele>
   </trkpt>
   <trkpt lat="46.5451610" lon="11.7733130">
    <ele>1654.3</ele>
   </trkpt>
   <trkpt lat="46.5452320" lon="11.7734260">
    <ele>1655.2</ele>
   </trkpt>
   <trkpt lat="46.5452560" lon="11.7734950">
    <ele>1655.7</ele>
   </trkpt>
   <trkpt lat="46.5452720" lon="11.7735670">
    <ele>1656.1</ele>
   </trkpt>
   <trkpt lat="46.5452740" lon="11.7736430">
    <ele>1656.6</ele>
   </trkpt>
   <trkpt lat="46.5452700" lon="11.7737250">
    <ele>1657.1</ele>
   </trkpt>
   <trkpt lat="46.5452640" lon="11.7738070">
    <ele>1657.6</ele>
   </trkpt>
   <trkpt lat="46.5452490" lon="11.7739620">
    <ele>1658.5</ele>
   </trkpt>
   <trkpt lat="46.5452300" lon="11.7741050">
    <ele>1659.4</ele>
   </trkpt>
   <trkpt lat="46.5452200" lon="11.7741720">
    <ele>1659.8</ele>
   </trkpt>
   <trkpt lat="46.5452090" lon="11.7742410">
    <ele>1660.2</ele>
   </trkpt>
   <trkpt lat="46.5452000" lon="11.7743130">
    <ele>1660.7</ele>
   </trkpt>
   <trkpt lat="46.5451960" lon="11.7743850">
    <ele>1661.1</ele>
   </trkpt>
   <trkpt lat="46.5451950" lon="11.7744590">
    <ele>1661.6</ele>
   </trkpt>
   <trkpt lat="46.5452030" lon="11.7745340">
    <ele>1662.1</ele>
   </trkpt>
   <trkpt lat="46.5452140" lon="11.7746090">
    <ele>1662.5</ele>
   </trkpt>
   <trkpt lat="46.5452280" lon="11.7746830">
    <ele>1663.0</ele>
   </trkpt>
   <trkpt lat="46.5452460" lon="11.7747550">
    <ele>1663.4</ele>
   </trkpt>
   <trkpt lat="46.5452810" lon="11.7748990">
    <ele>1664.2</ele>
   </trkpt>
   <trkpt lat="46.5453030" lon="11.7749680">
    <ele>1664.7</ele>
   </trkpt>
   <trkpt lat="46.5453200" lon="11.7750340">
    <ele>1665.1</ele>
   </trkpt>
   <trkpt lat="46.5453320" lon="11.7751020">
    <ele>1665.5</ele>
   </trkpt>
   <trkpt lat="46.5453750" lon="11.7752550">
    <ele>1666.5</ele>
   </trkpt>
   <trkpt lat="46.5453950" lon="11.7753110">
    <ele>1666.8</ele>
   </trkpt>
   <trkpt lat="46.5454380" lon="11.7754790">
    <ele>1667.9</ele>
   </trkpt>
   <trkpt lat="46.5454790" lon="11.7758030">
    <ele>1669.8</ele>
   </trkpt>
   <trkpt lat="46.5454700" lon="11.7759640">
    <ele>1670.8</ele>
   </trkpt>
   <trkpt lat="46.5454540" lon="11.7760350">
    <ele>1671.3</ele>
   </trkpt>
   <trkpt lat="46.5454360" lon="11.7760910">
    <ele>1671.7</ele>
   </trkpt>
   <trkpt lat="46.5453900" lon="11.7762140">
    <ele>1672.8</ele>
   </trkpt>
   <trkpt lat="46.5453710" lon="11.7762740">
    <ele>1673.3</ele>
   </trkpt>
   <trkpt lat="46.5453350" lon="11.7763960">
    <ele>1674.3</ele>
   </trkpt>
   <trkpt lat="46.5453140" lon="11.7765160">
    <ele>1675.3</ele>
   </trkpt>
   <trkpt lat="46.5453110" lon="11.7766510">
    <ele>1676.4</ele>
   </trkpt>
   <trkpt lat="46.5453040" lon="11.7767120">
    <ele>1676.9</ele>
   </trkpt>
   <trkpt lat="46.5452820" lon="11.7767630">
    <ele>1677.4</ele>
   </trkpt>
   <trkpt lat="46.5452620" lon="11.7767660">
    <ele>1677.7</ele>
   </trkpt>
   <trkpt lat="46.5452360" lon="11.7766900">
    <ele>1678.8</ele>
   </trkpt>
   <trkpt lat="46.5452340" lon="11.7766120">
    <ele>1679.4</ele>
   </trkpt>
   <trkpt lat="46.5452320" lon="11.7764660">
    <ele>1680.4</ele>
   </trkpt>
   <trkpt lat="46.5452290" lon="11.7763900">
    <ele>1680.9</ele>
   </trkpt>
   <trkpt lat="46.5452130" lon="11.7763320">
    <ele>1681.3</ele>
   </trkpt>
   <trkpt lat="46.5452130" lon="11.7762350">
    <ele>1681.9</ele>
   </trkpt>
   <trkpt lat="46.5451890" lon="11.7760730">
    <ele>1683.0</ele>
   </trkpt>
   <trkpt lat="46.5451620" lon="11.7760090">
    <ele>1683.5</ele>
   </trkpt>
   <trkpt lat="46.5451380" lon="11.7759360">
    <ele>1684.0</ele>
   </trkpt>
   <trkpt lat="46.5450820" lon="11.7757720">
    <ele>1685.2</ele>
   </trkpt>
   <trkpt lat="46.5450470" lon="11.7757000">
    <ele>1685.7</ele>
   </trkpt>
   <trkpt lat="46.5449860" lon="11.7755850">
    <ele>1686.6</ele>
   </trkpt>
   <trkpt lat="46.5449560" lon="11.7755230">
    <ele>1687.1</ele>
   </trkpt>
   <trkpt lat="46.5449250" lon="11.7754620">
    <ele>1687.6</ele>
   </trkpt>
   <trkpt lat="46.5449000" lon="11.7753980">
    <ele>1688.1</ele>
   </trkpt>
   <trkpt lat="46.5448640" lon="11.7752740">
    <ele>1688.9</ele>
   </trkpt>
   <trkpt lat="46.5448480" lon="11.7752110">
    <ele>1689.4</ele>
   </trkpt>
   <trkpt lat="46.5448100" lon="11.7750820">
    <ele>1690.3</ele>
   </trkpt>
   <trkpt lat="46.5447500" lon="11.7748900">
    <ele>1691.6</ele>
   </trkpt>
   <trkpt lat="46.5447150" lon="11.7747550">
    <ele>1692.5</ele>
   </trkpt>
   <trkpt lat="46.5447000" lon="11.7746830">
    <ele>1693.0</ele>
   </trkpt>
   <trkpt lat="46.5447030" lon="11.7745200">
    <ele>1694.0</ele>
   </trkpt>
   <trkpt lat="46.5447070" lon="11.7744370">
    <ele>1694.6</ele>
   </trkpt>
   <trkpt lat="46.5447090" lon="11.7743560">
    <ele>1695.1</ele>
   </trkpt>
   <trkpt lat="46.5446800" lon="11.7742520">
    <ele>1695.9</ele>
   </trkpt>
   <trkpt lat="46.5446480" lon="11.7741830">
    <ele>1696.5</ele>
   </trkpt>
   <trkpt lat="46.5446030" lon="11.7741480">
    <ele>1697.0</ele>
   </trkpt>
   <trkpt lat="46.5445580" lon="11.7741040">
    <ele>1697.5</ele>
   </trkpt>
   <trkpt lat="46.5444910" lon="11.7740460">
    <ele>1698.3</ele>
   </trkpt>
   <trkpt lat="46.5444460" lon="11.7740000">
    <ele>1698.8</ele>
   </trkpt>
   <trkpt lat="46.5443090" lon="11.7738970">
    <ele>1700.1</ele>
   </trkpt>
   <trkpt lat="46.5442530" lon="11.7738630">
    <ele>1700.6</ele>
   </trkpt>
   <trkpt lat="46.5441430" lon="11.7737810">
    <ele>1701.5</ele>
   </trkpt>
   <trkpt lat="46.5440130" lon="11.7736460">
    <ele>1702.8</ele>
   </trkpt>
   <trkpt lat="46.5439600" lon="11.7736000">
    <ele>1703.3</ele>
   </trkpt>
   <trkpt lat="46.5438210" lon="11.7734420">
    <ele>1704.6</ele>
   </trkpt>
   <trkpt lat="46.5437820" lon="11.7733930">
    <ele>1705.0</ele>
   </trkpt>
   <trkpt lat="46.5437040" lon="11.7732750">
    <ele>1705.9</ele>
   </trkpt>
   <trkpt lat="46.5436290" lon="11.7731420">
    <ele>1706.8</ele>
   </trkpt>
   <trkpt lat="46.5435920" lon="11.7730830">
    <ele>1707.2</ele>
   </trkpt>
   <trkpt lat="46.5434970" lon="11.7729660">
    <ele>1708.3</ele>
   </trkpt>
   <trkpt lat="46.5434170" lon="11.7728530">
    <ele>1709.3</ele>
   </trkpt>
   <trkpt lat="46.5433740" lon="11.7728010">
    <ele>1709.8</ele>
   </trkpt>
   <trkpt lat="46.5432310" lon="11.7726800">
    <ele>1711.1</ele>
   </trkpt>
   <trkpt lat="46.5430690" lon="11.7725880">
    <ele>1712.6</ele>
   </trkpt>
   <trkpt lat="46.5429170" lon="11.7724940">
    <ele>1713.9</ele>
   </trkpt>
   <trkpt lat="46.5428180" lon="11.7724400">
    <ele>1714.8</ele>
   </trkpt>
   <trkpt lat="46.5427170" lon="11.7723840">
    <ele>1715.8</ele>
   </trkpt>
   <trkpt lat="46.5426160" lon="11.7723210">
    <ele>1716.7</ele>
   </trkpt>
   <trkpt lat="46.5425720" lon="11.7722950">
    <ele>1717.2</ele>
   </trkpt>
   <trkpt lat="46.5425220" lon="11.7722750">
    <ele>1717.6</ele>
   </trkpt>
   <trkpt lat="46.5424170" lon="11.7722520">
    <ele>1718.5</ele>
   </trkpt>
   <trkpt lat="46.5423170" lon="11.7722440">
    <ele>1719.3</ele>
   </trkpt>
   <trkpt lat="46.5422700" lon="11.7722370">
    <ele>1719.6</ele>
   </trkpt>
   <trkpt lat="46.5421000" lon="11.7721870">
    <ele>1721.0</ele>
   </trkpt>
   <trkpt lat="46.5419980" lon="11.7721390">
    <ele>1721.8</ele>
   </trkpt>
   <trkpt lat="46.5419450" lon="11.7721190">
    <ele>1722.3</ele>
   </trkpt>
   <trkpt lat="46.5417890" lon="11.7720780">
    <ele>1723.6</ele>
   </trkpt>
   <trkpt lat="46.5416370" lon="11.7720550">
    <ele>1725.0</ele>
   </trkpt>
   <trkpt lat="46.5415810" lon="11.7720490">
    <ele>1725.5</ele>
   </trkpt>
   <trkpt lat="46.5415280" lon="11.7720490">
    <ele>1726.0</ele>
   </trkpt>
   <trkpt lat="46.5414760" lon="11.7720600">
    <ele>1726.5</ele>
   </trkpt>
   <trkpt lat="46.5414270" lon="11.7720800">
    <ele>1726.9</ele>
   </trkpt>
   <trkpt lat="46.5413760" lon="11.7721100">
    <ele>1727.4</ele>
   </trkpt>
   <trkpt lat="46.5413310" lon="11.7721530">
    <ele>1727.9</ele>
   </trkpt>
   <trkpt lat="46.5412870" lon="11.7721940">
    <ele>1728.4</ele>
   </trkpt>
   <trkpt lat="46.5412100" lon="11.7722820">
    <ele>1729.2</ele>
   </trkpt>
   <trkpt lat="46.5411720" lon="11.7723230">
    <ele>1729.6</ele>
   </trkpt>
   <trkpt lat="46.5411290" lon="11.7723610">
    <ele>1730.1</ele>
   </trkpt>
   <trkpt lat="46.5410880" lon="11.7724010">
    <ele>1730.5</ele>
   </trkpt>
   <trkpt lat="46.5410420" lon="11.7724300">
    <ele>1731.0</ele>
   </trkpt>
   <trkpt lat="46.5409910" lon="11.7724350">
    <ele>1731.4</ele>
   </trkpt>
   <trkpt lat="46.5409360" lon="11.7724270">
    <ele>1732.0</ele>
   </trkpt>
   <trkpt lat="46.5408780" lon="11.7724080">
    <ele>1732.5</ele>
   </trkpt>
   <trkpt lat="46.5407900" lon="11.7723520">
    <ele>1733.4</ele>
   </trkpt>
   <trkpt lat="46.5407470" lon="11.7723210">
    <ele>1733.9</ele>
   </trkpt>
   <trkpt lat="46.5406860" lon="11.7722860">
    <ele>1734.5</ele>
   </trkpt>
   <trkpt lat="46.5405880" lon="11.7722460">
    <ele>1735.4</ele>
   </trkpt>
   <trkpt lat="46.5404390" lon="11.7721940">
    <ele>1736.9</ele>
   </trkpt>
   <trkpt lat="46.5403360" lon="11.7721990">
    <ele>1737.8</ele>
   </trkpt>
   <trkpt lat="46.5402300" lon="11.7722330">
    <ele>1738.8</ele>
   </trkpt>
   <trkpt lat="46.5401770" lon="11.7722530">
    <ele>1739.3</ele>
   </trkpt>
   <trkpt lat="46.5400780" lon="11.7722830">
    <ele>1740.2</ele>
   </trkpt>
   <trkpt lat="46.5399710" lon="11.7723040">
    <ele>1741.1</ele>
   </trkpt>
   <trkpt lat="46.5399100" lon="11.7723030">
    <ele>1741.6</ele>
   </trkpt>
   <trkpt lat="46.5398100" lon="11.7722890">
    <ele>1742.5</ele>
   </trkpt>
   <trkpt lat="46.5396730" lon="11.7722290">
    <ele>1743.7</ele>
   </trkpt>
   <trkpt lat="46.5395660" lon="11.7721670">
    <ele>1744.6</ele>
   </trkpt>
   <trkpt lat="46.5395260" lon="11.7721430">
    <ele>1744.9</ele>
   </trkpt>
   <trkpt lat="46.5393770" lon="11.7720760">
    <ele>1746.3</ele>
   </trkpt>
   <trkpt lat="46.5393190" lon="11.7720580">
    <ele>1746.8</ele>
   </trkpt>
   <trkpt lat="46.5392270" lon="11.7720440">
    <ele>1747.6</ele>
   </trkpt>
   <trkpt lat="46.5390860" lon="11.7720370">
    <ele>1748.8</ele>
   </trkpt>
   <trkpt lat="46.5390360" lon="11.7720330">
    <ele>1749.2</ele>
   </trkpt>
   <trkpt lat="46.5389340" lon="11.7719850">
    <ele>1750.1</ele>
   </trkpt>
   <trkpt lat="46.5388430" lon="11.7719050">
    <ele>1751.0</ele>
   </trkpt>
   <trkpt lat="46.5387000" lon="11.7717880">
    <ele>1752.3</ele>
   </trkpt>
   <trkpt lat="46.5385560" lon="11.7716680">
    <ele>1753.5</ele>
   </trkpt>
   <trkpt lat="46.5384750" lon="11.7716110">
    <ele>1754.3</ele>
   </trkpt>
   <trkpt lat="46.5384240" lon="11.7715880">
    <ele>1754.8</ele>
   </trkpt>
   <trkpt lat="46.5382740" lon="11.7715500">
    <ele>1756.1</ele>
   </trkpt>
   <trkpt lat="46.5382250" lon="11.7715360">
    <ele>1756.6</ele>
   </trkpt>
   <trkpt lat="46.5380640" lon="11.7714950">
    <ele>1758.1</ele>
   </trkpt>
   <trkpt lat="46.5379190" lon="11.7714650">
    <ele>1759.5</ele>
   </trkpt>
   <trkpt lat="46.5378180" lon="11.7714680">
    <ele>1760.4</ele>
   </trkpt>
   <trkpt lat="46.5377760" lon="11.7714760">
    <ele>1760.7</ele>
   </trkpt>
   <trkpt lat="46.5377250" lon="11.7714830">
    <ele>1761.1</ele>
   </trkpt>
   <trkpt lat="46.5376120" lon="11.7715080">
    <ele>1762.1</ele>
   </trkpt>
   <trkpt lat="46.5374580" lon="11.7715460">
    <ele>1763.4</ele>
   </trkpt>
   <trkpt lat="46.5374060" lon="11.7715580">
    <ele>1763.8</ele>
   </trkpt>
   <trkpt lat="46.5372970" lon="11.7715890">
    <ele>1764.7</ele>
   </trkpt>
   <trkpt lat="46.5371170" lon="11.7716500">
    <ele>1766.4</ele>
   </trkpt>
   <trkpt lat="46.5370170" lon="11.7716720">
    <ele>1767.3</ele>
   </trkpt>
   <trkpt lat="46.5369610" lon="11.7716790">
    <ele>1767.8</ele>
   </trkpt>
   <trkpt lat="46.5369020" lon="11.7716960">
    <ele>1768.3</ele>
   </trkpt>
   <trkpt lat="46.5368290" lon="11.7716800">
    <ele>1768.9</ele>
   </trkpt>
   <trkpt lat="46.5367780" lon="11.7716880">
    <ele>1769.4</ele>
   </trkpt>
   <trkpt lat="46.5366780" lon="11.7717070">
    <ele>1770.3</ele>
   </trkpt>
   <trkpt lat="46.5365260" lon="11.7717030">
    <ele>1771.7</ele>
   </trkpt>
   <trkpt lat="46.5364740" lon="11.7716910">
    <ele>1772.2</ele>
   </trkpt>
   <trkpt lat="46.5364260" lon="11.7716770">
    <ele>1772.6</ele>
   </trkpt>
   <trkpt lat="46.5362800" lon="11.7716200">
    <ele>1774.0</ele>
   </trkpt>
   <trkpt lat="46.5361770" lon="11.7715770">
    <ele>1775.0</ele>
   </trkpt>
   <trkpt lat="46.5361280" lon="11.7715530">
    <ele>1775.5</ele>
   </trkpt>
   <trkpt lat="46.5359080" lon="11.7714690">
    <ele>1777.6</ele>
   </trkpt>
   <trkpt lat="46.5358130" lon="11.7714530">
    <ele>1778.5</ele>
   </trkpt>
   <trkpt lat="46.5357630" lon="11.7714570">
    <ele>1779.0</ele>
   </trkpt>
   <trkpt lat="46.5357160" lon="11.7714690">
    <ele>1779.4</ele>
   </trkpt>
   <trkpt lat="46.5356230" lon="11.7715130">
    <ele>1780.3</ele>
   </trkpt>
   <trkpt lat="46.5354800" lon="11.7716040">
    <ele>1781.5</ele>
   </trkpt>
   <trkpt lat="46.5353450" lon="11.7716810">
    <ele>1782.7</ele>
   </trkpt>
   <trkpt lat="46.5352970" lon="11.7716970">
    <ele>1783.1</ele>
   </trkpt>
   <trkpt lat="46.5352480" lon="11.7717140">
    <ele>1783.6</ele>
   </trkpt>
   <trkpt lat="46.5351550" lon="11.7717620">
    <ele>1784.4</ele>
   </trkpt>
   <trkpt lat="46.5350090" lon="11.7718170">
    <ele>1785.9</ele>
   </trkpt>
   <trkpt lat="46.5349120" lon="11.7718650">
    <ele>1787.0</ele>
   </trkpt>
   <trkpt lat="46.5348360" lon="11.7719440">
    <ele>1787.9</ele>
   </trkpt>
   <trkpt lat="46.5347190" lon="11.7720770">
    <ele>1789.4</ele>
   </trkpt>
   <trkpt lat="46.5346810" lon="11.7721280">
    <ele>1789.9</ele>
   </trkpt>
   <trkpt lat="46.5346080" lon="11.7722310">
    <ele>1790.8</ele>
   </trkpt>
   <trkpt lat="46.5344970" lon="11.7723950">
    <ele>1792.1</ele>
   </trkpt>
   <trkpt lat="46.5344580" lon="11.7724540">
    <ele>1792.2</ele>
   </trkpt>
   <trkpt lat="46.5343810" lon="11.7725770">
    <ele>1792.4</ele>
   </trkpt>
   <trkpt lat="46.5342590" lon="11.7727200">
    <ele>1793.7</ele>
   </trkpt>
   <trkpt lat="46.5341320" lon="11.7727910">
    <ele>1794.9</ele>
   </trkpt>
   <trkpt lat="46.5339840" lon="11.7728450">
    <ele>1796.3</ele>
   </trkpt>
   <trkpt lat="46.5338840" lon="11.7728810">
    <ele>1797.2</ele>
   </trkpt>
   <trkpt lat="46.5337780" lon="11.7729170">
    <ele>1798.2</ele>
   </trkpt>
   <trkpt lat="46.5337290" lon="11.7729400">
    <ele>1798.6</ele>
   </trkpt>
   <trkpt lat="46.5336800" lon="11.7729640">
    <ele>1799.1</ele>
   </trkpt>
   <trkpt lat="46.5335410" lon="11.7730600">
    <ele>1800.4</ele>
   </trkpt>
   <trkpt lat="46.5334500" lon="11.7731340">
    <ele>1801.3</ele>
   </trkpt>
   <trkpt lat="46.5334080" lon="11.7731700">
    <ele>1801.8</ele>
   </trkpt>
   <trkpt lat="46.5333670" lon="11.7732070">
    <ele>1802.2</ele>
   </trkpt>
   <trkpt lat="46.5332340" lon="11.7733270">
    <ele>1803.6</ele>
   </trkpt>
   <trkpt lat="46.5331500" lon="11.7734170">
    <ele>1804.5</ele>
   </trkpt>
   <trkpt lat="46.5331160" lon="11.7734720">
    <ele>1805.0</ele>
   </trkpt>
   <trkpt lat="46.5330380" lon="11.7736670">
    <ele>1806.3</ele>
   </trkpt>
   <trkpt lat="46.5330170" lon="11.7737340">
    <ele>1806.8</ele>
   </trkpt>
   <trkpt lat="46.5329870" lon="11.7738780">
    <ele>1807.7</ele>
   </trkpt>
   <trkpt lat="46.5329780" lon="11.7739560">
    <ele>1808.1</ele>
   </trkpt>
   <trkpt lat="46.5329710" lon="11.7740300">
    <ele>1808.6</ele>
   </trkpt>
   <trkpt lat="46.5329620" lon="11.7741700">
    <ele>1809.4</ele>
   </trkpt>
   <trkpt lat="46.5329570" lon="11.7743810">
    <ele>1810.7</ele>
   </trkpt>
   <trkpt lat="46.5329530" lon="11.7745200">
    <ele>1811.6</ele>
   </trkpt>
   <trkpt lat="46.5329460" lon="11.7745920">
    <ele>1812.1</ele>
   </trkpt>
   <trkpt lat="46.5329280" lon="11.7747330">
    <ele>1813.1</ele>
   </trkpt>
   <trkpt lat="46.5329090" lon="11.7747930">
    <ele>1813.5</ele>
   </trkpt>
   <trkpt lat="46.5328790" lon="11.7748470">
    <ele>1814.0</ele>
   </trkpt>
   <trkpt lat="46.5328140" lon="11.7749350">
    <ele>1814.9</ele>
   </trkpt>
   <trkpt lat="46.5327140" lon="11.7749830">
    <ele>1815.9</ele>
   </trkpt>
   <trkpt lat="46.5326560" lon="11.7749920">
    <ele>1816.5</ele>
   </trkpt>
   <trkpt lat="46.5325380" lon="11.7750160">
    <ele>1817.6</ele>
   </trkpt>
   <trkpt lat="46.5324880" lon="11.7750610">
    <ele>1818.1</ele>
   </trkpt>
   <trkpt lat="46.5324560" lon="11.7751270">
    <ele>1818.6</ele>
   </trkpt>
   <trkpt lat="46.5324540" lon="11.7752030">
    <ele>1819.0</ele>
   </trkpt>
   <trkpt lat="46.5324790" lon="11.7752630">
    <ele>1819.4</ele>
   </trkpt>
   <trkpt lat="46.5325260" lon="11.7752890">
    <ele>1819.7</ele>
   </trkpt>
   <trkpt lat="46.5325790" lon="11.7752890">
    <ele>1820.0</ele>
   </trkpt>
   <trkpt lat="46.5326330" lon="11.7752820">
    <ele>1820.4</ele>
   </trkpt>
   <trkpt lat="46.5326850" lon="11.7752640">
    <ele>1820.7</ele>
   </trkpt>
   <trkpt lat="46.5327410" lon="11.7752440">
    <ele>1821.1</ele>
   </trkpt>
   <trkpt lat="46.5327940" lon="11.7752110">
    <ele>1821.5</ele>
   </trkpt>
   <trkpt lat="46.5328820" lon="11.7750850">
    <ele>1822.3</ele>
   </trkpt>
   <trkpt lat="46.5329740" lon="11.7749050">
    <ele>1823.5</ele>
   </trkpt>
   <trkpt lat="46.5331010" lon="11.7747340">
    <ele>1825.0</ele>
   </trkpt>
   <trkpt lat="46.5331880" lon="11.7746440">
    <ele>1826.0</ele>
   </trkpt>
   <trkpt lat="46.5332370" lon="11.7746080">
    <ele>1826.5</ele>
   </trkpt>
   <trkpt lat="46.5332860" lon="11.7745760">
    <ele>1827.0</ele>
   </trkpt>
   <trkpt lat="46.5333400" lon="11.7745670">
    <ele>1827.4</ele>
   </trkpt>
   <trkpt lat="46.5334400" lon="11.7746080">
    <ele>1828.3</ele>
   </trkpt>
   <trkpt lat="46.5335500" lon="11.7747680">
    <ele>1829.6</ele>
   </trkpt>
   <trkpt lat="46.5335900" lon="11.7748220">
    <ele>1830.1</ele>
   </trkpt>
   <trkpt lat="46.5336310" lon="11.7748800">
    <ele>1830.6</ele>
   </trkpt>
   <trkpt lat="46.5336700" lon="11.7749320">
    <ele>1831.1</ele>
   </trkpt>
   <trkpt lat="46.5337110" lon="11.7749780">
    <ele>1831.6</ele>
   </trkpt>
   <trkpt lat="46.5337650" lon="11.7750170">
    <ele>1832.2</ele>
   </trkpt>
   <trkpt lat="46.5338740" lon="11.7750520">
    <ele>1833.2</ele>
   </trkpt>
   <trkpt lat="46.5339370" lon="11.7750460">
    <ele>1833.8</ele>
   </trkpt>
   <trkpt lat="46.5339920" lon="11.7750140">
    <ele>1834.3</ele>
   </trkpt>
   <trkpt lat="46.5340380" lon="11.7749700">
    <ele>1834.8</ele>
   </trkpt>
   <trkpt lat="46.5340790" lon="11.7749110">
    <ele>1835.3</ele>
   </trkpt>
   <trkpt lat="46.5341560" lon="11.7747960">
    <ele>1836.2</ele>
   </trkpt>
   <trkpt lat="46.5342540" lon="11.7748000">
    <ele>1836.3</ele>
   </trkpt>
   <trkpt lat="46.5342950" lon="11.7748520">
    <ele>1836.4</ele>
   </trkpt>
   <trkpt lat="46.5343090" lon="11.7749140">
    <ele>1836.5</ele>
   </trkpt>
   <trkpt lat="46.5342750" lon="11.7750320">
    <ele>1837.3</ele>
   </trkpt>
   <trkpt lat="46.5342380" lon="11.7750900">
    <ele>1837.7</ele>
   </trkpt>
   <trkpt lat="46.5341410" lon="11.7751940">
    <ele>1838.7</ele>
   </trkpt>
   <trkpt lat="46.5340370" lon="11.7752480">
    <ele>1839.7</ele>
   </trkpt>
   <trkpt lat="46.5339820" lon="11.7752660">
    <ele>1840.2</ele>
   </trkpt>
   <trkpt lat="46.5339250" lon="11.7752790">
    <ele>1840.7</ele>
   </trkpt>
   <trkpt lat="46.5338670" lon="11.7752850">
    <ele>1841.2</ele>
   </trkpt>
   <trkpt lat="46.5337560" lon="11.7752720">
    <ele>1842.1</ele>
   </trkpt>
   <trkpt lat="46.5337040" lon="11.7752460">
    <ele>1842.6</ele>
   </trkpt>
   <trkpt lat="46.5335920" lon="11.7751960">
    <ele>1843.6</ele>
   </trkpt>
   <trkpt lat="46.5335400" lon="11.7751750">
    <ele>1844.1</ele>
   </trkpt>
   <trkpt lat="46.5334970" lon="11.7751500">
    <ele>1844.5</ele>
   </trkpt>
   <trkpt lat="46.5334460" lon="11.7751470">
    <ele>1845.0</ele>
   </trkpt>
   <trkpt lat="46.5333980" lon="11.7751580">
    <ele>1845.5</ele>
   </trkpt>
   <trkpt lat="46.5333700" lon="11.7751650">
    <ele>1845.8</ele>
   </trkpt>
   <trkpt lat="46.5333150" lon="11.7751790">
    <ele>1846.3</ele>
   </trkpt>
   <trkpt lat="46.5332350" lon="11.7752430">
    <ele>1847.1</ele>
   </trkpt>
   <trkpt lat="46.5331350" lon="11.7753920">
    <ele>1848.2</ele>
   </trkpt>
   <trkpt lat="46.5331010" lon="11.7754620">
    <ele>1848.6</ele>
   </trkpt>
   <trkpt lat="46.5329480" lon="11.7757270">
    <ele>1850.4</ele>
   </trkpt>
   <trkpt lat="46.5328760" lon="11.7758580">
    <ele>1851.3</ele>
   </trkpt>
   <trkpt lat="46.5328380" lon="11.7759330">
    <ele>1851.9</ele>
   </trkpt>
   <trkpt lat="46.5328230" lon="11.7759630">
    <ele>1852.1</ele>
   </trkpt>
   <trkpt lat="46.5327560" lon="11.7761390">
    <ele>1853.2</ele>
   </trkpt>
   <trkpt lat="46.5327440" lon="11.7761970">
    <ele>1853.5</ele>
   </trkpt>
   <trkpt lat="46.5327330" lon="11.7762630">
    <ele>1853.9</ele>
   </trkpt>
   <trkpt lat="46.5327240" lon="11.7764160">
    <ele>1854.6</ele>
   </trkpt>
   <trkpt lat="46.5327240" lon="11.7764960">
    <ele>1855.0</ele>
   </trkpt>
   <trkpt lat="46.5327100" lon="11.7767350">
    <ele>1856.1</ele>
   </trkpt>
   <trkpt lat="46.5326560" lon="11.7769570">
    <ele>1857.3</ele>
   </trkpt>
   <trkpt lat="46.5326210" lon="11.7771040">
    <ele>1858.0</ele>
   </trkpt>
   <trkpt lat="46.5326000" lon="11.7771740">
    <ele>1858.4</ele>
   </trkpt>
   <trkpt lat="46.5325700" lon="11.7772410">
    <ele>1858.8</ele>
   </trkpt>
   <trkpt lat="46.5324810" lon="11.7774310">
    <ele>1860.1</ele>
   </trkpt>
   <trkpt lat="46.5324150" lon="11.7775370">
    <ele>1861.0</ele>
   </trkpt>
   <trkpt lat="46.5323810" lon="11.7775850">
    <ele>1861.4</ele>
   </trkpt>
   <trkpt lat="46.5323470" lon="11.7776410">
    <ele>1861.9</ele>
   </trkpt>
   <trkpt lat="46.5322880" lon="11.7777750">
    <ele>1862.9</ele>
   </trkpt>
   <trkpt lat="46.5322610" lon="11.7778490">
    <ele>1863.4</ele>
   </trkpt>
   <trkpt lat="46.5322250" lon="11.7780040">
    <ele>1864.4</ele>
   </trkpt>
   <trkpt lat="46.5322250" lon="11.7780740">
    <ele>1864.8</ele>
   </trkpt>
   <trkpt lat="46.5322370" lon="11.7781400">
    <ele>1865.2</ele>
   </trkpt>
   <trkpt lat="46.5322560" lon="11.7782560">
    <ele>1865.9</ele>
   </trkpt>
   <trkpt lat="46.5322770" lon="11.7783060">
    <ele>1866.3</ele>
   </trkpt>
   <trkpt lat="46.5323170" lon="11.7784100">
    <ele>1867.0</ele>
   </trkpt>
   <trkpt lat="46.5323450" lon="11.7784970">
    <ele>1867.5</ele>
   </trkpt>
   <trkpt lat="46.5323520" lon="11.7785390">
    <ele>1867.7</ele>
   </trkpt>
   <trkpt lat="46.5323680" lon="11.7786610">
    <ele>1868.4</ele>
   </trkpt>
   <trkpt lat="46.5323670" lon="11.7788250">
    <ele>1869.4</ele>
   </trkpt>
   <trkpt lat="46.5323540" lon="11.7788640">
    <ele>1869.7</ele>
   </trkpt>
   <trkpt lat="46.5322680" lon="11.7790850">
    <ele>1871.8</ele>
   </trkpt>
   <trkpt lat="46.5322570" lon="11.7793850">
    <ele>1873.9</ele>
   </trkpt>
   <trkpt lat="46.5322480" lon="11.7794570">
    <ele>1874.0</ele>
   </trkpt>
   <trkpt lat="46.5322270" lon="11.7796050">
    <ele>1874.1</ele>
   </trkpt>
   <trkpt lat="46.5322140" lon="11.7796790">
    <ele>1874.3</ele>
   </trkpt>
   <trkpt lat="46.5322220" lon="11.7798330">
    <ele>1874.7</ele>
   </trkpt>
   <trkpt lat="46.5322320" lon="11.7798830">
    <ele>1874.9</ele>
   </trkpt>
   <trkpt lat="46.5322810" lon="11.7801000">
    <ele>1875.8</ele>
   </trkpt>
   <trkpt lat="46.5322780" lon="11.7801450">
    <ele>1876.0</ele>
   </trkpt>
   <trkpt lat="46.5322510" lon="11.7802230">
    <ele>1876.3</ele>
   </trkpt>
   <trkpt lat="46.5321730" lon="11.7803370">
    <ele>1877.5</ele>
   </trkpt>
   <trkpt lat="46.5321390" lon="11.7803770">
    <ele>1878.0</ele>
   </trkpt>
   <trkpt lat="46.5320690" lon="11.7804550">
    <ele>1878.9</ele>
   </trkpt>
   <trkpt lat="46.5320420" lon="11.7805040">
    <ele>1879.3</ele>
   </trkpt>
   <trkpt lat="46.5319820" lon="11.7806160">
    <ele>1880.2</ele>
   </trkpt>
   <trkpt lat="46.5319060" lon="11.7808110">
    <ele>1881.6</ele>
   </trkpt>
   <trkpt lat="46.5318880" lon="11.7808800">
    <ele>1882.1</ele>
   </trkpt>
   <trkpt lat="46.5318730" lon="11.7809500">
    <ele>1882.5</ele>
   </trkpt>
   <trkpt lat="46.5318540" lon="11.7810890">
    <ele>1883.3</ele>
   </trkpt>
   <trkpt lat="46.5318530" lon="11.7812290">
    <ele>1884.1</ele>
   </trkpt>
   <trkpt lat="46.5318590" lon="11.7813040">
    <ele>1884.5</ele>
   </trkpt>
   <trkpt lat="46.5318860" lon="11.7815300">
    <ele>1885.9</ele>
   </trkpt>
   <trkpt lat="46.5319220" lon="11.7817750">
    <ele>1887.3</ele>
   </trkpt>
   <trkpt lat="46.5319480" lon="11.7819240">
    <ele>1888.3</ele>
   </trkpt>
   <trkpt lat="46.5319550" lon="11.7819820">
    <ele>1888.6</ele>
   </trkpt>
   <trkpt lat="46.5319590" lon="11.7821190">
    <ele>1889.5</ele>
   </trkpt>
   <trkpt lat="46.5319520" lon="11.7821800">
    <ele>1889.9</ele>
   </trkpt>
   <trkpt lat="46.5319430" lon="11.7822450">
    <ele>1890.3</ele>
   </trkpt>
   <trkpt lat="46.5319180" lon="11.7823720">
    <ele>1891.7</ele>
   </trkpt>
   <trkpt lat="46.5318980" lon="11.7824450">
    <ele>1892.4</ele>
   </trkpt>
   <trkpt lat="46.5318830" lon="11.7825170">
    <ele>1893.1</ele>
   </trkpt>
   <trkpt lat="46.5318660" lon="11.7825770">
    <ele>1893.8</ele>
   </trkpt>
   <trkpt lat="46.5317910" lon="11.7826990">
    <ele>1895.3</ele>
   </trkpt>
   <trkpt lat="46.5317460" lon="11.7827340">
    <ele>1895.9</ele>
   </trkpt>
   <trkpt lat="46.5316660" lon="11.7827840">
    <ele>1897.1</ele>
   </trkpt>
   <trkpt lat="46.5315560" lon="11.7828270">
    <ele>1898.6</ele>
   </trkpt>
   <trkpt lat="46.5314500" lon="11.7828750">
    <ele>1900.1</ele>
   </trkpt>
   <trkpt lat="46.5313700" lon="11.7829130">
    <ele>1901.3</ele>
   </trkpt>
   <trkpt lat="46.5313250" lon="11.7829480">
    <ele>1902.0</ele>
   </trkpt>
   <trkpt lat="46.5312930" lon="11.7829910">
    <ele>1902.6</ele>
   </trkpt>
   <trkpt lat="46.5312680" lon="11.7830300">
    <ele>1903.0</ele>
   </trkpt>
   <trkpt lat="46.5312070" lon="11.7831460">
    <ele>1903.3</ele>
   </trkpt>
   <trkpt lat="46.5311400" lon="11.7832600">
    <ele>1903.8</ele>
   </trkpt>
   <trkpt lat="46.5311170" lon="11.7833010">
    <ele>1904.0</ele>
   </trkpt>
   <trkpt lat="46.5310870" lon="11.7833550">
    <ele>1904.2</ele>
   </trkpt>
   <trkpt lat="46.5310540" lon="11.7834080">
    <ele>1904.3</ele>
   </trkpt>
   <trkpt lat="46.5309630" lon="11.7834780">
    <ele>1904.6</ele>
   </trkpt>
   <trkpt lat="46.5308540" lon="11.7834880">
    <ele>1904.8</ele>
   </trkpt>
   <trkpt lat="46.5307900" lon="11.7834700">
    <ele>1905.5</ele>
   </trkpt>
   <trkpt lat="46.5307340" lon="11.7834480">
    <ele>1906.0</ele>
   </trkpt>
   <trkpt lat="46.5306410" lon="11.7833870">
    <ele>1906.8</ele>
   </trkpt>
   <trkpt lat="46.5305020" lon="11.7833010">
    <ele>1908.1</ele>
   </trkpt>
   <trkpt lat="46.5304120" lon="11.7832360">
    <ele>1908.9</ele>
   </trkpt>
   <trkpt lat="46.5303700" lon="11.7832000">
    <ele>1909.3</ele>
   </trkpt>
   <trkpt lat="46.5303300" lon="11.7831530">
    <ele>1909.7</ele>
   </trkpt>
   <trkpt lat="46.5302970" lon="11.7830960">
    <ele>1910.1</ele>
   </trkpt>
   <trkpt lat="46.5302720" lon="11.7830410">
    <ele>1910.4</ele>
   </trkpt>
   <trkpt lat="46.5301950" lon="11.7828360">
    <ele>1911.6</ele>
   </trkpt>
   <trkpt lat="46.5301450" lon="11.7827140">
    <ele>1912.3</ele>
   </trkpt>
   <trkpt lat="46.5300950" lon="11.7825840">
    <ele>1913.1</ele>
   </trkpt>
   <trkpt lat="46.5300640" lon="11.7825200">
    <ele>1913.6</ele>
   </trkpt>
   <trkpt lat="46.5300160" lon="11.7824100">
    <ele>1914.3</ele>
   </trkpt>
   <trkpt lat="46.5299310" lon="11.7822230">
    <ele>1915.8</ele>
   </trkpt>
   <trkpt lat="46.5298800" lon="11.7821280">
    <ele>1916.7</ele>
   </trkpt>
   <trkpt lat="46.5298530" lon="11.7820790">
    <ele>1917.1</ele>
   </trkpt>
   <trkpt lat="46.5298200" lon="11.7820040">
    <ele>1917.7</ele>
   </trkpt>
   <trkpt lat="46.5297610" lon="11.7818670">
    <ele>1918.7</ele>
   </trkpt>
   <trkpt lat="46.5296880" lon="11.7817080">
    <ele>1919.9</ele>
   </trkpt>
   <trkpt lat="46.5296660" lon="11.7816360">
    <ele>1920.4</ele>
   </trkpt>
   <trkpt lat="46.5296540" lon="11.7815780">
    <ele>1920.7</ele>
   </trkpt>
   <trkpt lat="46.5296390" lon="11.7815180">
    <ele>1921.1</ele>
   </trkpt>
   <trkpt lat="46.5296200" lon="11.7813910">
    <ele>1921.9</ele>
   </trkpt>
   <trkpt lat="46.5296120" lon="11.7812320">
    <ele>1922.8</ele>
   </trkpt>
   <trkpt lat="46.5296020" lon="11.7811690">
    <ele>1923.2</ele>
   </trkpt>
   <trkpt lat="46.5295910" lon="11.7810670">
    <ele>1923.8</ele>
   </trkpt>
   <trkpt lat="46.5295810" lon="11.7809850">
    <ele>1924.3</ele>
   </trkpt>
   <trkpt lat="46.5295730" lon="11.7808220">
    <ele>1925.3</ele>
   </trkpt>
   <trkpt lat="46.5295720" lon="11.7805640">
    <ele>1926.9</ele>
   </trkpt>
   <trkpt lat="46.5295810" lon="11.7803360">
    <ele>1928.3</ele>
   </trkpt>
   <trkpt lat="46.5295820" lon="11.7801540">
    <ele>1929.4</ele>
   </trkpt>
   <trkpt lat="46.5295760" lon="11.7800850">
    <ele>1929.8</ele>
   </trkpt>
   <trkpt lat="46.5295610" lon="11.7800140">
    <ele>1930.2</ele>
   </trkpt>
   <trkpt lat="46.5295380" lon="11.7799470">
    <ele>1930.6</ele>
   </trkpt>
   <trkpt lat="46.5295080" lon="11.7798990">
    <ele>1930.8</ele>
   </trkpt>
   <trkpt lat="46.5294460" lon="11.7798480">
    <ele>1931.2</ele>
   </trkpt>
   <trkpt lat="46.5293960" lon="11.7798210">
    <ele>1931.4</ele>
   </trkpt>
   <trkpt lat="46.5293330" lon="11.7797940">
    <ele>1931.6</ele>
   </trkpt>
   <trkpt lat="46.5292800" lon="11.7797700">
    <ele>1931.8</ele>
   </trkpt>
   <trkpt lat="46.5292360" lon="11.7797590">
    <ele>1932.0</ele>
   </trkpt>
   <trkpt lat="46.5291790" lon="11.7797510">
    <ele>1932.1</ele>
   </trkpt>
   <trkpt lat="46.5290310" lon="11.7797300">
    <ele>1932.6</ele>
   </trkpt>
   <trkpt lat="46.5289620" lon="11.7797280">
    <ele>1932.7</ele>
   </trkpt>
   <trkpt lat="46.5288940" lon="11.7797440">
    <ele>1932.8</ele>
   </trkpt>
   <trkpt lat="46.5288350" lon="11.7797630">
    <ele>1933.0</ele>
   </trkpt>
   <trkpt lat="46.5286530" lon="11.7797880">
    <ele>1933.3</ele>
   </trkpt>
   <trkpt lat="46.5285350" lon="11.7797800">
    <ele>1933.5</ele>
   </trkpt>
   <trkpt lat="46.5283480" lon="11.7797540">
    <ele>1933.9</ele>
   </trkpt>
   <trkpt lat="46.5282140" lon="11.7797450">
    <ele>1934.1</ele>
   </trkpt>
   <trkpt lat="46.5280860" lon="11.7797680">
    <ele>1934.4</ele>
   </trkpt>
   <trkpt lat="46.5279020" lon="11.7798340">
    <ele>1934.8</ele>
   </trkpt>
   <trkpt lat="46.5277860" lon="11.7799040">
    <ele>1935.2</ele>
   </trkpt>
   <trkpt lat="46.5277330" lon="11.7799430">
    <ele>1935.4</ele>
   </trkpt>
   <trkpt lat="46.5276750" lon="11.7799790">
    <ele>1935.7</ele>
   </trkpt>
   <trkpt lat="46.5275600" lon="11.7800530">
    <ele>1936.1</ele>
   </trkpt>
   <trkpt lat="46.5273860" lon="11.7801310">
    <ele>1936.8</ele>
   </trkpt>
   <trkpt lat="46.5272640" lon="11.7801060">
    <ele>1937.0</ele>
   </trkpt>
   <trkpt lat="46.5272060" lon="11.7800590">
    <ele>1937.1</ele>
   </trkpt>
   <trkpt lat="46.5271510" lon="11.7799990">
    <ele>1937.3</ele>
   </trkpt>
   <trkpt lat="46.5270600" lon="11.7798930">
    <ele>1937.6</ele>
   </trkpt>
   <trkpt lat="46.5269740" lon="11.7797660">
    <ele>1938.0</ele>
   </trkpt>
   <trkpt lat="46.5269220" lon="11.7797090">
    <ele>1938.2</ele>
   </trkpt>
   <trkpt lat="46.5265930" lon="11.7794430">
    <ele>1939.2</ele>
   </trkpt>
   <trkpt lat="46.5265410" lon="11.7793980">
    <ele>1939.2</ele>
   </trkpt>
   <trkpt lat="46.5262160" lon="11.7791500">
    <ele>1940.4</ele>
   </trkpt>
   <trkpt lat="46.5258850" lon="11.7789190">
    <ele>1941.6</ele>
   </trkpt>
   <trkpt lat="46.5256660" lon="11.7787740">
    <ele>1942.4</ele>
   </trkpt>
   <trkpt lat="46.5255450" lon="11.7787600">
    <ele>1942.9</ele>
   </trkpt>
   <trkpt lat="46.5253620" lon="11.7788280">
    <ele>1943.4</ele>
   </trkpt>
   <trkpt lat="46.5253080" lon="11.7788660">
    <ele>1943.5</ele>
   </trkpt>
   <trkpt lat="46.5250920" lon="11.7790280">
    <ele>1944.0</ele>
   </trkpt>
   <trkpt lat="46.5250360" lon="11.7790510">
    <ele>1944.2</ele>
   </trkpt>
   <trkpt lat="46.5249780" lon="11.7790610">
    <ele>1944.5</ele>
   </trkpt>
   <trkpt lat="46.5248600" lon="11.7790250">
    <ele>1945.2</ele>
   </trkpt>
   <trkpt lat="46.5247670" lon="11.7789110">
    <ele>1946.1</ele>
   </trkpt>
   <trkpt lat="46.5246850" lon="11.7787860">
    <ele>1947.2</ele>
   </trkpt>
   <trkpt lat="46.5245350" lon="11.7785480">
    <ele>1949.4</ele>
   </trkpt>
   <trkpt lat="46.5244900" lon="11.7785070">
    <ele>1949.4</ele>
   </trkpt>
   <trkpt lat="46.5244340" lon="11.7784740">
    <ele>1949.0</ele>
   </trkpt>
   <trkpt lat="46.5243830" lon="11.7784480">
    <ele>1949.5</ele>
   </trkpt>
   <trkpt lat="46.5242750" lon="11.7784090">
    <ele>1950.4</ele>
   </trkpt>
   <trkpt lat="46.5241680" lon="11.7783930">
    <ele>1951.3</ele>
   </trkpt>
   <trkpt lat="46.5240600" lon="11.7783880">
    <ele>1952.2</ele>
   </trkpt>
   <trkpt lat="46.5239530" lon="11.7783870">
    <ele>1953.1</ele>
   </trkpt>
   <trkpt lat="46.5238460" lon="11.7783840">
    <ele>1954.0</ele>
   </trkpt>
   <trkpt lat="46.5236840" lon="11.7783740">
    <ele>1955.3</ele>
   </trkpt>
   <trkpt lat="46.5235190" lon="11.7783800">
    <ele>1956.7</ele>
   </trkpt>
   <trkpt lat="46.5234550" lon="11.7783810">
    <ele>1957.3</ele>
   </trkpt>
   <trkpt lat="46.5234120" lon="11.7783780">
    <ele>1957.6</ele>
   </trkpt>
   <trkpt lat="46.5233050" lon="11.7783780">
    <ele>1958.6</ele>
   </trkpt>
   <trkpt lat="46.5231990" lon="11.7783800">
    <ele>1959.6</ele>
   </trkpt>
   <trkpt lat="46.5231470" lon="11.7783780">
    <ele>1960.0</ele>
   </trkpt>
   <trkpt lat="46.5230930" lon="11.7783740">
    <ele>1960.5</ele>
   </trkpt>
   <trkpt lat="46.5228740" lon="11.7783560">
    <ele>1962.5</ele>
   </trkpt>
   <trkpt lat="46.5227180" lon="11.7783560">
    <ele>1963.9</ele>
   </trkpt>
   <trkpt lat="46.5226160" lon="11.7783520">
    <ele>1965.0</ele>
   </trkpt>
   <trkpt lat="46.5224560" lon="11.7783470">
    <ele>1967.1</ele>
   </trkpt>
   <trkpt lat="46.5223010" lon="11.7783380">
    <ele>1969.2</ele>
   </trkpt>
   <trkpt lat="46.5222510" lon="11.7783280">
    <ele>1969.8</ele>
   </trkpt>
   <trkpt lat="46.5221570" lon="11.7782710">
    <ele>1971.1</ele>
   </trkpt>
   <trkpt lat="46.5221220" lon="11.7782120">
    <ele>1971.8</ele>
   </trkpt>
   <trkpt lat="46.5220810" lon="11.7780760">
    <ele>1973.0</ele>
   </trkpt>
   <trkpt lat="46.5220680" lon="11.7779200">
    <ele>1974.3</ele>
   </trkpt>
   <trkpt lat="46.5220600" lon="11.7778400">
    <ele>1975.0</ele>
   </trkpt>
   <trkpt lat="46.5220140" lon="11.7777010">
    <ele>1976.2</ele>
   </trkpt>
   <trkpt lat="46.5219830" lon="11.7776350">
    <ele>1976.8</ele>
   </trkpt>
   <trkpt lat="46.5218690" lon="11.7774540">
    <ele>1977.3</ele>
   </trkpt>
   <trkpt lat="46.5217920" lon="11.7773530">
    <ele>1977.5</ele>
   </trkpt>
   <trkpt lat="46.5217480" lon="11.7772880">
    <ele>1977.6</ele>
   </trkpt>
   <trkpt lat="46.5217180" lon="11.7772460">
    <ele>1977.6</ele>
   </trkpt>
   <trkpt lat="46.5216760" lon="11.7771780">
    <ele>1977.8</ele>
   </trkpt>
   <trkpt lat="46.5216500" lon="11.7771300">
    <ele>1978.2</ele>
   </trkpt>
   <trkpt lat="46.5216290" lon="11.7770660">
    <ele>1978.6</ele>
   </trkpt>
   <trkpt lat="46.5216170" lon="11.7769920">
    <ele>1979.0</ele>
   </trkpt>
   <trkpt lat="46.5216150" lon="11.7769180">
    <ele>1979.5</ele>
   </trkpt>
   <trkpt lat="46.5216540" lon="11.7767850">
    <ele>1980.5</ele>
   </trkpt>
   <trkpt lat="46.5217540" lon="11.7766050">
    <ele>1982.0</ele>
   </trkpt>
   <trkpt lat="46.5218660" lon="11.7764450">
    <ele>1983.4</ele>
   </trkpt>
   <trkpt lat="46.5219020" lon="11.7763880">
    <ele>1983.8</ele>
   </trkpt>
   <trkpt lat="46.5219730" lon="11.7762600">
    <ele>1984.8</ele>
   </trkpt>
   <trkpt lat="46.5220400" lon="11.7761260">
    <ele>1985.8</ele>
   </trkpt>
   <trkpt lat="46.5220930" lon="11.7759960">
    <ele>1986.8</ele>
   </trkpt>
   <trkpt lat="46.5221500" lon="11.7758640">
    <ele>1987.8</ele>
   </trkpt>
   <trkpt lat="46.5222100" lon="11.7757390">
    <ele>1988.8</ele>
   </trkpt>
   <trkpt lat="46.5222640" lon="11.7756080">
    <ele>1989.8</ele>
   </trkpt>
   <trkpt lat="46.5223210" lon="11.7754790">
    <ele>1990.8</ele>
   </trkpt>
   <trkpt lat="46.5223450" lon="11.7754120">
    <ele>1991.3</ele>
   </trkpt>
   <trkpt lat="46.5223850" lon="11.7753380">
    <ele>1991.9</ele>
   </trkpt>
   <trkpt lat="46.5224070" lon="11.7752650">
    <ele>1992.4</ele>
   </trkpt>
   <trkpt lat="46.5224180" lon="11.7751910">
    <ele>1992.9</ele>
   </trkpt>
   <trkpt lat="46.5224200" lon="11.7751150">
    <ele>1993.3</ele>
   </trkpt>
   <trkpt lat="46.5224190" lon="11.7750360">
    <ele>1993.8</ele>
   </trkpt>
   <trkpt lat="46.5224120" lon="11.7748770">
    <ele>1994.8</ele>
   </trkpt>
   <trkpt lat="46.5224140" lon="11.7747980">
    <ele>1995.3</ele>
   </trkpt>
   <trkpt lat="46.5224200" lon="11.7747210">
    <ele>1995.7</ele>
   </trkpt>
   <trkpt lat="46.5224340" lon="11.7746500">
    <ele>1996.2</ele>
   </trkpt>
   <trkpt lat="46.5224610" lon="11.7745910">
    <ele>1996.7</ele>
   </trkpt>
   <trkpt lat="46.5224900" lon="11.7745380">
    <ele>1997.2</ele>
   </trkpt>
   <trkpt lat="46.5225250" lon="11.7744840">
    <ele>1997.7</ele>
   </trkpt>
   <trkpt lat="46.5226460" lon="11.7743070">
    <ele>1999.4</ele>
   </trkpt>
   <trkpt lat="46.5226860" lon="11.7741750">
    <ele>2000.4</ele>
   </trkpt>
   <trkpt lat="46.5226950" lon="11.7740240">
    <ele>2001.4</ele>
   </trkpt>
   <trkpt lat="46.5226760" lon="11.7738740">
    <ele>2002.3</ele>
   </trkpt>
   <trkpt lat="46.5226200" lon="11.7737460">
    <ele>2003.2</ele>
   </trkpt>
   <trkpt lat="46.5225590" lon="11.7736300">
    <ele>2004.1</ele>
   </trkpt>
   <trkpt lat="46.5224920" lon="11.7735140">
    <ele>2005.0</ele>
   </trkpt>
   <trkpt lat="46.5224590" lon="11.7734470">
    <ele>2005.5</ele>
   </trkpt>
   <trkpt lat="46.5224040" lon="11.7733060">
    <ele>2006.5</ele>
   </trkpt>
   <trkpt lat="46.5223620" lon="11.7731690">
    <ele>2007.4</ele>
   </trkpt>
   <trkpt lat="46.5223400" lon="11.7730980">
    <ele>2007.8</ele>
   </trkpt>
   <trkpt lat="46.5222980" lon="11.7728890">
    <ele>2009.2</ele>
   </trkpt>
   <trkpt lat="46.5222850" lon="11.7728140">
    <ele>2009.7</ele>
   </trkpt>
   <trkpt lat="46.5222540" lon="11.7726650">
    <ele>2010.6</ele>
   </trkpt>
   <trkpt lat="46.5222250" lon="11.7724420">
    <ele>2011.9</ele>
   </trkpt>
   <trkpt lat="46.5222070" lon="11.7722950">
    <ele>2012.8</ele>
   </trkpt>
   <trkpt lat="46.5222090" lon="11.7722190">
    <ele>2013.3</ele>
   </trkpt>
   <trkpt lat="46.5222170" lon="11.7721450">
    <ele>2013.8</ele>
   </trkpt>
   <trkpt lat="46.5222550" lon="11.7720110">
    <ele>2014.9</ele>
   </trkpt>
   <trkpt lat="46.5223110" lon="11.7718820">
    <ele>2016.0</ele>
   </trkpt>
   <trkpt lat="46.5223330" lon="11.7718130">
    <ele>2016.5</ele>
   </trkpt>
   <trkpt lat="46.5223510" lon="11.7717440">
    <ele>2017.1</ele>
   </trkpt>
   <trkpt lat="46.5223640" lon="11.7716740">
    <ele>2017.6</ele>
   </trkpt>
   <trkpt lat="46.5223660" lon="11.7716010">
    <ele>2018.1</ele>
   </trkpt>
   <trkpt lat="46.5223330" lon="11.7714540">
    <ele>2019.0</ele>
   </trkpt>
   <trkpt lat="46.5222990" lon="11.7713900">
    <ele>2019.4</ele>
   </trkpt>
   <trkpt lat="46.5222570" lon="11.7713410">
    <ele>2019.9</ele>
   </trkpt>
   <trkpt lat="46.5222100" lon="11.7713010">
    <ele>2020.2</ele>
   </trkpt>
   <trkpt lat="46.5221600" lon="11.7712710">
    <ele>2020.6</ele>
   </trkpt>
   <trkpt lat="46.5221070" lon="11.7712480">
    <ele>2021.0</ele>
   </trkpt>
   <trkpt lat="46.5219990" lon="11.7712030">
    <ele>2021.8</ele>
   </trkpt>
   <trkpt lat="46.5219410" lon="11.7711800">
    <ele>2022.2</ele>
   </trkpt>
   <trkpt lat="46.5218350" lon="11.7711440">
    <ele>2023.0</ele>
   </trkpt>
   <trkpt lat="46.5216760" lon="11.7710870">
    <ele>2024.3</ele>
   </trkpt>
   <trkpt lat="46.5215120" lon="11.7710400">
    <ele>2025.6</ele>
   </trkpt>
   <trkpt lat="46.5213580" lon="11.7709870">
    <ele>2026.9</ele>
   </trkpt>
   <trkpt lat="46.5211490" lon="11.7709190">
    <ele>2028.9</ele>
   </trkpt>
   <trkpt lat="46.5209970" lon="11.7708640">
    <ele>2030.3</ele>
   </trkpt>
   <trkpt lat="46.5208910" lon="11.7708070">
    <ele>2031.2</ele>
   </trkpt>
   <trkpt lat="46.5207990" lon="11.7707330">
    <ele>2032.1</ele>
   </trkpt>
   <trkpt lat="46.5207540" lon="11.7706920">
    <ele>2032.6</ele>
   </trkpt>
   <trkpt lat="46.5206660" lon="11.7706160">
    <ele>2033.5</ele>
   </trkpt>
   <trkpt lat="46.5205310" lon="11.7704950">
    <ele>2034.9</ele>
   </trkpt>
   <trkpt lat="46.5204450" lon="11.7704140">
    <ele>2035.8</ele>
   </trkpt>
   <trkpt lat="46.5203470" lon="11.7703540">
    <ele>2036.7</ele>
   </trkpt>
   <trkpt lat="46.5202960" lon="11.7703320">
    <ele>2037.2</ele>
   </trkpt>
   <trkpt lat="46.5201470" lon="11.7702860">
    <ele>2038.4</ele>
   </trkpt>
   <trkpt lat="46.5199970" lon="11.7702390">
    <ele>2039.7</ele>
   </trkpt>
   <trkpt lat="46.5198990" lon="11.7702120">
    <ele>2040.5</ele>
   </trkpt>
   <trkpt lat="46.5197500" lon="11.7701730">
    <ele>2041.7</ele>
   </trkpt>
   <trkpt lat="46.5195990" lon="11.7701320">
    <ele>2043.0</ele>
   </trkpt>
   <trkpt lat="46.5195030" lon="11.7701010">
    <ele>2043.8</ele>
   </trkpt>
   <trkpt lat="46.5194550" lon="11.7700830">
    <ele>2044.3</ele>
   </trkpt>
   <trkpt lat="46.5193070" lon="11.7700430">
    <ele>2045.5</ele>
   </trkpt>
   <trkpt lat="46.5191550" lon="11.7700020">
    <ele>2046.8</ele>
   </trkpt>
   <trkpt lat="46.5191030" lon="11.7699900">
    <ele>2047.3</ele>
   </trkpt>
   <trkpt lat="46.5189970" lon="11.7699660">
    <ele>2048.1</ele>
   </trkpt>
   <trkpt lat="46.5188030" lon="11.7698980">
    <ele>2049.8</ele>
   </trkpt>
   <trkpt lat="46.5186530" lon="11.7698530">
    <ele>2051.1</ele>
   </trkpt>
   <trkpt lat="46.5184990" lon="11.7697920">
    <ele>2052.5</ele>
   </trkpt>
   <trkpt lat="46.5183420" lon="11.7697330">
    <ele>2053.9</ele>
   </trkpt>
   <trkpt lat="46.5182390" lon="11.7697020">
    <ele>2054.8</ele>
   </trkpt>
   <trkpt lat="46.5181850" lon="11.7696890">
    <ele>2055.3</ele>
   </trkpt>
   <trkpt lat="46.5180800" lon="11.7696560">
    <ele>2056.2</ele>
   </trkpt>
   <trkpt lat="46.5179250" lon="11.7695950">
    <ele>2057.6</ele>
   </trkpt>
   <trkpt lat="46.5177670" lon="11.7695410">
    <ele>2059.1</ele>
   </trkpt>
   <trkpt lat="46.5176570" lon="11.7694970">
    <ele>2060.1</ele>
   </trkpt>
   <trkpt lat="46.5176060" lon="11.7694720">
    <ele>2060.6</ele>
   </trkpt>
   <trkpt lat="46.5175070" lon="11.7694150">
    <ele>2061.5</ele>
   </trkpt>
   <trkpt lat="46.5174190" lon="11.7693550">
    <ele>2062.4</ele>
   </trkpt>
   <trkpt lat="46.5173770" lon="11.7693190">
    <ele>2062.9</ele>
   </trkpt>
   <trkpt lat="46.5172590" lon="11.7691910">
    <ele>2064.2</ele>
   </trkpt>
   <trkpt lat="46.5172240" lon="11.7691430">
    <ele>2064.6</ele>
   </trkpt>
   <trkpt lat="46.5171560" lon="11.7690260">
    <ele>2065.6</ele>
   </trkpt>
   <trkpt lat="46.5170820" lon="11.7689210">
    <ele>2066.6</ele>
   </trkpt>
   <trkpt lat="46.5170430" lon="11.7688700">
    <ele>2067.1</ele>
   </trkpt>
   <trkpt lat="46.5170000" lon="11.7688250">
    <ele>2067.5</ele>
   </trkpt>
   <trkpt lat="46.5169540" lon="11.7687890">
    <ele>2068.0</ele>
   </trkpt>
   <trkpt lat="46.5169090" lon="11.7687550">
    <ele>2068.5</ele>
   </trkpt>
   <trkpt lat="46.5167560" lon="11.7686730">
    <ele>2069.8</ele>
   </trkpt>
   <trkpt lat="46.5165990" lon="11.7686140">
    <ele>2071.1</ele>
   </trkpt>
   <trkpt lat="46.5165470" lon="11.7685960">
    <ele>2071.6</ele>
   </trkpt>
   <trkpt lat="46.5164410" lon="11.7685640">
    <ele>2072.5</ele>
   </trkpt>
   <trkpt lat="46.5163880" lon="11.7685420">
    <ele>2073.0</ele>
   </trkpt>
   <trkpt lat="46.5162940" lon="11.7684860">
    <ele>2073.9</ele>
   </trkpt>
   <trkpt lat="46.5162450" lon="11.7684540">
    <ele>2074.4</ele>
   </trkpt>
   <trkpt lat="46.5161580" lon="11.7683750">
    <ele>2075.3</ele>
   </trkpt>
   <trkpt lat="46.5160820" lon="11.7682930">
    <ele>2076.2</ele>
   </trkpt>
   <trkpt lat="46.5160430" lon="11.7682520">
    <ele>2076.6</ele>
   </trkpt>
   <trkpt lat="46.5160060" lon="11.7682080">
    <ele>2077.0</ele>
   </trkpt>
   <trkpt lat="46.5158930" lon="11.7680710">
    <ele>2078.3</ele>
   </trkpt>
   <trkpt lat="46.5158130" lon="11.7679800">
    <ele>2079.1</ele>
   </trkpt>
   <trkpt lat="46.5157300" lon="11.7678810">
    <ele>2080.0</ele>
   </trkpt>
   <trkpt lat="46.5155430" lon="11.7676890">
    <ele>2081.9</ele>
   </trkpt>
   <trkpt lat="46.5154990" lon="11.7676330">
    <ele>2082.4</ele>
   </trkpt>
   <trkpt lat="46.5154120" lon="11.7675240">
    <ele>2083.4</ele>
   </trkpt>
   <trkpt lat="46.5153290" lon="11.7674330">
    <ele>2084.3</ele>
   </trkpt>
   <trkpt lat="46.5152010" lon="11.7672970">
    <ele>2085.7</ele>
   </trkpt>
   <trkpt lat="46.5150750" lon="11.7671510">
    <ele>2087.1</ele>
   </trkpt>
   <trkpt lat="46.5150340" lon="11.7671080">
    <ele>2087.5</ele>
   </trkpt>
   <trkpt lat="46.5149500" lon="11.7670230">
    <ele>2088.4</ele>
   </trkpt>
   <trkpt lat="46.5148150" lon="11.7668880">
    <ele>2089.8</ele>
   </trkpt>
   <trkpt lat="46.5146890" lon="11.7667540">
    <ele>2091.2</ele>
   </trkpt>
   <trkpt lat="46.5145260" lon="11.7665910">
    <ele>2093.0</ele>
   </trkpt>
   <trkpt lat="46.5144500" lon="11.7664830">
    <ele>2093.9</ele>
   </trkpt>
   <trkpt lat="46.5144130" lon="11.7664330">
    <ele>2094.4</ele>
   </trkpt>
   <trkpt lat="46.5143340" lon="11.7663350">
    <ele>2095.3</ele>
   </trkpt>
   <trkpt lat="46.5142110" lon="11.7661830">
    <ele>2096.8</ele>
   </trkpt>
   <trkpt lat="46.5140840" lon="11.7660400">
    <ele>2098.1</ele>
   </trkpt>
   <trkpt lat="46.5140400" lon="11.7659910">
    <ele>2098.6</ele>
   </trkpt>
   <trkpt lat="46.5139540" lon="11.7658870">
    <ele>2099.6</ele>
   </trkpt>
   <trkpt lat="46.5138720" lon="11.7657890">
    <ele>2100.5</ele>
   </trkpt>
   <trkpt lat="46.5137860" lon="11.7656940">
    <ele>2101.4</ele>
   </trkpt>
   <trkpt lat="46.5137440" lon="11.7656430">
    <ele>2101.9</ele>
   </trkpt>
   <trkpt lat="46.5137030" lon="11.7655890">
    <ele>2102.4</ele>
   </trkpt>
   <trkpt lat="46.5136590" lon="11.7655420">
    <ele>2102.9</ele>
   </trkpt>
   <trkpt lat="46.5135770" lon="11.7654450">
    <ele>2103.9</ele>
   </trkpt>
   <trkpt lat="46.5135130" lon="11.7653150">
    <ele>2105.0</ele>
   </trkpt>
   <trkpt lat="46.5134740" lon="11.7651700">
    <ele>2106.0</ele>
   </trkpt>
   <trkpt lat="46.5134660" lon="11.7650940">
    <ele>2106.6</ele>
   </trkpt>
   <trkpt lat="46.5134690" lon="11.7650150">
    <ele>2107.1</ele>
   </trkpt>
   <trkpt lat="46.5134770" lon="11.7649510">
    <ele>2107.6</ele>
   </trkpt>
   <trkpt lat="46.5135060" lon="11.7647050">
    <ele>2109.4</ele>
   </trkpt>
   <trkpt lat="46.5135110" lon="11.7646280">
    <ele>2109.9</ele>
   </trkpt>
   <trkpt lat="46.5134980" lon="11.7644740">
    <ele>2110.8</ele>
   </trkpt>
   <trkpt lat="46.5134660" lon="11.7643310">
    <ele>2111.7</ele>
   </trkpt>
   <trkpt lat="46.5134160" lon="11.7641950">
    <ele>2112.6</ele>
   </trkpt>
   <trkpt lat="46.5133440" lon="11.7640730">
    <ele>2113.5</ele>
   </trkpt>
   <trkpt lat="46.5132630" lon="11.7639630">
    <ele>2114.3</ele>
   </trkpt>
   <trkpt lat="46.5131050" lon="11.7637340">
    <ele>2116.1</ele>
   </trkpt>
   <trkpt lat="46.5130230" lon="11.7636140">
    <ele>2117.1</ele>
   </trkpt>
   <trkpt lat="46.5129890" lon="11.7635500">
    <ele>2117.6</ele>
   </trkpt>
   <trkpt lat="46.5129120" lon="11.7634450">
    <ele>2118.6</ele>
   </trkpt>
   <trkpt lat="46.5128410" lon="11.7633260">
    <ele>2119.6</ele>
   </trkpt>
   <trkpt lat="46.5128090" lon="11.7632630">
    <ele>2120.1</ele>
   </trkpt>
   <trkpt lat="46.5127500" lon="11.7631250">
    <ele>2121.2</ele>
   </trkpt>
   <trkpt lat="46.5126830" lon="11.7629060">
    <ele>2122.9</ele>
   </trkpt>
   <trkpt lat="46.5126670" lon="11.7628360">
    <ele>2123.4</ele>
   </trkpt>
   <trkpt lat="46.5126470" lon="11.7627730">
    <ele>2123.9</ele>
   </trkpt>
   <trkpt lat="46.5126170" lon="11.7627160">
    <ele>2124.3</ele>
   </trkpt>
   <trkpt lat="46.5125820" lon="11.7626660">
    <ele>2124.8</ele>
   </trkpt>
   <trkpt lat="46.5125390" lon="11.7626210">
    <ele>2125.3</ele>
   </trkpt>
   <trkpt lat="46.5124380" lon="11.7625440">
    <ele>2126.3</ele>
   </trkpt>
   <trkpt lat="46.5123370" lon="11.7624780">
    <ele>2127.2</ele>
   </trkpt>
   <trkpt lat="46.5122890" lon="11.7624450">
    <ele>2127.7</ele>
   </trkpt>
   <trkpt lat="46.5121910" lon="11.7623720">
    <ele>2128.7</ele>
   </trkpt>
   <trkpt lat="46.5120500" lon="11.7622570">
    <ele>2130.1</ele>
   </trkpt>
   <trkpt lat="46.5119560" lon="11.7621790">
    <ele>2131.2</ele>
   </trkpt>
   <trkpt lat="46.5119080" lon="11.7621440">
    <ele>2131.7</ele>
   </trkpt>
   <trkpt lat="46.5118600" lon="11.7621040">
    <ele>2132.2</ele>
   </trkpt>
   <trkpt lat="46.5117710" lon="11.7620070">
    <ele>2133.3</ele>
   </trkpt>
   <trkpt lat="46.5117360" lon="11.7619520">
    <ele>2133.9</ele>
   </trkpt>
   <trkpt lat="46.5117060" lon="11.7618920">
    <ele>2134.4</ele>
   </trkpt>
   <trkpt lat="46.5116800" lon="11.7618310">
    <ele>2134.9</ele>
   </trkpt>
   <trkpt lat="46.5116600" lon="11.7617670">
    <ele>2135.4</ele>
   </trkpt>
   <trkpt lat="46.5116460" lon="11.7616970">
    <ele>2136.0</ele>
   </trkpt>
   <trkpt lat="46.5116110" lon="11.7614730">
    <ele>2137.5</ele>
   </trkpt>
   <trkpt lat="46.5115680" lon="11.7613310">
    <ele>2138.5</ele>
   </trkpt>
   <trkpt lat="46.5115210" lon="11.7612050">
    <ele>2139.4</ele>
   </trkpt>
   <trkpt lat="46.5114940" lon="11.7611450">
    <ele>2139.9</ele>
   </trkpt>
   <trkpt lat="46.5114310" lon="11.7610280">
    <ele>2140.7</ele>
   </trkpt>
   <trkpt lat="46.5113580" lon="11.7609270">
    <ele>2141.5</ele>
   </trkpt>
   <trkpt lat="46.5113220" lon="11.7608760">
    <ele>2141.9</ele>
   </trkpt>
   <trkpt lat="46.5112860" lon="11.7608240">
    <ele>2142.3</ele>
   </trkpt>
   <trkpt lat="46.5111780" lon="11.7606630">
    <ele>2143.5</ele>
   </trkpt>
   <trkpt lat="46.5110670" lon="11.7605020">
    <ele>2144.9</ele>
   </trkpt>
   <trkpt lat="46.5110310" lon="11.7604450">
    <ele>2145.3</ele>
   </trkpt>
   <trkpt lat="46.5109580" lon="11.7603410">
    <ele>2146.3</ele>
   </trkpt>
   <trkpt lat="46.5108410" lon="11.7601830">
    <ele>2147.7</ele>
   </trkpt>
   <trkpt lat="46.5107220" lon="11.7600230">
    <ele>2149.1</ele>
   </trkpt>
   <trkpt lat="46.5106830" lon="11.7599660">
    <ele>2149.7</ele>
   </trkpt>
   <trkpt lat="46.5105650" lon="11.7598070">
    <ele>2151.1</ele>
   </trkpt>
   <trkpt lat="46.5104380" lon="11.7596670">
    <ele>2152.6</ele>
   </trkpt>
   <trkpt lat="46.5103430" lon="11.7595910">
    <ele>2153.5</ele>
   </trkpt>
   <trkpt lat="46.5102960" lon="11.7595530">
    <ele>2153.9</ele>
   </trkpt>
   <trkpt lat="46.5101960" lon="11.7594750">
    <ele>2154.8</ele>
   </trkpt>
   <trkpt lat="46.5101490" lon="11.7594330">
    <ele>2155.2</ele>
   </trkpt>
   <trkpt lat="46.5101060" lon="11.7593810">
    <ele>2155.8</ele>
   </trkpt>
   <trkpt lat="46.5100690" lon="11.7593180">
    <ele>2156.5</ele>
   </trkpt>
   <trkpt lat="46.5100400" lon="11.7592460">
    <ele>2157.1</ele>
   </trkpt>
   <trkpt lat="46.5100130" lon="11.7591790">
    <ele>2157.7</ele>
   </trkpt>
   <trkpt lat="46.5099870" lon="11.7591100">
    <ele>2158.3</ele>
   </trkpt>
   <trkpt lat="46.5099720" lon="11.7589600">
    <ele>2159.4</ele>
   </trkpt>
   <trkpt lat="46.5099800" lon="11.7587280">
    <ele>2161.0</ele>
   </trkpt>
   <trkpt lat="46.5099900" lon="11.7585050">
    <ele>2162.6</ele>
   </trkpt>
   <trkpt lat="46.5100030" lon="11.7582800">
    <ele>2164.3</ele>
   </trkpt>
   <trkpt lat="46.5100040" lon="11.7581340">
    <ele>2165.3</ele>
   </trkpt>
   <trkpt lat="46.5099970" lon="11.7579710">
    <ele>2166.6</ele>
   </trkpt>
   <trkpt lat="46.5099870" lon="11.7578890">
    <ele>2167.2</ele>
   </trkpt>
   <trkpt lat="46.5099700" lon="11.7578220">
    <ele>2167.7</ele>
   </trkpt>
   <trkpt lat="46.5099400" lon="11.7577620">
    <ele>2168.1</ele>
   </trkpt>
   <trkpt lat="46.5099070" lon="11.7577080">
    <ele>2168.6</ele>
   </trkpt>
   <trkpt lat="46.5098210" lon="11.7576080">
    <ele>2169.6</ele>
   </trkpt>
   <trkpt lat="46.5097210" lon="11.7575310">
    <ele>2170.5</ele>
   </trkpt>
   <trkpt lat="46.5096680" lon="11.7575040">
    <ele>2171.0</ele>
   </trkpt>
   <trkpt lat="46.5095060" lon="11.7574540">
    <ele>2171.8</ele>
   </trkpt>
   <trkpt lat="46.5093780" lon="11.7574330">
    <ele>2172.2</ele>
   </trkpt>
   <trkpt lat="46.5093180" lon="11.7574210">
    <ele>2172.3</ele>
   </trkpt>
   <trkpt lat="46.5090330" lon="11.7573590">
    <ele>2173.9</ele>
   </trkpt>
   <trkpt lat="46.5089830" lon="11.7573460">
    <ele>2174.2</ele>
   </trkpt>
   <trkpt lat="46.5088310" lon="11.7572820">
    <ele>2175.5</ele>
   </trkpt>
   <trkpt lat="46.5087260" lon="11.7572220">
    <ele>2175.7</ele>
   </trkpt>
   <trkpt lat="46.5086870" lon="11.7571810">
    <ele>2175.8</ele>
   </trkpt>
   <trkpt lat="46.5086460" lon="11.7571290">
    <ele>2176.2</ele>
   </trkpt>
   <trkpt lat="46.5085310" lon="11.7569500">
    <ele>2177.5</ele>
   </trkpt>
   <trkpt lat="46.5084930" lon="11.7568910">
    <ele>2177.9</ele>
   </trkpt>
   <trkpt lat="46.5084020" lon="11.7568120">
    <ele>2178.7</ele>
   </trkpt>
   <trkpt lat="46.5083480" lon="11.7568020">
    <ele>2179.2</ele>
   </trkpt>
   <trkpt lat="46.5082950" lon="11.7568140">
    <ele>2179.6</ele>
   </trkpt>
   <trkpt lat="46.5082410" lon="11.7568390">
    <ele>2180.0</ele>
   </trkpt>
   <trkpt lat="46.5081930" lon="11.7568710">
    <ele>2180.4</ele>
   </trkpt>
   <trkpt lat="46.5080990" lon="11.7569430">
    <ele>2181.2</ele>
   </trkpt>
   <trkpt lat="46.5079660" lon="11.7570750">
    <ele>2182.4</ele>
   </trkpt>
   <trkpt lat="46.5079280" lon="11.7571340">
    <ele>2182.9</ele>
   </trkpt>
   <trkpt lat="46.5079000" lon="11.7572040">
    <ele>2183.2</ele>
   </trkpt>
   <trkpt lat="46.5078830" lon="11.7572860">
    <ele>2183.7</ele>
   </trkpt>
   <trkpt lat="46.5078740" lon="11.7573740">
    <ele>2184.1</ele>
   </trkpt>
   <trkpt lat="46.5078750" lon="11.7575500">
    <ele>2184.9</ele>
   </trkpt>
   <trkpt lat="46.5079190" lon="11.7577160">
    <ele>2185.8</ele>
   </trkpt>
   <trkpt lat="46.5079550" lon="11.7577840">
    <ele>2186.2</ele>
   </trkpt>
   <trkpt lat="46.5080350" lon="11.7579120">
    <ele>2187.0</ele>
   </trkpt>
   <trkpt lat="46.5081080" lon="11.7580450">
    <ele>2187.8</ele>
   </trkpt>
   <trkpt lat="46.5081340" lon="11.7581260">
    <ele>2188.2</ele>
   </trkpt>
   <trkpt lat="46.5081460" lon="11.7582140">
    <ele>2188.4</ele>
   </trkpt>
   <trkpt lat="46.5081520" lon="11.7583010">
    <ele>2188.7</ele>
   </trkpt>
   <trkpt lat="46.5081570" lon="11.7583880">
    <ele>2188.9</ele>
   </trkpt>
   <trkpt lat="46.5081630" lon="11.7584730">
    <ele>2189.2</ele>
   </trkpt>
   <trkpt lat="46.5081770" lon="11.7586420">
    <ele>2189.7</ele>
   </trkpt>
   <trkpt lat="46.5081830" lon="11.7587260">
    <ele>2190.1</ele>
   </trkpt>
   <trkpt lat="46.5081910" lon="11.7588060">
    <ele>2190.5</ele>
   </trkpt>
   <trkpt lat="46.5082270" lon="11.7589590">
    <ele>2191.3</ele>
   </trkpt>
   <trkpt lat="46.5082710" lon="11.7591040">
    <ele>2192.1</ele>
   </trkpt>
   <trkpt lat="46.5083200" lon="11.7592420">
    <ele>2193.0</ele>
   </trkpt>
   <trkpt lat="46.5084160" lon="11.7595260">
    <ele>2194.7</ele>
   </trkpt>
   <trkpt lat="46.5084490" lon="11.7595930">
    <ele>2195.1</ele>
   </trkpt>
   <trkpt lat="46.5084860" lon="11.7596550">
    <ele>2195.5</ele>
   </trkpt>
   <trkpt lat="46.5085250" lon="11.7597150">
    <ele>2196.0</ele>
   </trkpt>
   <trkpt lat="46.5086070" lon="11.7598300">
    <ele>2196.9</ele>
   </trkpt>
   <trkpt lat="46.5086480" lon="11.7598880">
    <ele>2197.4</ele>
   </trkpt>
   <trkpt lat="46.5086850" lon="11.7599440">
    <ele>2197.8</ele>
   </trkpt>
   <trkpt lat="46.5087650" lon="11.7600580">
    <ele>2198.7</ele>
   </trkpt>
   <trkpt lat="46.5088070" lon="11.7601120">
    <ele>2199.2</ele>
   </trkpt>
   <trkpt lat="46.5088960" lon="11.7602060">
    <ele>2200.1</ele>
   </trkpt>
   <trkpt lat="46.5089440" lon="11.7602530">
    <ele>2200.6</ele>
   </trkpt>
   <trkpt lat="46.5090350" lon="11.7603330">
    <ele>2201.4</ele>
   </trkpt>
   <trkpt lat="46.5090780" lon="11.7603830">
    <ele>2201.9</ele>
   </trkpt>
   <trkpt lat="46.5091540" lon="11.7604990">
    <ele>2202.7</ele>
   </trkpt>
   <trkpt lat="46.5092370" lon="11.7607050">
    <ele>2204.0</ele>
   </trkpt>
   <trkpt lat="46.5092570" lon="11.7607760">
    <ele>2204.4</ele>
   </trkpt>
   <trkpt lat="46.5092780" lon="11.7608470">
    <ele>2204.8</ele>
   </trkpt>
   <trkpt lat="46.5092980" lon="11.7609150">
    <ele>2205.1</ele>
   </trkpt>
   <trkpt lat="46.5093170" lon="11.7610430">
    <ele>2205.6</ele>
   </trkpt>
   <trkpt lat="46.5093130" lon="11.7611120">
    <ele>2205.8</ele>
   </trkpt>
   <trkpt lat="46.5093020" lon="11.7611770">
    <ele>2206.0</ele>
   </trkpt>
   <trkpt lat="46.5092330" lon="11.7613860">
    <ele>2206.7</ele>
   </trkpt>
   <trkpt lat="46.5092130" lon="11.7614670">
    <ele>2207.1</ele>
   </trkpt>
   <trkpt lat="46.5091780" lon="11.7616920">
    <ele>2208.2</ele>
   </trkpt>
   <trkpt lat="46.5091370" lon="11.7619550">
    <ele>2209.6</ele>
   </trkpt>
   <trkpt lat="46.5091140" lon="11.7620270">
    <ele>2210.0</ele>
   </trkpt>
   <trkpt lat="46.5090360" lon="11.7621570">
    <ele>2210.8</ele>
   </trkpt>
   <trkpt lat="46.5089980" lon="11.7622180">
    <ele>2211.3</ele>
   </trkpt>
   <trkpt lat="46.5089270" lon="11.7623400">
    <ele>2212.1</ele>
   </trkpt>
   <trkpt lat="46.5088130" lon="11.7625300">
    <ele>2213.3</ele>
   </trkpt>
   <trkpt lat="46.5087370" lon="11.7626610">
    <ele>2214.2</ele>
   </trkpt>
   <trkpt lat="46.5087070" lon="11.7627210">
    <ele>2214.6</ele>
   </trkpt>
   <trkpt lat="46.5085810" lon="11.7629740">
    <ele>2216.3</ele>
   </trkpt>
   <trkpt lat="46.5085380" lon="11.7631010">
    <ele>2217.0</ele>
   </trkpt>
   <trkpt lat="46.5085140" lon="11.7631860">
    <ele>2217.5</ele>
   </trkpt>
   <trkpt lat="46.5084880" lon="11.7632570">
    <ele>2217.9</ele>
   </trkpt>
   <trkpt lat="46.5084530" lon="11.7633920">
    <ele>2218.8</ele>
   </trkpt>
   <trkpt lat="46.5084240" lon="11.7636160">
    <ele>2220.2</ele>
   </trkpt>
   <trkpt lat="46.5083810" lon="11.7639210">
    <ele>2222.0</ele>
   </trkpt>
   <trkpt lat="46.5083370" lon="11.7641530">
    <ele>2223.3</ele>
   </trkpt>
   <trkpt lat="46.5083350" lon="11.7642250">
    <ele>2223.8</ele>
   </trkpt>
   <trkpt lat="46.5083150" lon="11.7643720">
    <ele>2224.6</ele>
   </trkpt>
   <trkpt lat="46.5082900" lon="11.7644400">
    <ele>2224.6</ele>
   </trkpt>
   <trkpt lat="46.5082530" lon="11.7645020">
    <ele>2224.6</ele>
   </trkpt>
   <trkpt lat="46.5081800" lon="11.7646240">
    <ele>2224.6</ele>
   </trkpt>
   <trkpt lat="46.5081460" lon="11.7646940">
    <ele>2224.9</ele>
   </trkpt>
   <trkpt lat="46.5081220" lon="11.7647710">
    <ele>2225.2</ele>
   </trkpt>
   <trkpt lat="46.5081080" lon="11.7648510">
    <ele>2225.5</ele>
   </trkpt>
   <trkpt lat="46.5081030" lon="11.7649380">
    <ele>2225.8</ele>
   </trkpt>
   <trkpt lat="46.5081080" lon="11.7650250">
    <ele>2226.2</ele>
   </trkpt>
   <trkpt lat="46.5081620" lon="11.7651770">
    <ele>2227.1</ele>
   </trkpt>
   <trkpt lat="46.5083300" lon="11.7654690">
    <ele>2229.5</ele>
   </trkpt>
   <trkpt lat="46.5084240" lon="11.7656330">
    <ele>2230.9</ele>
   </trkpt>
   <trkpt lat="46.5084910" lon="11.7657440">
    <ele>2231.9</ele>
   </trkpt>
   <trkpt lat="46.5085890" lon="11.7659050">
    <ele>2233.3</ele>
   </trkpt>
   <trkpt lat="46.5086660" lon="11.7660680">
    <ele>2234.6</ele>
   </trkpt>
   <trkpt lat="46.5086820" lon="11.7661320">
    <ele>2235.0</ele>
   </trkpt>
   <trkpt lat="46.5086960" lon="11.7662130">
    <ele>2235.5</ele>
   </trkpt>
   <trkpt lat="46.5086930" lon="11.7662830">
    <ele>2235.8</ele>
   </trkpt>
   <trkpt lat="46.5086770" lon="11.7663550">
    <ele>2236.2</ele>
   </trkpt>
   <trkpt lat="46.5086570" lon="11.7664120">
    <ele>2236.5</ele>
   </trkpt>
   <trkpt lat="46.5085900" lon="11.7665430">
    <ele>2237.3</ele>
   </trkpt>
   <trkpt lat="46.5085190" lon="11.7666590">
    <ele>2238.1</ele>
   </trkpt>
   <trkpt lat="46.5084860" lon="11.7667190">
    <ele>2238.6</ele>
   </trkpt>
   <trkpt lat="46.5083370" lon="11.7669870">
    <ele>2240.4</ele>
   </trkpt>
   <trkpt lat="46.5083020" lon="11.7670500">
    <ele>2240.7</ele>
   </trkpt>
   <trkpt lat="46.5082370" lon="11.7671480">
    <ele>2241.1</ele>
   </trkpt>
   <trkpt lat="46.5081170" lon="11.7672740">
    <ele>2241.4</ele>
   </trkpt>
   <trkpt lat="46.5080660" lon="11.7673280">
    <ele>2241.5</ele>
   </trkpt>
   <trkpt lat="46.5080380" lon="11.7673870">
    <ele>2241.4</ele>
   </trkpt>
   <trkpt lat="46.5080160" lon="11.7674600">
    <ele>2241.4</ele>
   </trkpt>
   <trkpt lat="46.5080030" lon="11.7675240">
    <ele>2241.3</ele>
   </trkpt>
   <trkpt lat="46.5079890" lon="11.7677400">
    <ele>2240.9</ele>
   </trkpt>
   <trkpt lat="46.5079730" lon="11.7679540">
    <ele>2240.3</ele>
   </trkpt>
   <trkpt lat="46.5078870" lon="11.7686960">
    <ele>2237.4</ele>
   </trkpt>
   <trkpt lat="46.5078580" lon="11.7689570">
    <ele>2236.0</ele>
   </trkpt>
   <trkpt lat="46.5078290" lon="11.7690880">
    <ele>2235.2</ele>
   </trkpt>
   <trkpt lat="46.5077800" lon="11.7692120">
    <ele>2234.5</ele>
   </trkpt>
   <trkpt lat="46.5076160" lon="11.7694000">
    <ele>2232.9</ele>
   </trkpt>
   <trkpt lat="46.5075280" lon="11.7694770">
    <ele>2232.1</ele>
   </trkpt>
   <trkpt lat="46.5074410" lon="11.7695450">
    <ele>2231.5</ele>
   </trkpt>
   <trkpt lat="46.5072580" lon="11.7696590">
    <ele>2230.2</ele>
   </trkpt>
   <trkpt lat="46.5071810" lon="11.7697070">
    <ele>2229.6</ele>
   </trkpt>
   <trkpt lat="46.5070750" lon="11.7697850">
    <ele>2228.7</ele>
   </trkpt>
   <trkpt lat="46.5069140" lon="11.7699420">
    <ele>2227.2</ele>
   </trkpt>
   <trkpt lat="46.5068600" lon="11.7700230">
    <ele>2226.4</ele>
   </trkpt>
   <trkpt lat="46.5066460" lon="11.7704070">
    <ele>2222.9</ele>
   </trkpt>
   <trkpt lat="46.5064940" lon="11.7706570">
    <ele>2220.6</ele>
   </trkpt>
   <trkpt lat="46.5064240" lon="11.7707470">
    <ele>2219.7</ele>
   </trkpt>
   <trkpt lat="46.5063120" lon="11.7708570">
    <ele>2218.3</ele>
   </trkpt>
   <trkpt lat="46.5062140" lon="11.7709380">
    <ele>2217.2</ele>
   </trkpt>
   <trkpt lat="46.5059340" lon="11.7712420">
    <ele>2214.1</ele>
   </trkpt>
   <trkpt lat="46.5057440" lon="11.7715200">
    <ele>2211.6</ele>
   </trkpt>
   <trkpt lat="46.5056790" lon="11.7716640">
    <ele>2210.5</ele>
   </trkpt>
   <trkpt lat="46.5056220" lon="11.7718140">
    <ele>2209.4</ele>
   </trkpt>
   <trkpt lat="46.5055220" lon="11.7720890">
    <ele>2207.2</ele>
   </trkpt>
   <trkpt lat="46.5054650" lon="11.7722050">
    <ele>2206.1</ele>
   </trkpt>
   <trkpt lat="46.5054040" lon="11.7722860">
    <ele>2205.3</ele>
   </trkpt>
   <trkpt lat="46.5053380" lon="11.7723430">
    <ele>2204.7</ele>
   </trkpt>
   <trkpt lat="46.5052710" lon="11.7724010">
    <ele>2204.1</ele>
   </trkpt>
   <trkpt lat="46.5052240" lon="11.7724710">
    <ele>2203.6</ele>
   </trkpt>
   <trkpt lat="46.5052130" lon="11.7725540">
    <ele>2203.2</ele>
   </trkpt>
   <trkpt lat="46.5052390" lon="11.7726310">
    <ele>2202.5</ele>
   </trkpt>
   <trkpt lat="46.5052950" lon="11.7726640">
    <ele>2201.9</ele>
   </trkpt>
   <trkpt lat="46.5053680" lon="11.7726680">
    <ele>2201.2</ele>
   </trkpt>
   <trkpt lat="46.5054360" lon="11.7726780">
    <ele>2200.7</ele>
   </trkpt>
   <trkpt lat="46.5054950" lon="11.7727160">
    <ele>2200.2</ele>
   </trkpt>
   <trkpt lat="46.5055410" lon="11.7727780">
    <ele>2199.7</ele>
   </trkpt>
   <trkpt lat="46.5055560" lon="11.7728410">
    <ele>2199.3</ele>
   </trkpt>
   <trkpt lat="46.5055450" lon="11.7728820">
    <ele>2198.9</ele>
   </trkpt>
   <trkpt lat="46.5055020" lon="11.7728870">
    <ele>2198.4</ele>
   </trkpt>
   <trkpt lat="46.5054380" lon="11.7728670">
    <ele>2197.6</ele>
   </trkpt>
   <trkpt lat="46.5052930" lon="11.7728500">
    <ele>2195.9</ele>
   </trkpt>
   <trkpt lat="46.5052020" lon="11.7728580">
    <ele>2194.9</ele>
   </trkpt>
   <trkpt lat="46.5051110" lon="11.7728750">
    <ele>2193.9</ele>
   </trkpt>
   <trkpt lat="46.5050220" lon="11.7729000">
    <ele>2192.9</ele>
   </trkpt>
   <trkpt lat="46.5048240" lon="11.7729660">
    <ele>2190.6</ele>
   </trkpt>
   <trkpt lat="46.5047180" lon="11.7729770">
    <ele>2189.5</ele>
   </trkpt>
   <trkpt lat="46.5044220" lon="11.7729670">
    <ele>2186.6</ele>
   </trkpt>
   <trkpt lat="46.5042700" lon="11.7729680">
    <ele>2185.3</ele>
   </trkpt>
   <trkpt lat="46.5041740" lon="11.7730620">
    <ele>2184.5</ele>
   </trkpt>
   <trkpt lat="46.5041720" lon="11.7731430">
    <ele>2184.1</ele>
   </trkpt>
   <trkpt lat="46.5042030" lon="11.7732280">
    <ele>2183.7</ele>
   </trkpt>
   <trkpt lat="46.5042600" lon="11.7733020">
    <ele>2183.2</ele>
   </trkpt>
   <trkpt lat="46.5043350" lon="11.7733580">
    <ele>2182.7</ele>
   </trkpt>
   <trkpt lat="46.5044050" lon="11.7733830">
    <ele>2182.3</ele>
   </trkpt>
   <trkpt lat="46.5044980" lon="11.7734050">
    <ele>2181.7</ele>
   </trkpt>
   <trkpt lat="46.5046170" lon="11.7734220">
    <ele>2181.1</ele>
   </trkpt>
   <trkpt lat="46.5047200" lon="11.7734330">
    <ele>2180.7</ele>
   </trkpt>
   <trkpt lat="46.5048910" lon="11.7734700">
    <ele>2180.2</ele>
   </trkpt>
   <trkpt lat="46.5049760" lon="11.7735180">
    <ele>2180.0</ele>
   </trkpt>
   <trkpt lat="46.5050870" lon="11.7737210">
    <ele>2179.9</ele>
   </trkpt>
   <trkpt lat="46.5050850" lon="11.7738420">
    <ele>2179.6</ele>
   </trkpt>
   <trkpt lat="46.5050730" lon="11.7739690">
    <ele>2179.3</ele>
   </trkpt>
   <trkpt lat="46.5050920" lon="11.7740920">
    <ele>2178.8</ele>
   </trkpt>
   <trkpt lat="46.5051440" lon="11.7742100">
    <ele>2178.2</ele>
   </trkpt>
   <trkpt lat="46.5051980" lon="11.7743360">
    <ele>2177.7</ele>
   </trkpt>
   <trkpt lat="46.5052530" lon="11.7744630">
    <ele>2177.2</ele>
   </trkpt>
   <trkpt lat="46.5052850" lon="11.7745700">
    <ele>2176.9</ele>
   </trkpt>
   <trkpt lat="46.5053060" lon="11.7747050">
    <ele>2175.7</ele>
   </trkpt>
   <trkpt lat="46.5052880" lon="11.7748590">
    <ele>2173.8</ele>
   </trkpt>
   <trkpt lat="46.5052520" lon="11.7749530">
    <ele>2172.5</ele>
   </trkpt>
   <trkpt lat="46.5051590" lon="11.7750280">
    <ele>2170.6</ele>
   </trkpt>
   <trkpt lat="46.5050540" lon="11.7751010">
    <ele>2168.6</ele>
   </trkpt>
   <trkpt lat="46.5048590" lon="11.7752510">
    <ele>2164.8</ele>
   </trkpt>
   <trkpt lat="46.5046800" lon="11.7753740">
    <ele>2163.2</ele>
   </trkpt>
   <trkpt lat="46.5044990" lon="11.7754060">
    <ele>2162.3</ele>
   </trkpt>
   <trkpt lat="46.5043830" lon="11.7752510">
    <ele>2161.1</ele>
   </trkpt>
   <trkpt lat="46.5043450" lon="11.7751370">
    <ele>2160.3</ele>
   </trkpt>
   <trkpt lat="46.5043280" lon="11.7749770">
    <ele>2159.5</ele>
   </trkpt>
   <trkpt lat="46.5043220" lon="11.7748200">
    <ele>2158.9</ele>
   </trkpt>
   <trkpt lat="46.5043410" lon="11.7746760">
    <ele>2158.6</ele>
   </trkpt>
   <trkpt lat="46.5043710" lon="11.7745490">
    <ele>2158.5</ele>
   </trkpt>
   <trkpt lat="46.5043860" lon="11.7744380">
    <ele>2158.5</ele>
   </trkpt>
   <trkpt lat="46.5043710" lon="11.7742750">
    <ele>2158.2</ele>
   </trkpt>
   <trkpt lat="46.5043010" lon="11.7742840">
    <ele>2157.8</ele>
   </trkpt>
   <trkpt lat="46.5042790" lon="11.7743200">
    <ele>2157.6</ele>
   </trkpt>
   <trkpt lat="46.5042710" lon="11.7743810">
    <ele>2157.2</ele>
   </trkpt>
   <trkpt lat="46.5042670" lon="11.7744610">
    <ele>2156.8</ele>
   </trkpt>
   <trkpt lat="46.5042550" lon="11.7746730">
    <ele>2155.5</ele>
   </trkpt>
   <trkpt lat="46.5042480" lon="11.7747890">
    <ele>2154.8</ele>
   </trkpt>
   <trkpt lat="46.5041860" lon="11.7754540">
    <ele>2151.1</ele>
   </trkpt>
   <trkpt lat="46.5041540" lon="11.7756000">
    <ele>2150.3</ele>
   </trkpt>
   <trkpt lat="46.5040630" lon="11.7760240">
    <ele>2146.9</ele>
   </trkpt>
   <trkpt lat="46.5040940" lon="11.7763110">
    <ele>2144.4</ele>
   </trkpt>
   <trkpt lat="46.5042130" lon="11.7766030">
    <ele>2141.7</ele>
   </trkpt>
   <trkpt lat="46.5042970" lon="11.7767400">
    <ele>2140.3</ele>
   </trkpt>
   <trkpt lat="46.5043980" lon="11.7768590">
    <ele>2139.1</ele>
   </trkpt>
   <trkpt lat="46.5045020" lon="11.7769580">
    <ele>2138.0</ele>
   </trkpt>
   <trkpt lat="46.5046090" lon="11.7770330">
    <ele>2137.2</ele>
   </trkpt>
   <trkpt lat="46.5047180" lon="11.7770790">
    <ele>2136.4</ele>
   </trkpt>
   <trkpt lat="46.5048240" lon="11.7771330">
    <ele>2135.4</ele>
   </trkpt>
   <trkpt lat="46.5049250" lon="11.7772120">
    <ele>2134.2</ele>
   </trkpt>
   <trkpt lat="46.5050260" lon="11.7773180">
    <ele>2132.9</ele>
   </trkpt>
   <trkpt lat="46.5051140" lon="11.7774280">
    <ele>2131.7</ele>
   </trkpt>
   <trkpt lat="46.5051800" lon="11.7775740">
    <ele>2130.5</ele>
   </trkpt>
   <trkpt lat="46.5052390" lon="11.7777370">
    <ele>2129.3</ele>
   </trkpt>
   <trkpt lat="46.5052900" lon="11.7778770">
    <ele>2128.3</ele>
   </trkpt>
   <trkpt lat="46.5053230" lon="11.7781720">
    <ele>2126.3</ele>
   </trkpt>
   <trkpt lat="46.5052650" lon="11.7784530">
    <ele>2124.3</ele>
   </trkpt>
   <trkpt lat="46.5051950" lon="11.7785840">
    <ele>2123.2</ele>
   </trkpt>
   <trkpt lat="46.5050440" lon="11.7788440">
    <ele>2121.0</ele>
   </trkpt>
   <trkpt lat="46.5049610" lon="11.7789580">
    <ele>2120.0</ele>
   </trkpt>
   <trkpt lat="46.5048700" lon="11.7790420">
    <ele>2119.1</ele>
   </trkpt>
   <trkpt lat="46.5047730" lon="11.7791130">
    <ele>2118.2</ele>
   </trkpt>
   <trkpt lat="46.5046830" lon="11.7791720">
    <ele>2117.6</ele>
   </trkpt>
   <trkpt lat="46.5046090" lon="11.7792250">
    <ele>2117.0</ele>
   </trkpt>
   <trkpt lat="46.5045540" lon="11.7792960">
    <ele>2116.3</ele>
   </trkpt>
   <trkpt lat="46.5045350" lon="11.7793940">
    <ele>2115.7</ele>
   </trkpt>
   <trkpt lat="46.5045550" lon="11.7795030">
    <ele>2114.9</ele>
   </trkpt>
   <trkpt lat="46.5045990" lon="11.7796120">
    <ele>2114.0</ele>
   </trkpt>
   <trkpt lat="46.5046530" lon="11.7797260">
    <ele>2112.8</ele>
   </trkpt>
   <trkpt lat="46.5047090" lon="11.7798510">
    <ele>2111.6</ele>
   </trkpt>
   <trkpt lat="46.5047690" lon="11.7799800">
    <ele>2110.3</ele>
   </trkpt>
   <trkpt lat="46.5048310" lon="11.7801160">
    <ele>2109.0</ele>
   </trkpt>
   <trkpt lat="46.5049630" lon="11.7804130">
    <ele>2106.3</ele>
   </trkpt>
   <trkpt lat="46.5050290" lon="11.7805650">
    <ele>2105.0</ele>
   </trkpt>
   <trkpt lat="46.5050980" lon="11.7807220">
    <ele>2103.7</ele>
   </trkpt>
   <trkpt lat="46.5052590" lon="11.7810360">
    <ele>2101.0</ele>
   </trkpt>
   <trkpt lat="46.5053500" lon="11.7811800">
    <ele>2099.7</ele>
   </trkpt>
   <trkpt lat="46.5055510" lon="11.7814590">
    <ele>2097.2</ele>
   </trkpt>
   <trkpt lat="46.5057490" lon="11.7817450">
    <ele>2094.6</ele>
   </trkpt>
   <trkpt lat="46.5058350" lon="11.7819060">
    <ele>2093.1</ele>
   </trkpt>
   <trkpt lat="46.5059080" lon="11.7820670">
    <ele>2091.7</ele>
   </trkpt>
   <trkpt lat="46.5059720" lon="11.7822200">
    <ele>2090.4</ele>
   </trkpt>
   <trkpt lat="46.5060240" lon="11.7823710">
    <ele>2089.2</ele>
   </trkpt>
   <trkpt lat="46.5061140" lon="11.7826970">
    <ele>2086.7</ele>
   </trkpt>
   <trkpt lat="46.5061590" lon="11.7828610">
    <ele>2085.5</ele>
   </trkpt>
   <trkpt lat="46.5062090" lon="11.7830210">
    <ele>2084.5</ele>
   </trkpt>
   <trkpt lat="46.5062630" lon="11.7831800">
    <ele>2083.5</ele>
   </trkpt>
   <trkpt lat="46.5063130" lon="11.7833410">
    <ele>2082.7</ele>
   </trkpt>
   <trkpt lat="46.5063620" lon="11.7835020">
    <ele>2081.8</ele>
   </trkpt>
   <trkpt lat="46.5063920" lon="11.7836570">
    <ele>2081.1</ele>
   </trkpt>
   <trkpt lat="46.5064240" lon="11.7838170">
    <ele>2081.0</ele>
   </trkpt>
   <trkpt lat="46.5064590" lon="11.7839840">
    <ele>2080.6</ele>
   </trkpt>
   <trkpt lat="46.5064880" lon="11.7841510">
    <ele>2080.0</ele>
   </trkpt>
   <trkpt lat="46.5065220" lon="11.7843240">
    <ele>2079.3</ele>
   </trkpt>
   <trkpt lat="46.5065570" lon="11.7844980">
    <ele>2078.6</ele>
   </trkpt>
   <trkpt lat="46.5066090" lon="11.7848270">
    <ele>2077.0</ele>
   </trkpt>
   <trkpt lat="46.5066210" lon="11.7849810">
    <ele>2076.2</ele>
   </trkpt>
   <trkpt lat="46.5066180" lon="11.7851270">
    <ele>2075.6</ele>
   </trkpt>
   <trkpt lat="46.5066130" lon="11.7855590">
    <ele>2073.6</ele>
   </trkpt>
   <trkpt lat="46.5066080" lon="11.7856970">
    <ele>2072.9</ele>
   </trkpt>
   <trkpt lat="46.5066010" lon="11.7858320">
    <ele>2072.3</ele>
   </trkpt>
   <trkpt lat="46.5065960" lon="11.7860880">
    <ele>2071.1</ele>
   </trkpt>
   <trkpt lat="46.5066060" lon="11.7862120">
    <ele>2070.5</ele>
   </trkpt>
   <trkpt lat="46.5066230" lon="11.7863330">
    <ele>2069.9</ele>
   </trkpt>
   <trkpt lat="46.5066490" lon="11.7864510">
    <ele>2069.2</ele>
   </trkpt>
   <trkpt lat="46.5066760" lon="11.7865690">
    <ele>2068.6</ele>
   </trkpt>
   <trkpt lat="46.5066980" lon="11.7866830">
    <ele>2068.0</ele>
   </trkpt>
   <trkpt lat="46.5067470" lon="11.7869150">
    <ele>2066.9</ele>
   </trkpt>
   <trkpt lat="46.5067680" lon="11.7871290">
    <ele>2066.0</ele>
   </trkpt>
   <trkpt lat="46.5067690" lon="11.7873250">
    <ele>2065.3</ele>
   </trkpt>
   <trkpt lat="46.5067690" lon="11.7874280">
    <ele>2064.9</ele>
   </trkpt>
   <trkpt lat="46.5067730" lon="11.7876470">
    <ele>2064.1</ele>
   </trkpt>
   <trkpt lat="46.5067860" lon="11.7878600">
    <ele>2063.4</ele>
   </trkpt>
   <trkpt lat="46.5068020" lon="11.7880700">
    <ele>2062.8</ele>
   </trkpt>
   <trkpt lat="46.5068530" lon="11.7884380">
    <ele>2062.0</ele>
   </trkpt>
   <trkpt lat="46.5068550" lon="11.7885610">
    <ele>2061.5</ele>
   </trkpt>
   <trkpt lat="46.5067990" lon="11.7885410">
    <ele>2060.4</ele>
   </trkpt>
   <trkpt lat="46.5067390" lon="11.7884250">
    <ele>2058.7</ele>
   </trkpt>
   <trkpt lat="46.5067230" lon="11.7883410">
    <ele>2057.7</ele>
   </trkpt>
   <trkpt lat="46.5067130" lon="11.7882480">
    <ele>2056.7</ele>
   </trkpt>
   <trkpt lat="46.5066640" lon="11.7879500">
    <ele>2053.7</ele>
   </trkpt>
   <trkpt lat="46.5065990" lon="11.7877320">
    <ele>2051.6</ele>
   </trkpt>
   <trkpt lat="46.5065630" lon="11.7876260">
    <ele>2050.6</ele>
   </trkpt>
   <trkpt lat="46.5064380" lon="11.7872700">
    <ele>2047.1</ele>
   </trkpt>
   <trkpt lat="46.5063740" lon="11.7871570">
    <ele>2045.8</ele>
   </trkpt>
   <trkpt lat="46.5063090" lon="11.7870610">
    <ele>2044.6</ele>
   </trkpt>
   <trkpt lat="46.5061130" lon="11.7867900">
    <ele>2041.3</ele>
   </trkpt>
   <trkpt lat="46.5060520" lon="11.7867000">
    <ele>2040.3</ele>
   </trkpt>
   <trkpt lat="46.5059800" lon="11.7866160">
    <ele>2039.2</ele>
   </trkpt>
   <trkpt lat="46.5058290" lon="11.7864410">
    <ele>2036.8</ele>
   </trkpt>
   <trkpt lat="46.5056620" lon="11.7862390">
    <ele>2034.2</ele>
   </trkpt>
   <trkpt lat="46.5054910" lon="11.7860180">
    <ele>2031.5</ele>
   </trkpt>
   <trkpt lat="46.5053110" lon="11.7858080">
    <ele>2028.8</ele>
   </trkpt>
   <trkpt lat="46.5051330" lon="11.7856040">
    <ele>2026.5</ele>
   </trkpt>
   <trkpt lat="46.5049590" lon="11.7853990">
    <ele>2024.5</ele>
   </trkpt>
   <trkpt lat="46.5048690" lon="11.7852960">
    <ele>2023.6</ele>
   </trkpt>
   <trkpt lat="46.5047370" lon="11.7851160">
    <ele>2022.2</ele>
   </trkpt>
   <trkpt lat="46.5046040" lon="11.7849430">
    <ele>2021.0</ele>
   </trkpt>
   <trkpt lat="46.5045480" lon="11.7848670">
    <ele>2020.4</ele>
   </trkpt>
   <trkpt lat="46.5044890" lon="11.7847980">
    <ele>2019.9</ele>
   </trkpt>
   <trkpt lat="46.5044300" lon="11.7847280">
    <ele>2019.4</ele>
   </trkpt>
   <trkpt lat="46.5043690" lon="11.7846580">
    <ele>2018.9</ele>
   </trkpt>
   <trkpt lat="46.5043110" lon="11.7845910">
    <ele>2018.4</ele>
   </trkpt>
   <trkpt lat="46.5042590" lon="11.7845300">
    <ele>2018.0</ele>
   </trkpt>
   <trkpt lat="46.5042110" lon="11.7844780">
    <ele>2017.6</ele>
   </trkpt>
   <trkpt lat="46.5041620" lon="11.7844420">
    <ele>2017.2</ele>
   </trkpt>
   <trkpt lat="46.5041170" lon="11.7844270">
    <ele>2016.9</ele>
   </trkpt>
   <trkpt lat="46.5040720" lon="11.7844370">
    <ele>2016.6</ele>
   </trkpt>
   <trkpt lat="46.5040370" lon="11.7844770">
    <ele>2016.2</ele>
   </trkpt>
   <trkpt lat="46.5040160" lon="11.7845380">
    <ele>2015.9</ele>
   </trkpt>
   <trkpt lat="46.5040210" lon="11.7846950">
    <ele>2014.9</ele>
   </trkpt>
   <trkpt lat="46.5040700" lon="11.7848760">
    <ele>2013.8</ele>
   </trkpt>
   <trkpt lat="46.5041350" lon="11.7850750">
    <ele>2012.6</ele>
   </trkpt>
   <trkpt lat="46.5041610" lon="11.7851880">
    <ele>2011.8</ele>
   </trkpt>
   <trkpt lat="46.5041770" lon="11.7853080">
    <ele>2011.0</ele>
   </trkpt>
   <trkpt lat="46.5041990" lon="11.7855580">
    <ele>2009.3</ele>
   </trkpt>
   <trkpt lat="46.5042400" lon="11.7858010">
    <ele>2007.7</ele>
   </trkpt>
   <trkpt lat="46.5042820" lon="11.7860560">
    <ele>2006.3</ele>
   </trkpt>
   <trkpt lat="46.5043070" lon="11.7861840">
    <ele>2005.8</ele>
   </trkpt>
   <trkpt lat="46.5043720" lon="11.7864280">
    <ele>2005.1</ele>
   </trkpt>
   <trkpt lat="46.5044220" lon="11.7866520">
    <ele>2004.8</ele>
   </trkpt>
   <trkpt lat="46.5044720" lon="11.7868370">
    <ele>2004.5</ele>
   </trkpt>
   <trkpt lat="46.5045060" lon="11.7869800">
    <ele>2004.1</ele>
   </trkpt>
   <trkpt lat="46.5044580" lon="11.7870750">
    <ele>2003.6</ele>
   </trkpt>
   <trkpt lat="46.5044410" lon="11.7871130">
    <ele>2003.4</ele>
   </trkpt>
   <trkpt lat="46.5044250" lon="11.7871450">
    <ele>2003.1</ele>
   </trkpt>
   <trkpt lat="46.5044030" lon="11.7871710">
    <ele>2002.9</ele>
   </trkpt>
   <trkpt lat="46.5043270" lon="11.7871370">
    <ele>2002.1</ele>
   </trkpt>
   <trkpt lat="46.5042800" lon="11.7870850">
    <ele>2001.5</ele>
   </trkpt>
   <trkpt lat="46.5041670" lon="11.7869380">
    <ele>1999.8</ele>
   </trkpt>
   <trkpt lat="46.5041090" lon="11.7868520">
    <ele>1998.9</ele>
   </trkpt>
   <trkpt lat="46.5039130" lon="11.7865610">
    <ele>1995.8</ele>
   </trkpt>
   <trkpt lat="46.5037870" lon="11.7863610">
    <ele>1993.5</ele>
   </trkpt>
   <trkpt lat="46.5037210" lon="11.7862640">
    <ele>1992.4</ele>
   </trkpt>
   <trkpt lat="46.5036310" lon="11.7861690">
    <ele>1991.2</ele>
   </trkpt>
   <trkpt lat="46.5033640" lon="11.7858830">
    <ele>1987.8</ele>
   </trkpt>
   <trkpt lat="46.5032770" lon="11.7857930">
    <ele>1986.8</ele>
   </trkpt>
   <trkpt lat="46.5031920" lon="11.7857060">
    <ele>1985.8</ele>
   </trkpt>
   <trkpt lat="46.5031130" lon="11.7856110">
    <ele>1984.9</ele>
   </trkpt>
   <trkpt lat="46.5030360" lon="11.7855190">
    <ele>1984.0</ele>
   </trkpt>
   <trkpt lat="46.5028960" lon="11.7853360">
    <ele>1982.2</ele>
   </trkpt>
   <trkpt lat="46.5028340" lon="11.7852370">
    <ele>1981.2</ele>
   </trkpt>
   <trkpt lat="46.5027780" lon="11.7851280">
    <ele>1980.2</ele>
   </trkpt>
   <trkpt lat="46.5027110" lon="11.7850230">
    <ele>1979.2</ele>
   </trkpt>
   <trkpt lat="46.5026630" lon="11.7849020">
    <ele>1978.1</ele>
   </trkpt>
   <trkpt lat="46.5026290" lon="11.7847740">
    <ele>1977.0</ele>
   </trkpt>
   <trkpt lat="46.5025980" lon="11.7846450">
    <ele>1975.9</ele>
   </trkpt>
   <trkpt lat="46.5025270" lon="11.7843770">
    <ele>1973.9</ele>
   </trkpt>
   <trkpt lat="46.5024460" lon="11.7841260">
    <ele>1971.9</ele>
   </trkpt>
   <trkpt lat="46.5023380" lon="11.7839200">
    <ele>1970.1</ele>
   </trkpt>
   <trkpt lat="46.5022590" lon="11.7838360">
    <ele>1969.2</ele>
   </trkpt>
   <trkpt lat="46.5021510" lon="11.7837730">
    <ele>1968.1</ele>
   </trkpt>
   <trkpt lat="46.5020490" lon="11.7837670">
    <ele>1967.1</ele>
   </trkpt>
   <trkpt lat="46.5018400" lon="11.7837730">
    <ele>1965.0</ele>
   </trkpt>
   <trkpt lat="46.5017510" lon="11.7837820">
    <ele>1964.1</ele>
   </trkpt>
   <trkpt lat="46.5016640" lon="11.7837730">
    <ele>1963.2</ele>
   </trkpt>
   <trkpt lat="46.5015750" lon="11.7837580">
    <ele>1962.3</ele>
   </trkpt>
   <trkpt lat="46.5014900" lon="11.7837640">
    <ele>1961.2</ele>
   </trkpt>
   <trkpt lat="46.5014200" lon="11.7837680">
    <ele>1960.3</ele>
   </trkpt>
   <trkpt lat="46.5013500" lon="11.7837540">
    <ele>1959.3</ele>
   </trkpt>
   <trkpt lat="46.5012890" lon="11.7837250">
    <ele>1958.4</ele>
   </trkpt>
   <trkpt lat="46.5012280" lon="11.7836870">
    <ele>1957.5</ele>
   </trkpt>
   <trkpt lat="46.5011700" lon="11.7836320">
    <ele>1956.6</ele>
   </trkpt>
   <trkpt lat="46.5011170" lon="11.7835660">
    <ele>1955.8</ele>
   </trkpt>
   <trkpt lat="46.5010680" lon="11.7835030">
    <ele>1955.2</ele>
   </trkpt>
   <trkpt lat="46.5010270" lon="11.7834360">
    <ele>1954.8</ele>
   </trkpt>
   <trkpt lat="46.5009590" lon="11.7833070">
    <ele>1954.0</ele>
   </trkpt>
   <trkpt lat="46.5009290" lon="11.7832400">
    <ele>1953.6</ele>
   </trkpt>
   <trkpt lat="46.5009000" lon="11.7831720">
    <ele>1953.2</ele>
   </trkpt>
   <trkpt lat="46.5008040" lon="11.7829790">
    <ele>1952.0</ele>
   </trkpt>
   <trkpt lat="46.5007340" lon="11.7828950">
    <ele>1951.2</ele>
   </trkpt>
   <trkpt lat="46.5006680" lon="11.7828370">
    <ele>1950.5</ele>
   </trkpt>
   <trkpt lat="46.5006310" lon="11.7828260">
    <ele>1950.1</ele>
   </trkpt>
   <trkpt lat="46.5006020" lon="11.7828450">
    <ele>1949.8</ele>
   </trkpt>
   <trkpt lat="46.5005670" lon="11.7829010">
    <ele>1949.3</ele>
   </trkpt>
   <trkpt lat="46.5005550" lon="11.7829790">
    <ele>1948.7</ele>
   </trkpt>
   <trkpt lat="46.5005680" lon="11.7830650">
    <ele>1947.9</ele>
   </trkpt>
   <trkpt lat="46.5005990" lon="11.7831370">
    <ele>1947.2</ele>
   </trkpt>
   <trkpt lat="46.5006770" lon="11.7832710">
    <ele>1945.9</ele>
   </trkpt>
   <trkpt lat="46.5007660" lon="11.7834250">
    <ele>1944.4</ele>
   </trkpt>
   <trkpt lat="46.5008650" lon="11.7836090">
    <ele>1942.8</ele>
   </trkpt>
   <trkpt lat="46.5009140" lon="11.7837010">
    <ele>1942.0</ele>
   </trkpt>
   <trkpt lat="46.5010100" lon="11.7838920">
    <ele>1940.4</ele>
   </trkpt>
   <trkpt lat="46.5011910" lon="11.7843190">
    <ele>1936.9</ele>
   </trkpt>
   <trkpt lat="46.5012880" lon="11.7845530">
    <ele>1935.1</ele>
   </trkpt>
   <trkpt lat="46.5014030" lon="11.7847610">
    <ele>1933.2</ele>
   </trkpt>
   <trkpt lat="46.5014690" lon="11.7848490">
    <ele>1932.3</ele>
   </trkpt>
   <trkpt lat="46.5015410" lon="11.7849310">
    <ele>1931.3</ele>
   </trkpt>
   <trkpt lat="46.5016920" lon="11.7850960">
    <ele>1929.5</ele>
   </trkpt>
   <trkpt lat="46.5018230" lon="11.7852900">
    <ele>1927.7</ele>
   </trkpt>
   <trkpt lat="46.5019320" lon="11.7855180">
    <ele>1925.8</ele>
   </trkpt>
   <trkpt lat="46.5020080" lon="11.7857640">
    <ele>1923.9</ele>
   </trkpt>
   <trkpt lat="46.5020730" lon="11.7860060">
    <ele>1922.0</ele>
   </trkpt>
   <trkpt lat="46.5021330" lon="11.7862410">
    <ele>1920.2</ele>
   </trkpt>
   <trkpt lat="46.5021940" lon="11.7864880">
    <ele>1918.3</ele>
   </trkpt>
   <trkpt lat="46.5022500" lon="11.7867430">
    <ele>1916.5</ele>
   </trkpt>
   <trkpt lat="46.5022790" lon="11.7868730">
    <ele>1915.7</ele>
   </trkpt>
   <trkpt lat="46.5023320" lon="11.7871330">
    <ele>1914.0</ele>
   </trkpt>
   <trkpt lat="46.5023800" lon="11.7873960">
    <ele>1912.3</ele>
   </trkpt>
   <trkpt lat="46.5024260" lon="11.7876460">
    <ele>1910.7</ele>
   </trkpt>
   <trkpt lat="46.5024560" lon="11.7877630">
    <ele>1909.8</ele>
   </trkpt>
   <trkpt lat="46.5024930" lon="11.7878750">
    <ele>1909.0</ele>
   </trkpt>
   <trkpt lat="46.5025740" lon="11.7880840">
    <ele>1907.4</ele>
   </trkpt>
   <trkpt lat="46.5026240" lon="11.7881790">
    <ele>1906.6</ele>
   </trkpt>
   <trkpt lat="46.5026790" lon="11.7882700">
    <ele>1905.8</ele>
   </trkpt>
   <trkpt lat="46.5027990" lon="11.7884450">
    <ele>1904.1</ele>
   </trkpt>
   <trkpt lat="46.5029340" lon="11.7886330">
    <ele>1902.5</ele>
   </trkpt>
   <trkpt lat="46.5030690" lon="11.7888350">
    <ele>1900.7</ele>
   </trkpt>
   <trkpt lat="46.5031970" lon="11.7890550">
    <ele>1898.9</ele>
   </trkpt>
   <trkpt lat="46.5032570" lon="11.7891710">
    <ele>1898.1</ele>
   </trkpt>
   <trkpt lat="46.5033160" lon="11.7892870">
    <ele>1897.3</ele>
   </trkpt>
   <trkpt lat="46.5034770" lon="11.7896220">
    <ele>1894.8</ele>
   </trkpt>
   <trkpt lat="46.5035190" lon="11.7897270">
    <ele>1894.0</ele>
   </trkpt>
   <trkpt lat="46.5035490" lon="11.7898350">
    <ele>1893.2</ele>
   </trkpt>
   <trkpt lat="46.5035770" lon="11.7899390">
    <ele>1892.4</ele>
   </trkpt>
   <trkpt lat="46.5035920" lon="11.7900350">
    <ele>1891.6</ele>
   </trkpt>
   <trkpt lat="46.5035940" lon="11.7901200">
    <ele>1890.9</ele>
   </trkpt>
   <trkpt lat="46.5035740" lon="11.7901860">
    <ele>1890.3</ele>
   </trkpt>
   <trkpt lat="46.5035380" lon="11.7902450">
    <ele>1889.7</ele>
   </trkpt>
   <trkpt lat="46.5034900" lon="11.7903030">
    <ele>1888.9</ele>
   </trkpt>
   <trkpt lat="46.5034490" lon="11.7903610">
    <ele>1888.2</ele>
   </trkpt>
   <trkpt lat="46.5034070" lon="11.7904200">
    <ele>1887.6</ele>
   </trkpt>
   <trkpt lat="46.5033630" lon="11.7904830">
    <ele>1886.8</ele>
   </trkpt>
   <trkpt lat="46.5033190" lon="11.7905510">
    <ele>1886.1</ele>
   </trkpt>
   <trkpt lat="46.5032740" lon="11.7906180">
    <ele>1885.4</ele>
   </trkpt>
   <trkpt lat="46.5031620" lon="11.7907580">
    <ele>1883.8</ele>
   </trkpt>
   <trkpt lat="46.5030210" lon="11.7909060">
    <ele>1881.9</ele>
   </trkpt>
   <trkpt lat="46.5028760" lon="11.7910730">
    <ele>1880.9</ele>
   </trkpt>
   <trkpt lat="46.5026910" lon="11.7912100">
    <ele>1880.6</ele>
   </trkpt>
   <trkpt lat="46.5025900" lon="11.7912600">
    <ele>1879.7</ele>
   </trkpt>
   <trkpt lat="46.5023790" lon="11.7913420">
    <ele>1877.8</ele>
   </trkpt>
   <trkpt lat="46.5022730" lon="11.7913850">
    <ele>1877.1</ele>
   </trkpt>
   <trkpt lat="46.5021650" lon="11.7914280">
    <ele>1876.6</ele>
   </trkpt>
   <trkpt lat="46.5019560" lon="11.7915040">
    <ele>1876.0</ele>
   </trkpt>
   <trkpt lat="46.5017590" lon="11.7915690">
    <ele>1875.5</ele>
   </trkpt>
   <trkpt lat="46.5016620" lon="11.7916050">
    <ele>1875.3</ele>
   </trkpt>
   <trkpt lat="46.5015620" lon="11.7916230">
    <ele>1875.1</ele>
   </trkpt>
   <trkpt lat="46.5014630" lon="11.7916270">
    <ele>1874.9</ele>
   </trkpt>
   <trkpt lat="46.5013650" lon="11.7916170">
    <ele>1874.7</ele>
   </trkpt>
   <trkpt lat="46.5011800" lon="11.7915370">
    <ele>1873.5</ele>
   </trkpt>
   <trkpt lat="46.5010870" lon="11.7914730">
    <ele>1872.7</ele>
   </trkpt>
   <trkpt lat="46.5009030" lon="11.7913130">
    <ele>1871.1</ele>
   </trkpt>
   <trkpt lat="46.5006200" lon="11.7910560">
    <ele>1868.7</ele>
   </trkpt>
   <trkpt lat="46.5002150" lon="11.7907090">
    <ele>1865.1</ele>
   </trkpt>
   <trkpt lat="46.5001080" lon="11.7906420">
    <ele>1864.2</ele>
   </trkpt>
   <trkpt lat="46.4999930" lon="11.7905980">
    <ele>1863.2</ele>
   </trkpt>
   <trkpt lat="46.4998750" lon="11.7905800">
    <ele>1862.2</ele>
   </trkpt>
   <trkpt lat="46.4997540" lon="11.7905860">
    <ele>1861.2</ele>
   </trkpt>
   <trkpt lat="46.4995100" lon="11.7906310">
    <ele>1859.3</ele>
   </trkpt>
   <trkpt lat="46.4992590" lon="11.7906960">
    <ele>1857.7</ele>
   </trkpt>
   <trkpt lat="46.4991340" lon="11.7907280">
    <ele>1857.1</ele>
   </trkpt>
   <trkpt lat="46.4990120" lon="11.7907640">
    <ele>1856.5</ele>
   </trkpt>
   <trkpt lat="46.4988890" lon="11.7907950">
    <ele>1855.9</ele>
   </trkpt>
   <trkpt lat="46.4987720" lon="11.7908130">
    <ele>1855.5</ele>
   </trkpt>
   <trkpt lat="46.4986630" lon="11.7908220">
    <ele>1855.3</ele>
   </trkpt>
   <trkpt lat="46.4985500" lon="11.7908090">
    <ele>1855.1</ele>
   </trkpt>
   <trkpt lat="46.4983280" lon="11.7907550">
    <ele>1854.9</ele>
   </trkpt>
   <trkpt lat="46.4982240" lon="11.7907240">
    <ele>1854.8</ele>
   </trkpt>
   <trkpt lat="46.4980060" lon="11.7906570">
    <ele>1854.5</ele>
   </trkpt>
   <trkpt lat="46.4979330" lon="11.7906180">
    <ele>1854.3</ele>
   </trkpt>
   <trkpt lat="46.4978490" lon="11.7905600">
    <ele>1853.9</ele>
   </trkpt>
   <trkpt lat="46.4975820" lon="11.7903970">
    <ele>1851.9</ele>
   </trkpt>
   <trkpt lat="46.4974010" lon="11.7902560">
    <ele>1850.5</ele>
   </trkpt>
   <trkpt lat="46.4973100" lon="11.7901790">
    <ele>1849.7</ele>
   </trkpt>
   <trkpt lat="46.4972160" lon="11.7901080">
    <ele>1848.9</ele>
   </trkpt>
   <trkpt lat="46.4969490" lon="11.7898840">
    <ele>1846.1</ele>
   </trkpt>
   <trkpt lat="46.4968530" lon="11.7898260">
    <ele>1845.0</ele>
   </trkpt>
   <trkpt lat="46.4967570" lon="11.7897760">
    <ele>1844.0</ele>
   </trkpt>
   <trkpt lat="46.4965510" lon="11.7896870">
    <ele>1841.7</ele>
   </trkpt>
   <trkpt lat="46.4963540" lon="11.7895770">
    <ele>1839.4</ele>
   </trkpt>
   <trkpt lat="46.4961830" lon="11.7894330">
    <ele>1837.2</ele>
   </trkpt>
   <trkpt lat="46.4960420" lon="11.7892410">
    <ele>1835.2</ele>
   </trkpt>
   <trkpt lat="46.4959950" lon="11.7891390">
    <ele>1834.3</ele>
   </trkpt>
   <trkpt lat="46.4959380" lon="11.7890410">
    <ele>1833.4</ele>
   </trkpt>
   <trkpt lat="46.4958750" lon="11.7889450">
    <ele>1832.5</ele>
   </trkpt>
   <trkpt lat="46.4957550" lon="11.7887670">
    <ele>1830.7</ele>
   </trkpt>
   <trkpt lat="46.4957100" lon="11.7886880">
    <ele>1830.1</ele>
   </trkpt>
   <trkpt lat="46.4956730" lon="11.7886130">
    <ele>1829.4</ele>
   </trkpt>
   <trkpt lat="46.4956420" lon="11.7885470">
    <ele>1828.9</ele>
   </trkpt>
   <trkpt lat="46.4956210" lon="11.7884830">
    <ele>1828.5</ele>
   </trkpt>
   <trkpt lat="46.4956060" lon="11.7884210">
    <ele>1828.0</ele>
   </trkpt>
   <trkpt lat="46.4955970" lon="11.7883660">
    <ele>1827.7</ele>
   </trkpt>
   <trkpt lat="46.4955810" lon="11.7883140">
    <ele>1827.3</ele>
   </trkpt>
   <trkpt lat="46.4955720" lon="11.7882550">
    <ele>1826.9</ele>
   </trkpt>
   <trkpt lat="46.4955690" lon="11.7882000">
    <ele>1826.6</ele>
   </trkpt>
   <trkpt lat="46.4955810" lon="11.7880950">
    <ele>1826.0</ele>
   </trkpt>
   <trkpt lat="46.4956100" lon="11.7880540">
    <ele>1825.6</ele>
   </trkpt>
   <trkpt lat="46.4956560" lon="11.7880340">
    <ele>1825.3</ele>
   </trkpt>
   <trkpt lat="46.4956970" lon="11.7880420">
    <ele>1824.9</ele>
   </trkpt>
   <trkpt lat="46.4957280" lon="11.7880740">
    <ele>1824.7</ele>
   </trkpt>
   <trkpt lat="46.4957460" lon="11.7881280">
    <ele>1824.4</ele>
   </trkpt>
   <trkpt lat="46.4957560" lon="11.7882640">
    <ele>1823.7</ele>
   </trkpt>
   <trkpt lat="46.4957720" lon="11.7883330">
    <ele>1823.3</ele>
   </trkpt>
   <trkpt lat="46.4958050" lon="11.7883960">
    <ele>1822.8</ele>
   </trkpt>
   <trkpt lat="46.4958390" lon="11.7884460">
    <ele>1822.3</ele>
   </trkpt>
   <trkpt lat="46.4958770" lon="11.7884800">
    <ele>1821.9</ele>
   </trkpt>
   <trkpt lat="46.4959460" lon="11.7884810">
    <ele>1821.2</ele>
   </trkpt>
   <trkpt lat="46.4959890" lon="11.7884510">
    <ele>1820.8</ele>
   </trkpt>
   <trkpt lat="46.4960360" lon="11.7883150">
    <ele>1819.7</ele>
   </trkpt>
   <trkpt lat="46.4960360" lon="11.7881060">
    <ele>1818.2</ele>
   </trkpt>
   <trkpt lat="46.4960270" lon="11.7879800">
    <ele>1817.3</ele>
   </trkpt>
   <trkpt lat="46.4960010" lon="11.7877380">
    <ele>1815.6</ele>
   </trkpt>
   <trkpt lat="46.4959870" lon="11.7876150">
    <ele>1814.8</ele>
   </trkpt>
   <trkpt lat="46.4959620" lon="11.7875170">
    <ele>1814.3</ele>
   </trkpt>
   <trkpt lat="46.4958580" lon="11.7873920">
    <ele>1813.7</ele>
   </trkpt>
   <trkpt lat="46.4957900" lon="11.7873410">
    <ele>1813.8</ele>
   </trkpt>
   <trkpt lat="46.4957220" lon="11.7872900">
    <ele>1813.9</ele>
   </trkpt>
   <trkpt lat="46.4956180" lon="11.7871940">
    <ele>1814.3</ele>
   </trkpt>
   <trkpt lat="46.4955710" lon="11.7871540">
    <ele>1814.6</ele>
   </trkpt>
   <trkpt lat="46.4954250" lon="11.7870510">
    <ele>1815.6</ele>
   </trkpt>
   <trkpt lat="46.4950520" lon="11.7868920">
    <ele>1817.9</ele>
   </trkpt>
   <trkpt lat="46.4948880" lon="11.7868490">
    <ele>1818.1</ele>
   </trkpt>
   <trkpt lat="46.4947790" lon="11.7868350">
    <ele>1818.3</ele>
   </trkpt>
   <trkpt lat="46.4947250" lon="11.7868110">
    <ele>1818.8</ele>
   </trkpt>
   <trkpt lat="46.4945780" lon="11.7867160">
    <ele>1820.4</ele>
   </trkpt>
   <trkpt lat="46.4945350" lon="11.7866790">
    <ele>1820.9</ele>
   </trkpt>
   <trkpt lat="46.4944960" lon="11.7866450">
    <ele>1821.3</ele>
   </trkpt>
   <trkpt lat="46.4944520" lon="11.7866100">
    <ele>1821.8</ele>
   </trkpt>
   <trkpt lat="46.4943140" lon="11.7865150">
    <ele>1823.1</ele>
   </trkpt>
   <trkpt lat="46.4942690" lon="11.7864870">
    <ele>1823.5</ele>
   </trkpt>
   <trkpt lat="46.4942200" lon="11.7864680">
    <ele>1823.8</ele>
   </trkpt>
   <trkpt lat="46.4941200" lon="11.7864580">
    <ele>1824.5</ele>
   </trkpt>
   <trkpt lat="46.4940670" lon="11.7864730">
    <ele>1824.9</ele>
   </trkpt>
   <trkpt lat="46.4939690" lon="11.7865180">
    <ele>1825.6</ele>
   </trkpt>
   <trkpt lat="46.4939110" lon="11.7865580">
    <ele>1826.1</ele>
   </trkpt>
   <trkpt lat="46.4938760" lon="11.7865940">
    <ele>1826.4</ele>
   </trkpt>
   <trkpt lat="46.4937710" lon="11.7867490">
    <ele>1827.6</ele>
   </trkpt>
   <trkpt lat="46.4937260" lon="11.7868630">
    <ele>1828.3</ele>
   </trkpt>
   <trkpt lat="46.4937120" lon="11.7869260">
    <ele>1828.6</ele>
   </trkpt>
   <trkpt lat="46.4936950" lon="11.7869920">
    <ele>1829.0</ele>
   </trkpt>
   <trkpt lat="46.4936610" lon="11.7871090">
    <ele>1829.6</ele>
   </trkpt>
   <trkpt lat="46.4936420" lon="11.7871530">
    <ele>1829.9</ele>
   </trkpt>
   <trkpt lat="46.4936210" lon="11.7872110">
    <ele>1830.3</ele>
   </trkpt>
   <trkpt lat="46.4935910" lon="11.7873070">
    <ele>1830.8</ele>
   </trkpt>
   <trkpt lat="46.4935690" lon="11.7873300">
    <ele>1831.0</ele>
   </trkpt>
   <trkpt lat="46.4934980" lon="11.7873640">
    <ele>1831.5</ele>
   </trkpt>
   <trkpt lat="46.4934000" lon="11.7873780">
    <ele>1832.3</ele>
   </trkpt>
   <trkpt lat="46.4933570" lon="11.7873770">
    <ele>1832.7</ele>
   </trkpt>
   <trkpt lat="46.4931570" lon="11.7873490">
    <ele>1834.2</ele>
   </trkpt>
   <trkpt lat="46.4931130" lon="11.7873400">
    <ele>1834.5</ele>
   </trkpt>
   <trkpt lat="46.4930670" lon="11.7873390">
    <ele>1834.8</ele>
   </trkpt>
   <trkpt lat="46.4929730" lon="11.7873250">
    <ele>1835.4</ele>
   </trkpt>
   <trkpt lat="46.4929420" lon="11.7873170">
    <ele>1835.6</ele>
   </trkpt>
   <trkpt lat="46.4928550" lon="11.7872950">
    <ele>1836.2</ele>
   </trkpt>
   <trkpt lat="46.4928130" lon="11.7872770">
    <ele>1836.5</ele>
   </trkpt>
   <trkpt lat="46.4926500" lon="11.7872020">
    <ele>1837.6</ele>
   </trkpt>
   <trkpt lat="46.4926090" lon="11.7871890">
    <ele>1837.9</ele>
   </trkpt>
   <trkpt lat="46.4925700" lon="11.7871800">
    <ele>1838.1</ele>
   </trkpt>
   <trkpt lat="46.4925270" lon="11.7871730">
    <ele>1838.4</ele>
   </trkpt>
   <trkpt lat="46.4923870" lon="11.7871380">
    <ele>1839.4</ele>
   </trkpt>
   <trkpt lat="46.4923520" lon="11.7871390">
    <ele>1839.6</ele>
   </trkpt>
   <trkpt lat="46.4923030" lon="11.7871400">
    <ele>1839.9</ele>
   </trkpt>
   <trkpt lat="46.4922230" lon="11.7871390">
    <ele>1840.5</ele>
   </trkpt>
   <trkpt lat="46.4921090" lon="11.7871320">
    <ele>1841.2</ele>
   </trkpt>
   <trkpt lat="46.4919860" lon="11.7871210">
    <ele>1842.1</ele>
   </trkpt>
   <trkpt lat="46.4919110" lon="11.7871130">
    <ele>1842.6</ele>
   </trkpt>
   <trkpt lat="46.4918750" lon="11.7871070">
    <ele>1842.9</ele>
   </trkpt>
   <trkpt lat="46.4917390" lon="11.7870920">
    <ele>1843.9</ele>
   </trkpt>
   <trkpt lat="46.4916270" lon="11.7870790">
    <ele>1844.7</ele>
   </trkpt>
   <trkpt lat="46.4915940" lon="11.7870890">
    <ele>1844.9</ele>
   </trkpt>
   <trkpt lat="46.4914790" lon="11.7871190">
    <ele>1845.7</ele>
   </trkpt>
   <trkpt lat="46.4914330" lon="11.7871400">
    <ele>1846.2</ele>
   </trkpt>
   <trkpt lat="46.4913900" lon="11.7871660">
    <ele>1846.6</ele>
   </trkpt>
   <trkpt lat="46.4912270" lon="11.7873090">
    <ele>1848.5</ele>
   </trkpt>
   <trkpt lat="46.4911450" lon="11.7873840">
    <ele>1849.4</ele>
   </trkpt>
   <trkpt lat="46.4911010" lon="11.7874220">
    <ele>1849.9</ele>
   </trkpt>
   <trkpt lat="46.4910760" lon="11.7874420">
    <ele>1850.1</ele>
   </trkpt>
   <trkpt lat="46.4910490" lon="11.7874560">
    <ele>1850.4</ele>
   </trkpt>
   <trkpt lat="46.4910290" lon="11.7874700">
    <ele>1850.6</ele>
   </trkpt>
   <trkpt lat="46.4909100" lon="11.7875270">
    <ele>1851.5</ele>
   </trkpt>
   <trkpt lat="46.4908640" lon="11.7875300">
    <ele>1851.8</ele>
   </trkpt>
   <trkpt lat="46.4907330" lon="11.7875370">
    <ele>1852.7</ele>
   </trkpt>
   <trkpt lat="46.4906030" lon="11.7875650">
    <ele>1853.6</ele>
   </trkpt>
   <trkpt lat="46.4904900" lon="11.7875830">
    <ele>1854.4</ele>
   </trkpt>
   <trkpt lat="46.4902790" lon="11.7875750">
    <ele>1856.0</ele>
   </trkpt>
   <trkpt lat="46.4902300" lon="11.7875810">
    <ele>1856.4</ele>
   </trkpt>
   <trkpt lat="46.4900990" lon="11.7875930">
    <ele>1857.5</ele>
   </trkpt>
   <trkpt lat="46.4899950" lon="11.7876000">
    <ele>1858.4</ele>
   </trkpt>
   <trkpt lat="46.4899450" lon="11.7875960">
    <ele>1858.8</ele>
   </trkpt>
   <trkpt lat="46.4899050" lon="11.7876060">
    <ele>1859.1</ele>
   </trkpt>
   <trkpt lat="46.4897840" lon="11.7876350">
    <ele>1860.1</ele>
   </trkpt>
   <trkpt lat="46.4896020" lon="11.7876380">
    <ele>1861.7</ele>
   </trkpt>
   <trkpt lat="46.4895640" lon="11.7876330">
    <ele>1862.1</ele>
   </trkpt>
   <trkpt lat="46.4894980" lon="11.7876290">
    <ele>1862.6</ele>
   </trkpt>
   <trkpt lat="46.4894440" lon="11.7876230">
    <ele>1863.1</ele>
   </trkpt>
   <trkpt lat="46.4893880" lon="11.7876120">
    <ele>1863.6</ele>
   </trkpt>
   <trkpt lat="46.4891680" lon="11.7875740">
    <ele>1865.4</ele>
   </trkpt>
   <trkpt lat="46.4890010" lon="11.7875840">
    <ele>1866.6</ele>
   </trkpt>
   <trkpt lat="46.4888880" lon="11.7876100">
    <ele>1867.5</ele>
   </trkpt>
   <trkpt lat="46.4888340" lon="11.7876420">
    <ele>1867.9</ele>
   </trkpt>
   <trkpt lat="46.4887430" lon="11.7877270">
    <ele>1868.5</ele>
   </trkpt>
   <trkpt lat="46.4887020" lon="11.7877770">
    <ele>1868.8</ele>
   </trkpt>
   <trkpt lat="46.4886150" lon="11.7878680">
    <ele>1869.3</ele>
   </trkpt>
   <trkpt lat="46.4885320" lon="11.7879380">
    <ele>1869.8</ele>
   </trkpt>
   <trkpt lat="46.4883890" lon="11.7880300">
    <ele>1870.6</ele>
   </trkpt>
   <trkpt lat="46.4883400" lon="11.7880530">
    <ele>1870.9</ele>
   </trkpt>
   <trkpt lat="46.4882140" lon="11.7881160">
    <ele>1871.7</ele>
   </trkpt>
   <trkpt lat="46.4880810" lon="11.7881700">
    <ele>1872.7</ele>
   </trkpt>
   <trkpt lat="46.4880320" lon="11.7881750">
    <ele>1873.1</ele>
   </trkpt>
   <trkpt lat="46.4879830" lon="11.7881720">
    <ele>1873.5</ele>
   </trkpt>
   <trkpt lat="46.4879410" lon="11.7881640">
    <ele>1873.8</ele>
   </trkpt>
   <trkpt lat="46.4878560" lon="11.7881410">
    <ele>1874.6</ele>
   </trkpt>
   <trkpt lat="46.4878110" lon="11.7881370">
    <ele>1875.0</ele>
   </trkpt>
   <trkpt lat="46.4877620" lon="11.7881280">
    <ele>1875.4</ele>
   </trkpt>
   <trkpt lat="46.4876470" lon="11.7880690">
    <ele>1876.5</ele>
   </trkpt>
   <trkpt lat="46.4876170" lon="11.7880510">
    <ele>1876.8</ele>
   </trkpt>
   <trkpt lat="46.4875410" lon="11.7880060">
    <ele>1877.6</ele>
   </trkpt>
   <trkpt lat="46.4874570" lon="11.7879600">
    <ele>1878.4</ele>
   </trkpt>
   <trkpt lat="46.4874230" lon="11.7879300">
    <ele>1878.8</ele>
   </trkpt>
   <trkpt lat="46.4873920" lon="11.7879020">
    <ele>1879.2</ele>
   </trkpt>
   <trkpt lat="46.4873550" lon="11.7878760">
    <ele>1879.6</ele>
   </trkpt>
   <trkpt lat="46.4873080" lon="11.7878530">
    <ele>1880.1</ele>
   </trkpt>
   <trkpt lat="46.4872070" lon="11.7878070">
    <ele>1881.1</ele>
   </trkpt>
   <trkpt lat="46.4870950" lon="11.7877660">
    <ele>1882.1</ele>
   </trkpt>
   <trkpt lat="46.4869850" lon="11.7877120">
    <ele>1883.1</ele>
   </trkpt>
   <trkpt lat="46.4869390" lon="11.7876690">
    <ele>1883.6</ele>
   </trkpt>
   <trkpt lat="46.4868020" lon="11.7875220">
    <ele>1885.1</ele>
   </trkpt>
   <trkpt lat="46.4866990" lon="11.7874560">
    <ele>1886.1</ele>
   </trkpt>
   <trkpt lat="46.4866400" lon="11.7874400">
    <ele>1886.6</ele>
   </trkpt>
   <trkpt lat="46.4865220" lon="11.7874150">
    <ele>1887.5</ele>
   </trkpt>
   <trkpt lat="46.4863460" lon="11.7873840">
    <ele>1888.8</ele>
   </trkpt>
   <trkpt lat="46.4862900" lon="11.7873640">
    <ele>1889.3</ele>
   </trkpt>
   <trkpt lat="46.4861830" lon="11.7873260">
    <ele>1890.2</ele>
   </trkpt>
   <trkpt lat="46.4860250" lon="11.7872530">
    <ele>1891.5</ele>
   </trkpt>
   <trkpt lat="46.4858610" lon="11.7871990">
    <ele>1892.9</ele>
   </trkpt>
   <trkpt lat="46.4858050" lon="11.7871980">
    <ele>1893.3</ele>
   </trkpt>
   <trkpt lat="46.4857560" lon="11.7872160">
    <ele>1893.7</ele>
   </trkpt>
   <trkpt lat="46.4856850" lon="11.7872940">
    <ele>1894.4</ele>
   </trkpt>
   <trkpt lat="46.4856520" lon="11.7873630">
    <ele>1894.9</ele>
   </trkpt>
   <trkpt lat="46.4856190" lon="11.7874910">
    <ele>1895.7</ele>
   </trkpt>
   <trkpt lat="46.4855790" lon="11.7876240">
    <ele>1896.6</ele>
   </trkpt>
   <trkpt lat="46.4855400" lon="11.7877460">
    <ele>1897.4</ele>
   </trkpt>
   <trkpt lat="46.4855120" lon="11.7878100">
    <ele>1897.8</ele>
   </trkpt>
   <trkpt lat="46.4854780" lon="11.7878700">
    <ele>1898.2</ele>
   </trkpt>
   <trkpt lat="46.4854130" lon="11.7879570">
    <ele>1898.9</ele>
   </trkpt>
   <trkpt lat="46.4853810" lon="11.7879570">
    <ele>1899.1</ele>
   </trkpt>
   <trkpt lat="46.4853230" lon="11.7878980">
    <ele>1899.6</ele>
   </trkpt>
   <trkpt lat="46.4853020" lon="11.7878440">
    <ele>1899.9</ele>
   </trkpt>
   <trkpt lat="46.4852220" lon="11.7876510">
    <ele>1901.1</ele>
   </trkpt>
   <trkpt lat="46.4851210" lon="11.7874480">
    <ele>1902.3</ele>
   </trkpt>
   <trkpt lat="46.4850630" lon="11.7874030">
    <ele>1902.8</ele>
   </trkpt>
   <trkpt lat="46.4849080" lon="11.7872820">
    <ele>1904.1</ele>
   </trkpt>
   <trkpt lat="46.4847640" lon="11.7871920">
    <ele>1905.2</ele>
   </trkpt>
   <trkpt lat="46.4845920" lon="11.7871370">
    <ele>1906.6</ele>
   </trkpt>
   <trkpt lat="46.4845370" lon="11.7871260">
    <ele>1907.1</ele>
   </trkpt>
   <trkpt lat="46.4844830" lon="11.7871140">
    <ele>1907.5</ele>
   </trkpt>
   <trkpt lat="46.4843110" lon="11.7871260">
    <ele>1908.9</ele>
   </trkpt>
   <trkpt lat="46.4842630" lon="11.7871370">
    <ele>1909.3</ele>
   </trkpt>
   <trkpt lat="46.4841580" lon="11.7871610">
    <ele>1910.1</ele>
   </trkpt>
   <trkpt lat="46.4841030" lon="11.7871730">
    <ele>1910.6</ele>
   </trkpt>
   <trkpt lat="46.4839940" lon="11.7871620">
    <ele>1911.4</ele>
   </trkpt>
   <trkpt lat="46.4839360" lon="11.7871570">
    <ele>1911.9</ele>
   </trkpt>
   <trkpt lat="46.4837800" lon="11.7871410">
    <ele>1913.1</ele>
   </trkpt>
   <trkpt lat="46.4836810" lon="11.7871380">
    <ele>1914.0</ele>
   </trkpt>
   <trkpt lat="46.4836330" lon="11.7871330">
    <ele>1914.4</ele>
   </trkpt>
   <trkpt lat="46.4835820" lon="11.7871290">
    <ele>1914.8</ele>
   </trkpt>
   <trkpt lat="46.4834520" lon="11.7871460">
    <ele>1915.9</ele>
   </trkpt>
   <trkpt lat="46.4833860" lon="11.7871580">
    <ele>1916.4</ele>
   </trkpt>
   <trkpt lat="46.4833310" lon="11.7871790">
    <ele>1916.7</ele>
   </trkpt>
   <trkpt lat="46.4832720" lon="11.7872090">
    <ele>1917.1</ele>
   </trkpt>
   <trkpt lat="46.4831680" lon="11.7872860">
    <ele>1917.8</ele>
   </trkpt>
   <trkpt lat="46.4830550" lon="11.7874000">
    <ele>1918.7</ele>
   </trkpt>
   <trkpt lat="46.4829850" lon="11.7874480">
    <ele>1919.2</ele>
   </trkpt>
   <trkpt lat="46.4829030" lon="11.7875020">
    <ele>1919.8</ele>
   </trkpt>
   <trkpt lat="46.4828510" lon="11.7875320">
    <ele>1920.2</ele>
   </trkpt>
   <trkpt lat="46.4827120" lon="11.7875920">
    <ele>1921.3</ele>
   </trkpt>
   <trkpt lat="46.4826840" lon="11.7876120">
    <ele>1921.6</ele>
   </trkpt>
   <trkpt lat="46.4825990" lon="11.7876870">
    <ele>1922.6</ele>
   </trkpt>
   <trkpt lat="46.4825270" lon="11.7877440">
    <ele>1923.4</ele>
   </trkpt>
   <trkpt lat="46.4824510" lon="11.7877980">
    <ele>1924.3</ele>
   </trkpt>
   <trkpt lat="46.4824080" lon="11.7878160">
    <ele>1924.8</ele>
   </trkpt>
   <trkpt lat="46.4823180" lon="11.7878570">
    <ele>1925.8</ele>
   </trkpt>
   <trkpt lat="46.4822630" lon="11.7878630">
    <ele>1926.4</ele>
   </trkpt>
   <trkpt lat="46.4821940" lon="11.7878620">
    <ele>1927.1</ele>
   </trkpt>
   <trkpt lat="46.4820860" lon="11.7878410">
    <ele>1928.3</ele>
   </trkpt>
   <trkpt lat="46.4819890" lon="11.7878240">
    <ele>1928.9</ele>
   </trkpt>
   <trkpt lat="46.4818800" lon="11.7878470">
    <ele>1929.0</ele>
   </trkpt>
   <trkpt lat="46.4818320" lon="11.7878840">
    <ele>1929.1</ele>
   </trkpt>
   <trkpt lat="46.4817450" lon="11.7880020">
    <ele>1929.8</ele>
   </trkpt>
   <trkpt lat="46.4816410" lon="11.7881970">
    <ele>1930.8</ele>
   </trkpt>
   <trkpt lat="46.4816010" lon="11.7882690">
    <ele>1931.2</ele>
   </trkpt>
   <trkpt lat="46.4815750" lon="11.7883480">
    <ele>1931.5</ele>
   </trkpt>
   <trkpt lat="46.4815650" lon="11.7884290">
    <ele>1931.9</ele>
   </trkpt>
   <trkpt lat="46.4815790" lon="11.7885090">
    <ele>1932.2</ele>
   </trkpt>
   <trkpt lat="46.4816170" lon="11.7885660">
    <ele>1932.5</ele>
   </trkpt>
   <trkpt lat="46.4816690" lon="11.7885890">
    <ele>1932.7</ele>
   </trkpt>
   <trkpt lat="46.4817230" lon="11.7885650">
    <ele>1933.0</ele>
   </trkpt>
   <trkpt lat="46.4817690" lon="11.7885120">
    <ele>1933.2</ele>
   </trkpt>
   <trkpt lat="46.4818620" lon="11.7883870">
    <ele>1933.6</ele>
   </trkpt>
   <trkpt lat="46.4819150" lon="11.7883360">
    <ele>1933.9</ele>
   </trkpt>
   <trkpt lat="46.4819670" lon="11.7883060">
    <ele>1934.1</ele>
   </trkpt>
   <trkpt lat="46.4820170" lon="11.7882890">
    <ele>1934.4</ele>
   </trkpt>
   <trkpt lat="46.4820750" lon="11.7882840">
    <ele>1934.7</ele>
   </trkpt>
   <trkpt lat="46.4821360" lon="11.7882790">
    <ele>1935.1</ele>
   </trkpt>
   <trkpt lat="46.4823060" lon="11.7882580">
    <ele>1936.3</ele>
   </trkpt>
   <trkpt lat="46.4824180" lon="11.7882430">
    <ele>1937.0</ele>
   </trkpt>
   <trkpt lat="46.4825270" lon="11.7882180">
    <ele>1937.9</ele>
   </trkpt>
   <trkpt lat="46.4826630" lon="11.7881660">
    <ele>1939.1</ele>
   </trkpt>
   <trkpt lat="46.4827060" lon="11.7881270">
    <ele>1939.5</ele>
   </trkpt>
   <trkpt lat="46.4827970" lon="11.7880690">
    <ele>1940.4</ele>
   </trkpt>
   <trkpt lat="46.4828920" lon="11.7880350">
    <ele>1941.2</ele>
   </trkpt>
   <trkpt lat="46.4829470" lon="11.7880060">
    <ele>1941.7</ele>
   </trkpt>
   <trkpt lat="46.4830750" lon="11.7879310">
    <ele>1942.8</ele>
   </trkpt>
   <trkpt lat="46.4831690" lon="11.7878660">
    <ele>1943.7</ele>
   </trkpt>
   <trkpt lat="46.4832190" lon="11.7878380">
    <ele>1944.2</ele>
   </trkpt>
   <trkpt lat="46.4833660" lon="11.7877850">
    <ele>1945.5</ele>
   </trkpt>
   <trkpt lat="46.4834170" lon="11.7877780">
    <ele>1945.9</ele>
   </trkpt>
   <trkpt lat="46.4834920" lon="11.7877650">
    <ele>1946.5</ele>
   </trkpt>
   <trkpt lat="46.4836270" lon="11.7877900">
    <ele>1947.6</ele>
   </trkpt>
   <trkpt lat="46.4837310" lon="11.7878260">
    <ele>1948.5</ele>
   </trkpt>
   <trkpt lat="46.4837770" lon="11.7878390">
    <ele>1948.9</ele>
   </trkpt>
   <trkpt lat="46.4838380" lon="11.7878790">
    <ele>1949.4</ele>
   </trkpt>
   <trkpt lat="46.4839640" lon="11.7880070">
    <ele>1950.6</ele>
   </trkpt>
   <trkpt lat="46.4840640" lon="11.7881890">
    <ele>1951.8</ele>
   </trkpt>
   <trkpt lat="46.4840960" lon="11.7882700">
    <ele>1952.3</ele>
   </trkpt>
   <trkpt lat="46.4841720" lon="11.7884320">
    <ele>1953.4</ele>
   </trkpt>
   <trkpt lat="46.4842520" lon="11.7885820">
    <ele>1954.4</ele>
   </trkpt>
   <trkpt lat="46.4843240" lon="11.7887460">
    <ele>1955.5</ele>
   </trkpt>
   <trkpt lat="46.4843950" lon="11.7889090">
    <ele>1956.5</ele>
   </trkpt>
   <trkpt lat="46.4844030" lon="11.7889870">
    <ele>1956.9</ele>
   </trkpt>
   <trkpt lat="46.4844200" lon="11.7890430">
    <ele>1957.2</ele>
   </trkpt>
   <trkpt lat="46.4844600" lon="11.7892060">
    <ele>1958.1</ele>
   </trkpt>
   <trkpt lat="46.4845050" lon="11.7894210">
    <ele>1959.4</ele>
   </trkpt>
   <trkpt lat="46.4845320" lon="11.7894940">
    <ele>1959.8</ele>
   </trkpt>
   <trkpt lat="46.4845700" lon="11.7895710">
    <ele>1960.4</ele>
   </trkpt>
   <trkpt lat="46.4845670" lon="11.7896620">
    <ele>1960.9</ele>
   </trkpt>
   <trkpt lat="46.4846030" lon="11.7898100">
    <ele>1961.8</ele>
   </trkpt>
   <trkpt lat="46.4846400" lon="11.7898710">
    <ele>1962.3</ele>
   </trkpt>
   <trkpt lat="46.4847440" lon="11.7900630">
    <ele>1963.6</ele>
   </trkpt>
   <trkpt lat="46.4848060" lon="11.7901870">
    <ele>1964.5</ele>
   </trkpt>
   <trkpt lat="46.4848450" lon="11.7903290">
    <ele>1965.4</ele>
   </trkpt>
   <trkpt lat="46.4848620" lon="11.7904810">
    <ele>1966.4</ele>
   </trkpt>
   <trkpt lat="46.4848590" lon="11.7905590">
    <ele>1966.8</ele>
   </trkpt>
   <trkpt lat="46.4848650" lon="11.7906330">
    <ele>1967.3</ele>
   </trkpt>
   <trkpt lat="46.4848910" lon="11.7907700">
    <ele>1968.2</ele>
   </trkpt>
   <trkpt lat="46.4849070" lon="11.7908360">
    <ele>1968.6</ele>
   </trkpt>
   <trkpt lat="46.4849170" lon="11.7909110">
    <ele>1969.1</ele>
   </trkpt>
   <trkpt lat="46.4849380" lon="11.7909770">
    <ele>1969.5</ele>
   </trkpt>
   <trkpt lat="46.4849640" lon="11.7910280">
    <ele>1969.9</ele>
   </trkpt>
   <trkpt lat="46.4850870" lon="11.7910590">
    <ele>1970.9</ele>
   </trkpt>
   <trkpt lat="46.4851500" lon="11.7910580">
    <ele>1971.4</ele>
   </trkpt>
   <trkpt lat="46.4851980" lon="11.7910200">
    <ele>1971.8</ele>
   </trkpt>
   <trkpt lat="46.4852430" lon="11.7909740">
    <ele>1972.2</ele>
   </trkpt>
   <trkpt lat="46.4853240" lon="11.7908890">
    <ele>1973.0</ele>
   </trkpt>
   <trkpt lat="46.4854290" lon="11.7907790">
    <ele>1974.0</ele>
   </trkpt>
   <trkpt lat="46.4854660" lon="11.7907460">
    <ele>1974.3</ele>
   </trkpt>
   <trkpt lat="46.4855060" lon="11.7907200">
    <ele>1974.7</ele>
   </trkpt>
   <trkpt lat="46.4855330" lon="11.7907090">
    <ele>1974.9</ele>
   </trkpt>
   <trkpt lat="46.4855870" lon="11.7907210">
    <ele>1975.3</ele>
   </trkpt>
   <trkpt lat="46.4856640" lon="11.7907610">
    <ele>1976.0</ele>
   </trkpt>
   <trkpt lat="46.4857850" lon="11.7908590">
    <ele>1977.0</ele>
   </trkpt>
   <trkpt lat="46.4858840" lon="11.7909540">
    <ele>1977.6</ele>
   </trkpt>
   <trkpt lat="46.4859210" lon="11.7910190">
    <ele>1978.1</ele>
   </trkpt>
   <trkpt lat="46.4859710" lon="11.7911610">
    <ele>1978.9</ele>
   </trkpt>
   <trkpt lat="46.4860010" lon="11.7912400">
    <ele>1979.3</ele>
   </trkpt>
   <trkpt lat="46.4861250" lon="11.7914570">
    <ele>1980.4</ele>
   </trkpt>
   <trkpt lat="46.4861710" lon="11.7915980">
    <ele>1981.1</ele>
   </trkpt>
   <trkpt lat="46.4862010" lon="11.7916670">
    <ele>1981.4</ele>
   </trkpt>
   <trkpt lat="46.4862640" lon="11.7917860">
    <ele>1982.1</ele>
   </trkpt>
   <trkpt lat="46.4863660" lon="11.7919370">
    <ele>1983.2</ele>
   </trkpt>
   <trkpt lat="46.4864130" lon="11.7919990">
    <ele>1983.6</ele>
   </trkpt>
   <trkpt lat="46.4864980" lon="11.7920810">
    <ele>1984.4</ele>
   </trkpt>
   <trkpt lat="46.4865360" lon="11.7920930">
    <ele>1984.6</ele>
   </trkpt>
   <trkpt lat="46.4865960" lon="11.7920860">
    <ele>1985.0</ele>
   </trkpt>
   <trkpt lat="46.4866770" lon="11.7919930">
    <ele>1985.7</ele>
   </trkpt>
   <trkpt lat="46.4867200" lon="11.7918390">
    <ele>1986.5</ele>
   </trkpt>
   <trkpt lat="46.4867760" lon="11.7916180">
    <ele>1987.7</ele>
   </trkpt>
   <trkpt lat="46.4867990" lon="11.7915500">
    <ele>1988.1</ele>
   </trkpt>
   <trkpt lat="46.4868800" lon="11.7913650">
    <ele>1989.4</ele>
   </trkpt>
   <trkpt lat="46.4869190" lon="11.7913180">
    <ele>1989.8</ele>
   </trkpt>
   <trkpt lat="46.4869650" lon="11.7912810">
    <ele>1990.2</ele>
   </trkpt>
   <trkpt lat="46.4870110" lon="11.7912550">
    <ele>1990.6</ele>
   </trkpt>
   <trkpt lat="46.4870540" lon="11.7912420">
    <ele>1990.9</ele>
   </trkpt>
   <trkpt lat="46.4870920" lon="11.7912440">
    <ele>1991.1</ele>
   </trkpt>
   <trkpt lat="46.4871340" lon="11.7912500">
    <ele>1991.4</ele>
   </trkpt>
   <trkpt lat="46.4873100" lon="11.7913210">
    <ele>1992.6</ele>
   </trkpt>
   <trkpt lat="46.4874010" lon="11.7913620">
    <ele>1993.2</ele>
   </trkpt>
   <trkpt lat="46.4874480" lon="11.7913690">
    <ele>1993.5</ele>
   </trkpt>
   <trkpt lat="46.4874860" lon="11.7913720">
    <ele>1993.8</ele>
   </trkpt>
   <trkpt lat="46.4875360" lon="11.7913790">
    <ele>1994.2</ele>
   </trkpt>
   <trkpt lat="46.4875920" lon="11.7913880">
    <ele>1994.6</ele>
   </trkpt>
   <trkpt lat="46.4876990" lon="11.7914220">
    <ele>1995.5</ele>
   </trkpt>
   <trkpt lat="46.4877480" lon="11.7914100">
    <ele>1995.9</ele>
   </trkpt>
   <trkpt lat="46.4878420" lon="11.7913590">
    <ele>1996.7</ele>
   </trkpt>
   <trkpt lat="46.4879250" lon="11.7912880">
    <ele>1997.3</ele>
   </trkpt>
   <trkpt lat="46.4879570" lon="11.7912500">
    <ele>1997.6</ele>
   </trkpt>
   <trkpt lat="46.4880060" lon="11.7912210">
    <ele>1997.9</ele>
   </trkpt>
   <trkpt lat="46.4880650" lon="11.7912030">
    <ele>1998.3</ele>
   </trkpt>
   <trkpt lat="46.4881140" lon="11.7911780">
    <ele>1998.6</ele>
   </trkpt>
   <trkpt lat="46.4883580" lon="11.7910540">
    <ele>2000.4</ele>
   </trkpt>
   <trkpt lat="46.4885060" lon="11.7910040">
    <ele>2001.5</ele>
   </trkpt>
   <trkpt lat="46.4885710" lon="11.7909890">
    <ele>2002.0</ele>
   </trkpt>
   <trkpt lat="46.4886520" lon="11.7909490">
    <ele>2002.7</ele>
   </trkpt>
   <trkpt lat="46.4887850" lon="11.7908760">
    <ele>2003.8</ele>
   </trkpt>
   <trkpt lat="46.4888290" lon="11.7908440">
    <ele>2004.2</ele>
   </trkpt>
   <trkpt lat="46.4890000" lon="11.7906780">
    <ele>2005.9</ele>
   </trkpt>
   <trkpt lat="46.4890840" lon="11.7905900">
    <ele>2006.7</ele>
   </trkpt>
   <trkpt lat="46.4891320" lon="11.7905510">
    <ele>2007.2</ele>
   </trkpt>
   <trkpt lat="46.4891800" lon="11.7905190">
    <ele>2007.6</ele>
   </trkpt>
   <trkpt lat="46.4892280" lon="11.7905020">
    <ele>2008.0</ele>
   </trkpt>
   <trkpt lat="46.4892710" lon="11.7904930">
    <ele>2008.4</ele>
   </trkpt>
   <trkpt lat="46.4893640" lon="11.7905230">
    <ele>2009.2</ele>
   </trkpt>
   <trkpt lat="46.4894160" lon="11.7905570">
    <ele>2009.6</ele>
   </trkpt>
   <trkpt lat="46.4894710" lon="11.7906060">
    <ele>2010.0</ele>
   </trkpt>
   <trkpt lat="46.4895680" lon="11.7907210">
    <ele>2010.9</ele>
   </trkpt>
   <trkpt lat="46.4896080" lon="11.7907900">
    <ele>2011.3</ele>
   </trkpt>
   <trkpt lat="46.4896900" lon="11.7909230">
    <ele>2012.1</ele>
   </trkpt>
   <trkpt lat="46.4897300" lon="11.7909920">
    <ele>2012.6</ele>
   </trkpt>
   <trkpt lat="46.4897710" lon="11.7910560">
    <ele>2013.0</ele>
   </trkpt>
   <trkpt lat="46.4898350" lon="11.7911920">
    <ele>2013.7</ele>
   </trkpt>
   <trkpt lat="46.4899080" lon="11.7913200">
    <ele>2014.5</ele>
   </trkpt>
   <trkpt lat="46.4899390" lon="11.7913900">
    <ele>2014.9</ele>
   </trkpt>
   <trkpt lat="46.4899750" lon="11.7915370">
    <ele>2015.7</ele>
   </trkpt>
   <trkpt lat="46.4899970" lon="11.7916280">
    <ele>2016.2</ele>
   </trkpt>
   <trkpt lat="46.4900640" lon="11.7918390">
    <ele>2017.5</ele>
   </trkpt>
   <trkpt lat="46.4900920" lon="11.7919270">
    <ele>2018.0</ele>
   </trkpt>
   <trkpt lat="46.4901390" lon="11.7922130">
    <ele>2019.4</ele>
   </trkpt>
   <trkpt lat="46.4901590" lon="11.7922750">
    <ele>2019.7</ele>
   </trkpt>
   <trkpt lat="46.4901890" lon="11.7923540">
    <ele>2020.1</ele>
   </trkpt>
   <trkpt lat="46.4902260" lon="11.7924430">
    <ele>2020.6</ele>
   </trkpt>
   <trkpt lat="46.4902490" lon="11.7925180">
    <ele>2020.9</ele>
   </trkpt>
   <trkpt lat="46.4902270" lon="11.7926900">
    <ele>2021.7</ele>
   </trkpt>
   <trkpt lat="46.4901450" lon="11.7927750">
    <ele>2022.3</ele>
   </trkpt>
   <trkpt lat="46.4901160" lon="11.7927760">
    <ele>2022.4</ele>
   </trkpt>
   <trkpt lat="46.4900950" lon="11.7927500">
    <ele>2022.6</ele>
   </trkpt>
   <trkpt lat="46.4900450" lon="11.7926050">
    <ele>2023.0</ele>
   </trkpt>
   <trkpt lat="46.4900360" lon="11.7925170">
    <ele>2023.3</ele>
   </trkpt>
   <trkpt lat="46.4900220" lon="11.7924320">
    <ele>2023.5</ele>
   </trkpt>
   <trkpt lat="46.4899320" lon="11.7921910">
    <ele>2024.2</ele>
   </trkpt>
   <trkpt lat="46.4898700" lon="11.7920530">
    <ele>2024.9</ele>
   </trkpt>
   <trkpt lat="46.4898330" lon="11.7919930">
    <ele>2025.3</ele>
   </trkpt>
   <trkpt lat="46.4897160" lon="11.7917880">
    <ele>2026.7</ele>
   </trkpt>
   <trkpt lat="46.4896540" lon="11.7917320">
    <ele>2027.2</ele>
   </trkpt>
   <trkpt lat="46.4895890" lon="11.7916730">
    <ele>2027.7</ele>
   </trkpt>
   <trkpt lat="46.4895110" lon="11.7916350">
    <ele>2028.3</ele>
   </trkpt>
   <trkpt lat="46.4893840" lon="11.7915550">
    <ele>2029.2</ele>
   </trkpt>
   <trkpt lat="46.4892670" lon="11.7914910">
    <ele>2030.1</ele>
   </trkpt>
   <trkpt lat="46.4892170" lon="11.7915120">
    <ele>2030.5</ele>
   </trkpt>
   <trkpt lat="46.4891690" lon="11.7915610">
    <ele>2030.9</ele>
   </trkpt>
   <trkpt lat="46.4890970" lon="11.7916730">
    <ele>2031.6</ele>
   </trkpt>
   <trkpt lat="46.4890010" lon="11.7918890">
    <ele>2032.7</ele>
   </trkpt>
   <trkpt lat="46.4889290" lon="11.7920210">
    <ele>2033.3</ele>
   </trkpt>
   <trkpt lat="46.4888090" lon="11.7921770">
    <ele>2034.4</ele>
   </trkpt>
   <trkpt lat="46.4887650" lon="11.7922280">
    <ele>2034.8</ele>
   </trkpt>
   <trkpt lat="46.4886540" lon="11.7923770">
    <ele>2035.8</ele>
   </trkpt>
   <trkpt lat="46.4886010" lon="11.7924430">
    <ele>2036.3</ele>
   </trkpt>
   <trkpt lat="46.4885060" lon="11.7925550">
    <ele>2037.3</ele>
   </trkpt>
   <trkpt lat="46.4883850" lon="11.7926980">
    <ele>2038.7</ele>
   </trkpt>
   <trkpt lat="46.4883500" lon="11.7927310">
    <ele>2039.1</ele>
   </trkpt>
   <trkpt lat="46.4882470" lon="11.7927990">
    <ele>2040.1</ele>
   </trkpt>
   <trkpt lat="46.4881130" lon="11.7928480">
    <ele>2041.4</ele>
   </trkpt>
   <trkpt lat="46.4879710" lon="11.7929040">
    <ele>2042.8</ele>
   </trkpt>
   <trkpt lat="46.4879190" lon="11.7929280">
    <ele>2043.3</ele>
   </trkpt>
   <trkpt lat="46.4878690" lon="11.7929570">
    <ele>2043.8</ele>
   </trkpt>
   <trkpt lat="46.4878150" lon="11.7929990">
    <ele>2044.4</ele>
   </trkpt>
   <trkpt lat="46.4877700" lon="11.7930440">
    <ele>2044.9</ele>
   </trkpt>
   <trkpt lat="46.4877040" lon="11.7931500">
    <ele>2045.8</ele>
   </trkpt>
   <trkpt lat="46.4876730" lon="11.7932180">
    <ele>2046.3</ele>
   </trkpt>
   <trkpt lat="46.4876280" lon="11.7933770">
    <ele>2047.3</ele>
   </trkpt>
   <trkpt lat="46.4876150" lon="11.7934520">
    <ele>2047.7</ele>
   </trkpt>
   <trkpt lat="46.4876050" lon="11.7935980">
    <ele>2048.3</ele>
   </trkpt>
   <trkpt lat="46.4876080" lon="11.7938460">
    <ele>2049.3</ele>
   </trkpt>
   <trkpt lat="46.4876000" lon="11.7940800">
    <ele>2050.2</ele>
   </trkpt>
   <trkpt lat="46.4876150" lon="11.7943160">
    <ele>2051.2</ele>
   </trkpt>
   <trkpt lat="46.4876180" lon="11.7944000">
    <ele>2051.5</ele>
   </trkpt>
   <trkpt lat="46.4876250" lon="11.7945640">
    <ele>2052.2</ele>
   </trkpt>
   <trkpt lat="46.4876550" lon="11.7948720">
    <ele>2053.7</ele>
   </trkpt>
   <trkpt lat="46.4876800" lon="11.7950390">
    <ele>2054.6</ele>
   </trkpt>
   <trkpt lat="46.4876950" lon="11.7951080">
    <ele>2055.0</ele>
   </trkpt>
   <trkpt lat="46.4877030" lon="11.7951860">
    <ele>2055.4</ele>
   </trkpt>
   <trkpt lat="46.4876960" lon="11.7954180">
    <ele>2056.7</ele>
   </trkpt>
   <trkpt lat="46.4877000" lon="11.7954960">
    <ele>2057.1</ele>
   </trkpt>
   <trkpt lat="46.4877010" lon="11.7956510">
    <ele>2058.0</ele>
   </trkpt>
   <trkpt lat="46.4876900" lon="11.7957260">
    <ele>2058.4</ele>
   </trkpt>
   <trkpt lat="46.4876840" lon="11.7958810">
    <ele>2059.2</ele>
   </trkpt>
   <trkpt lat="46.4877030" lon="11.7959630">
    <ele>2059.7</ele>
   </trkpt>
   <trkpt lat="46.4877150" lon="11.7960450">
    <ele>2060.2</ele>
   </trkpt>
   <trkpt lat="46.4877180" lon="11.7961230">
    <ele>2060.6</ele>
   </trkpt>
   <trkpt lat="46.4877260" lon="11.7962000">
    <ele>2061.1</ele>
   </trkpt>
   <trkpt lat="46.4877400" lon="11.7962760">
    <ele>2061.5</ele>
   </trkpt>
   <trkpt lat="46.4877500" lon="11.7963520">
    <ele>2061.9</ele>
   </trkpt>
   <trkpt lat="46.4877900" lon="11.7964980">
    <ele>2062.6</ele>
   </trkpt>
   <trkpt lat="46.4878000" lon="11.7966550">
    <ele>2063.3</ele>
   </trkpt>
   <trkpt lat="46.4877930" lon="11.7967330">
    <ele>2063.6</ele>
   </trkpt>
   <trkpt lat="46.4877610" lon="11.7968640">
    <ele>2064.1</ele>
   </trkpt>
   <trkpt lat="46.4877210" lon="11.7969210">
    <ele>2064.4</ele>
   </trkpt>
   <trkpt lat="46.4876730" lon="11.7969700">
    <ele>2064.6</ele>
   </trkpt>
   <trkpt lat="46.4876250" lon="11.7970090">
    <ele>2064.9</ele>
   </trkpt>
   <trkpt lat="46.4875790" lon="11.7970310">
    <ele>2065.1</ele>
   </trkpt>
   <trkpt lat="46.4874800" lon="11.7970470">
    <ele>2065.5</ele>
   </trkpt>
   <trkpt lat="46.4872800" lon="11.7970960">
    <ele>2066.7</ele>
   </trkpt>
   <trkpt lat="46.4872370" lon="11.7971210">
    <ele>2067.0</ele>
   </trkpt>
   <trkpt lat="46.4871890" lon="11.7971610">
    <ele>2067.4</ele>
   </trkpt>
   <trkpt lat="46.4871080" lon="11.7972920">
    <ele>2068.3</ele>
   </trkpt>
   <trkpt lat="46.4870970" lon="11.7973550">
    <ele>2068.7</ele>
   </trkpt>
   <trkpt lat="46.4870560" lon="11.7974800">
    <ele>2069.5</ele>
   </trkpt>
   <trkpt lat="46.4870470" lon="11.7975790">
    <ele>2070.1</ele>
   </trkpt>
   <trkpt lat="46.4869810" lon="11.7976930">
    <ele>2070.9</ele>
   </trkpt>
   <trkpt lat="46.4869460" lon="11.7977120">
    <ele>2071.2</ele>
   </trkpt>
   <trkpt lat="46.4868720" lon="11.7977040">
    <ele>2071.7</ele>
   </trkpt>
   <trkpt lat="46.4867690" lon="11.7976000">
    <ele>2072.6</ele>
   </trkpt>
   <trkpt lat="46.4867290" lon="11.7975580">
    <ele>2072.9</ele>
   </trkpt>
   <trkpt lat="46.4866890" lon="11.7975170">
    <ele>2073.3</ele>
   </trkpt>
   <trkpt lat="46.4865640" lon="11.7974040">
    <ele>2074.2</ele>
   </trkpt>
   <trkpt lat="46.4865150" lon="11.7973770">
    <ele>2074.5</ele>
   </trkpt>
   <trkpt lat="46.4864750" lon="11.7973650">
    <ele>2074.8</ele>
   </trkpt>
   <trkpt lat="46.4863520" lon="11.7973950">
    <ele>2075.6</ele>
   </trkpt>
   <trkpt lat="46.4862440" lon="11.7974760">
    <ele>2076.3</ele>
   </trkpt>
   <trkpt lat="46.4861700" lon="11.7975820">
    <ele>2077.0</ele>
   </trkpt>
   <trkpt lat="46.4861250" lon="11.7976520">
    <ele>2077.5</ele>
   </trkpt>
   <trkpt lat="46.4860490" lon="11.7977540">
    <ele>2078.2</ele>
   </trkpt>
   <trkpt lat="46.4860120" lon="11.7978180">
    <ele>2078.7</ele>
   </trkpt>
   <trkpt lat="46.4859680" lon="11.7978770">
    <ele>2079.1</ele>
   </trkpt>
   <trkpt lat="46.4858720" lon="11.7979250">
    <ele>2079.9</ele>
   </trkpt>
   <trkpt lat="46.4857660" lon="11.7978870">
    <ele>2080.8</ele>
   </trkpt>
   <trkpt lat="46.4856710" lon="11.7979060">
    <ele>2081.5</ele>
   </trkpt>
   <trkpt lat="46.4856190" lon="11.7980320">
    <ele>2082.2</ele>
   </trkpt>
   <trkpt lat="46.4856280" lon="11.7981030">
    <ele>2082.6</ele>
   </trkpt>
   <trkpt lat="46.4856630" lon="11.7981640">
    <ele>2082.9</ele>
   </trkpt>
   <trkpt lat="46.4857090" lon="11.7981830">
    <ele>2083.1</ele>
   </trkpt>
   <trkpt lat="46.4857570" lon="11.7981840">
    <ele>2083.4</ele>
   </trkpt>
   <trkpt lat="46.4858590" lon="11.7981780">
    <ele>2084.0</ele>
   </trkpt>
   <trkpt lat="46.4859110" lon="11.7981930">
    <ele>2084.3</ele>
   </trkpt>
   <trkpt lat="46.4859650" lon="11.7982340">
    <ele>2084.8</ele>
   </trkpt>
   <trkpt lat="46.4860990" lon="11.7984090">
    <ele>2086.3</ele>
   </trkpt>
   <trkpt lat="46.4862190" lon="11.7985730">
    <ele>2087.7</ele>
   </trkpt>
   <trkpt lat="46.4862640" lon="11.7986390">
    <ele>2088.2</ele>
   </trkpt>
   <trkpt lat="46.4863610" lon="11.7987470">
    <ele>2089.3</ele>
   </trkpt>
   <trkpt lat="46.4864010" lon="11.7987870">
    <ele>2089.7</ele>
   </trkpt>
   <trkpt lat="46.4864490" lon="11.7988390">
    <ele>2090.2</ele>
   </trkpt>
   <trkpt lat="46.4865560" lon="11.7990130">
    <ele>2091.6</ele>
   </trkpt>
   <trkpt lat="46.4866970" lon="11.7991790">
    <ele>2092.8</ele>
   </trkpt>
   <trkpt lat="46.4868150" lon="11.7993350">
    <ele>2093.8</ele>
   </trkpt>
   <trkpt lat="46.4868510" lon="11.7993810">
    <ele>2094.2</ele>
   </trkpt>
   <trkpt lat="46.4869430" lon="11.7994420">
    <ele>2095.0</ele>
   </trkpt>
   <trkpt lat="46.4869940" lon="11.7994660">
    <ele>2095.5</ele>
   </trkpt>
   <trkpt lat="46.4871360" lon="11.7995310">
    <ele>2096.8</ele>
   </trkpt>
   <trkpt lat="46.4871780" lon="11.7995600">
    <ele>2097.2</ele>
   </trkpt>
   <trkpt lat="46.4872440" lon="11.7996540">
    <ele>2098.0</ele>
   </trkpt>
   <trkpt lat="46.4872230" lon="11.7997740">
    <ele>2098.6</ele>
   </trkpt>
   <trkpt lat="46.4871850" lon="11.7998090">
    <ele>2098.9</ele>
   </trkpt>
   <trkpt lat="46.4871390" lon="11.7998150">
    <ele>2099.2</ele>
   </trkpt>
   <trkpt lat="46.4870860" lon="11.7998040">
    <ele>2099.6</ele>
   </trkpt>
   <trkpt lat="46.4869770" lon="11.7997630">
    <ele>2100.3</ele>
   </trkpt>
   <trkpt lat="46.4868060" lon="11.7996900">
    <ele>2101.4</ele>
   </trkpt>
   <trkpt lat="46.4867010" lon="11.7996400">
    <ele>2102.2</ele>
   </trkpt>
   <trkpt lat="46.4866480" lon="11.7996210">
    <ele>2102.6</ele>
   </trkpt>
   <trkpt lat="46.4864250" lon="11.7995380">
    <ele>2104.7</ele>
   </trkpt>
   <trkpt lat="46.4863720" lon="11.7995310">
    <ele>2105.2</ele>
   </trkpt>
   <trkpt lat="46.4862770" lon="11.7995610">
    <ele>2106.5</ele>
   </trkpt>
   <trkpt lat="46.4862390" lon="11.7996020">
    <ele>2106.9</ele>
   </trkpt>
   <trkpt lat="46.4862120" lon="11.7996680">
    <ele>2107.3</ele>
   </trkpt>
   <trkpt lat="46.4862070" lon="11.7997440">
    <ele>2107.5</ele>
   </trkpt>
   <trkpt lat="46.4862230" lon="11.7998080">
    <ele>2107.7</ele>
   </trkpt>
   <trkpt lat="46.4863010" lon="11.7998880">
    <ele>2108.2</ele>
   </trkpt>
   <trkpt lat="46.4863540" lon="11.7999120">
    <ele>2108.4</ele>
   </trkpt>
   <trkpt lat="46.4864650" lon="11.7999750">
    <ele>2109.1</ele>
   </trkpt>
   <trkpt lat="46.4866040" lon="11.8000980">
    <ele>2110.1</ele>
   </trkpt>
   <trkpt lat="46.4867330" lon="11.8002300">
    <ele>2111.2</ele>
   </trkpt>
   <trkpt lat="46.4869160" lon="11.8004130">
    <ele>2112.7</ele>
   </trkpt>
   <trkpt lat="46.4869530" lon="11.8004410">
    <ele>2113.0</ele>
   </trkpt>
   <trkpt lat="46.4870370" lon="11.8005160">
    <ele>2113.7</ele>
   </trkpt>
   <trkpt lat="46.4871790" lon="11.8006040">
    <ele>2115.0</ele>
   </trkpt>
   <trkpt lat="46.4872280" lon="11.8006280">
    <ele>2115.4</ele>
   </trkpt>
   <trkpt lat="46.4872780" lon="11.8006510">
    <ele>2115.9</ele>
   </trkpt>
   <trkpt lat="46.4873270" lon="11.8006690">
    <ele>2116.3</ele>
   </trkpt>
   <trkpt lat="46.4874230" lon="11.8007070">
    <ele>2117.1</ele>
   </trkpt>
   <trkpt lat="46.4875330" lon="11.8007520">
    <ele>2118.1</ele>
   </trkpt>
   <trkpt lat="46.4875750" lon="11.8007660">
    <ele>2118.5</ele>
   </trkpt>
   <trkpt lat="46.4877210" lon="11.8008230">
    <ele>2119.8</ele>
   </trkpt>
   <trkpt lat="46.4878690" lon="11.8008700">
    <ele>2121.2</ele>
   </trkpt>
   <trkpt lat="46.4879130" lon="11.8008860">
    <ele>2121.7</ele>
   </trkpt>
   <trkpt lat="46.4880010" lon="11.8009150">
    <ele>2122.5</ele>
   </trkpt>
   <trkpt lat="46.4881540" lon="11.8009360">
    <ele>2124.0</ele>
   </trkpt>
   <trkpt lat="46.4882530" lon="11.8009140">
    <ele>2125.0</ele>
   </trkpt>
   <trkpt lat="46.4883020" lon="11.8008920">
    <ele>2125.4</ele>
   </trkpt>
   <trkpt lat="46.4883970" lon="11.8008420">
    <ele>2126.2</ele>
   </trkpt>
   <trkpt lat="46.4885060" lon="11.8007910">
    <ele>2127.1</ele>
   </trkpt>
   <trkpt lat="46.4885980" lon="11.8007740">
    <ele>2127.9</ele>
   </trkpt>
   <trkpt lat="46.4886340" lon="11.8007840">
    <ele>2128.2</ele>
   </trkpt>
   <trkpt lat="46.4886790" lon="11.8008070">
    <ele>2128.6</ele>
   </trkpt>
   <trkpt lat="46.4887670" lon="11.8008830">
    <ele>2129.7</ele>
   </trkpt>
   <trkpt lat="46.4888080" lon="11.8009460">
    <ele>2130.3</ele>
   </trkpt>
   <trkpt lat="46.4888570" lon="11.8010630">
    <ele>2131.2</ele>
   </trkpt>
   <trkpt lat="46.4888740" lon="11.8011310">
    <ele>2131.7</ele>
   </trkpt>
   <trkpt lat="46.4888830" lon="11.8012150">
    <ele>2132.2</ele>
   </trkpt>
   <trkpt lat="46.4888800" lon="11.8012870">
    <ele>2132.7</ele>
   </trkpt>
   <trkpt lat="46.4888710" lon="11.8013470">
    <ele>2133.1</ele>
   </trkpt>
   <trkpt lat="46.4888000" lon="11.8015390">
    <ele>2134.5</ele>
   </trkpt>
   <trkpt lat="46.4887770" lon="11.8016020">
    <ele>2135.0</ele>
   </trkpt>
   <trkpt lat="46.4887240" lon="11.8017230">
    <ele>2135.8</ele>
   </trkpt>
   <trkpt lat="46.4886640" lon="11.8018560">
    <ele>2136.7</ele>
   </trkpt>
   <trkpt lat="46.4886390" lon="11.8019180">
    <ele>2137.1</ele>
   </trkpt>
   <trkpt lat="46.4886000" lon="11.8020310">
    <ele>2137.8</ele>
   </trkpt>
   <trkpt lat="46.4885580" lon="11.8021740">
    <ele>2138.8</ele>
   </trkpt>
   <trkpt lat="46.4884920" lon="11.8023020">
    <ele>2139.8</ele>
   </trkpt>
   <trkpt lat="46.4884790" lon="11.8023530">
    <ele>2140.1</ele>
   </trkpt>
   <trkpt lat="46.4884390" lon="11.8025030">
    <ele>2141.1</ele>
   </trkpt>
   <trkpt lat="46.4884230" lon="11.8025660">
    <ele>2141.6</ele>
   </trkpt>
   <trkpt lat="46.4883840" lon="11.8026750">
    <ele>2142.5</ele>
   </trkpt>
   <trkpt lat="46.4883740" lon="11.8027300">
    <ele>2142.9</ele>
   </trkpt>
   <trkpt lat="46.4883630" lon="11.8027960">
    <ele>2143.4</ele>
   </trkpt>
   <trkpt lat="46.4882950" lon="11.8030000">
    <ele>2145.2</ele>
   </trkpt>
   <trkpt lat="46.4882730" lon="11.8030770">
    <ele>2145.9</ele>
   </trkpt>
   <trkpt lat="46.4882560" lon="11.8031580">
    <ele>2146.5</ele>
   </trkpt>
   <trkpt lat="46.4882710" lon="11.8032410">
    <ele>2147.2</ele>
   </trkpt>
   <trkpt lat="46.4883240" lon="11.8033390">
    <ele>2148.0</ele>
   </trkpt>
   <trkpt lat="46.4884780" lon="11.8033920">
    <ele>2149.3</ele>
   </trkpt>
   <trkpt lat="46.4886280" lon="11.8033540">
    <ele>2150.5</ele>
   </trkpt>
   <trkpt lat="46.4887700" lon="11.8032940">
    <ele>2151.6</ele>
   </trkpt>
   <trkpt lat="46.4888290" lon="11.8032790">
    <ele>2152.2</ele>
   </trkpt>
   <trkpt lat="46.4888980" lon="11.8032710">
    <ele>2152.8</ele>
   </trkpt>
   <trkpt lat="46.4889480" lon="11.8032530">
    <ele>2153.3</ele>
   </trkpt>
   <trkpt lat="46.4889930" lon="11.8032290">
    <ele>2153.8</ele>
   </trkpt>
   <trkpt lat="46.4890350" lon="11.8032140">
    <ele>2154.2</ele>
   </trkpt>
   <trkpt lat="46.4890690" lon="11.8032240">
    <ele>2154.5</ele>
   </trkpt>
   <trkpt lat="46.4890920" lon="11.8032600">
    <ele>2154.8</ele>
   </trkpt>
   <trkpt lat="46.4890950" lon="11.8033640">
    <ele>2155.5</ele>
   </trkpt>
   <trkpt lat="46.4890110" lon="11.8034720">
    <ele>2156.3</ele>
   </trkpt>
   <trkpt lat="46.4889710" lon="11.8035090">
    <ele>2156.6</ele>
   </trkpt>
   <trkpt lat="46.4888390" lon="11.8036700">
    <ele>2157.6</ele>
   </trkpt>
   <trkpt lat="46.4886980" lon="11.8038270">
    <ele>2158.8</ele>
   </trkpt>
   <trkpt lat="46.4885370" lon="11.8039540">
    <ele>2160.4</ele>
   </trkpt>
   <trkpt lat="46.4884140" lon="11.8040650">
    <ele>2161.7</ele>
   </trkpt>
   <trkpt lat="46.4883630" lon="11.8041210">
    <ele>2162.3</ele>
   </trkpt>
   <trkpt lat="46.4882390" lon="11.8042810">
    <ele>2163.8</ele>
   </trkpt>
   <trkpt lat="46.4881170" lon="11.8044400">
    <ele>2165.6</ele>
   </trkpt>
   <trkpt lat="46.4880880" lon="11.8045000">
    <ele>2166.2</ele>
   </trkpt>
   <trkpt lat="46.4880720" lon="11.8046380">
    <ele>2167.2</ele>
   </trkpt>
   <trkpt lat="46.4880900" lon="11.8047040">
    <ele>2167.6</ele>
   </trkpt>
   <trkpt lat="46.4881130" lon="11.8047480">
    <ele>2167.9</ele>
   </trkpt>
   <trkpt lat="46.4881640" lon="11.8047540">
    <ele>2168.3</ele>
   </trkpt>
   <trkpt lat="46.4882250" lon="11.8047240">
    <ele>2168.6</ele>
   </trkpt>
   <trkpt lat="46.4882680" lon="11.8046830">
    <ele>2168.9</ele>
   </trkpt>
   <trkpt lat="46.4883100" lon="11.8046360">
    <ele>2169.2</ele>
   </trkpt>
   <trkpt lat="46.4884070" lon="11.8045490">
    <ele>2170.0</ele>
   </trkpt>
   <trkpt lat="46.4884440" lon="11.8045120">
    <ele>2170.3</ele>
   </trkpt>
   <trkpt lat="46.4885580" lon="11.8044270">
    <ele>2171.4</ele>
   </trkpt>
   <trkpt lat="46.4886090" lon="11.8044260">
    <ele>2171.8</ele>
   </trkpt>
   <trkpt lat="46.4886490" lon="11.8044670">
    <ele>2172.2</ele>
   </trkpt>
   <trkpt lat="46.4886570" lon="11.8045200">
    <ele>2172.5</ele>
   </trkpt>
   <trkpt lat="46.4886450" lon="11.8045970">
    <ele>2173.0</ele>
   </trkpt>
   <trkpt lat="46.4886100" lon="11.8046510">
    <ele>2173.3</ele>
   </trkpt>
   <trkpt lat="46.4885380" lon="11.8047500">
    <ele>2174.0</ele>
   </trkpt>
   <trkpt lat="46.4884630" lon="11.8048630">
    <ele>2174.7</ele>
   </trkpt>
   <trkpt lat="46.4883890" lon="11.8049920">
    <ele>2175.6</ele>
   </trkpt>
   <trkpt lat="46.4883560" lon="11.8050550">
    <ele>2176.1</ele>
   </trkpt>
   <trkpt lat="46.4882880" lon="11.8051630">
    <ele>2177.1</ele>
   </trkpt>
   <trkpt lat="46.4882130" lon="11.8053320">
    <ele>2178.6</ele>
   </trkpt>
   <trkpt lat="46.4881910" lon="11.8053840">
    <ele>2179.1</ele>
   </trkpt>
   <trkpt lat="46.4881730" lon="11.8054410">
    <ele>2179.6</ele>
   </trkpt>
   <trkpt lat="46.4881600" lon="11.8054990">
    <ele>2180.1</ele>
   </trkpt>
   <trkpt lat="46.4881570" lon="11.8055570">
    <ele>2180.6</ele>
   </trkpt>
   <trkpt lat="46.4881700" lon="11.8056070">
    <ele>2181.0</ele>
   </trkpt>
   <trkpt lat="46.4882040" lon="11.8056580">
    <ele>2181.5</ele>
   </trkpt>
   <trkpt lat="46.4882360" lon="11.8056760">
    <ele>2181.8</ele>
   </trkpt>
   <trkpt lat="46.4882820" lon="11.8056860">
    <ele>2182.2</ele>
   </trkpt>
   <trkpt lat="46.4883580" lon="11.8056380">
    <ele>2182.8</ele>
   </trkpt>
   <trkpt lat="46.4884040" lon="11.8055930">
    <ele>2183.2</ele>
   </trkpt>
   <trkpt lat="46.4884390" lon="11.8055460">
    <ele>2183.6</ele>
   </trkpt>
   <trkpt lat="46.4885060" lon="11.8054600">
    <ele>2184.3</ele>
   </trkpt>
   <trkpt lat="46.4886380" lon="11.8053490">
    <ele>2185.8</ele>
   </trkpt>
   <trkpt lat="46.4886900" lon="11.8053970">
    <ele>2186.4</ele>
   </trkpt>
   <trkpt lat="46.4887200" lon="11.8055070">
    <ele>2187.2</ele>
   </trkpt>
   <trkpt lat="46.4887180" lon="11.8055740">
    <ele>2187.7</ele>
   </trkpt>
   <trkpt lat="46.4887100" lon="11.8056370">
    <ele>2188.1</ele>
   </trkpt>
   <trkpt lat="46.4887010" lon="11.8057020">
    <ele>2188.5</ele>
   </trkpt>
   <trkpt lat="46.4886760" lon="11.8059010">
    <ele>2189.6</ele>
   </trkpt>
   <trkpt lat="46.4886690" lon="11.8059680">
    <ele>2189.9</ele>
   </trkpt>
   <trkpt lat="46.4886550" lon="11.8060550">
    <ele>2190.4</ele>
   </trkpt>
   <trkpt lat="46.4886180" lon="11.8062820">
    <ele>2191.6</ele>
   </trkpt>
   <trkpt lat="46.4885720" lon="11.8065840">
    <ele>2193.1</ele>
   </trkpt>
   <trkpt lat="46.4885400" lon="11.8067290">
    <ele>2194.0</ele>
   </trkpt>
   <trkpt lat="46.4885210" lon="11.8068160">
    <ele>2194.6</ele>
   </trkpt>
   <trkpt lat="46.4884790" lon="11.8070150">
    <ele>2195.8</ele>
   </trkpt>
   <trkpt lat="46.4884600" lon="11.8070840">
    <ele>2196.2</ele>
   </trkpt>
   <trkpt lat="46.4884120" lon="11.8072380">
    <ele>2197.3</ele>
   </trkpt>
   <trkpt lat="46.4883760" lon="11.8073520">
    <ele>2198.1</ele>
   </trkpt>
   <trkpt lat="46.4883050" lon="11.8075520">
    <ele>2199.7</ele>
   </trkpt>
   <trkpt lat="46.4882850" lon="11.8076230">
    <ele>2200.3</ele>
   </trkpt>
   <trkpt lat="46.4882810" lon="11.8077760">
    <ele>2201.5</ele>
   </trkpt>
   <trkpt lat="46.4883400" lon="11.8078920">
    <ele>2202.7</ele>
   </trkpt>
   <trkpt lat="46.4883750" lon="11.8079190">
    <ele>2203.1</ele>
   </trkpt>
   <trkpt lat="46.4884270" lon="11.8079390">
    <ele>2203.5</ele>
   </trkpt>
   <trkpt lat="46.4885490" lon="11.8079140">
    <ele>2204.1</ele>
   </trkpt>
   <trkpt lat="46.4885850" lon="11.8078810">
    <ele>2204.3</ele>
   </trkpt>
   <trkpt lat="46.4886240" lon="11.8078290">
    <ele>2204.5</ele>
   </trkpt>
   <trkpt lat="46.4886900" lon="11.8076970">
    <ele>2204.9</ele>
   </trkpt>
   <trkpt lat="46.4887730" lon="11.8074820">
    <ele>2205.7</ele>
   </trkpt>
   <trkpt lat="46.4888540" lon="11.8072590">
    <ele>2206.8</ele>
   </trkpt>
   <trkpt lat="46.4889110" lon="11.8071200">
    <ele>2207.7</ele>
   </trkpt>
   <trkpt lat="46.4889380" lon="11.8070520">
    <ele>2208.1</ele>
   </trkpt>
   <trkpt lat="46.4890020" lon="11.8069250">
    <ele>2209.0</ele>
   </trkpt>
   <trkpt lat="46.4890420" lon="11.8068750">
    <ele>2209.4</ele>
   </trkpt>
   <trkpt lat="46.4890900" lon="11.8068440">
    <ele>2209.7</ele>
   </trkpt>
   <trkpt lat="46.4891340" lon="11.8069070">
    <ele>2210.2</ele>
   </trkpt>
   <trkpt lat="46.4891340" lon="11.8069710">
    <ele>2210.6</ele>
   </trkpt>
   <trkpt lat="46.4890920" lon="11.8071050">
    <ele>2211.2</ele>
   </trkpt>
   <trkpt lat="46.4890770" lon="11.8071760">
    <ele>2211.5</ele>
   </trkpt>
   <trkpt lat="46.4890050" lon="11.8074800">
    <ele>2212.9</ele>
   </trkpt>
   <trkpt lat="46.4889720" lon="11.8077100">
    <ele>2214.0</ele>
   </trkpt>
   <trkpt lat="46.4889620" lon="11.8077870">
    <ele>2214.4</ele>
   </trkpt>
   <trkpt lat="46.4889480" lon="11.8079460">
    <ele>2215.1</ele>
   </trkpt>
   <trkpt lat="46.4889440" lon="11.8080240">
    <ele>2215.5</ele>
   </trkpt>
   <trkpt lat="46.4889400" lon="11.8081000">
    <ele>2215.8</ele>
   </trkpt>
   <trkpt lat="46.4889360" lon="11.8082500">
    <ele>2216.6</ele>
   </trkpt>
   <trkpt lat="46.4889330" lon="11.8083210">
    <ele>2216.9</ele>
   </trkpt>
   <trkpt lat="46.4889380" lon="11.8085280">
    <ele>2217.9</ele>
   </trkpt>
   <trkpt lat="46.4889230" lon="11.8086670">
    <ele>2218.6</ele>
   </trkpt>
   <trkpt lat="46.4889190" lon="11.8088140">
    <ele>2219.4</ele>
   </trkpt>
   <trkpt lat="46.4889090" lon="11.8088770">
    <ele>2219.7</ele>
   </trkpt>
   <trkpt lat="46.4888770" lon="11.8089990">
    <ele>2220.6</ele>
   </trkpt>
   <trkpt lat="46.4888510" lon="11.8090810">
    <ele>2221.3</ele>
   </trkpt>
   <trkpt lat="46.4887700" lon="11.8092850">
    <ele>2223.4</ele>
   </trkpt>
   <trkpt lat="46.4887000" lon="11.8094920">
    <ele>2225.5</ele>
   </trkpt>
   <trkpt lat="46.4886720" lon="11.8095610">
    <ele>2226.2</ele>
   </trkpt>
   <trkpt lat="46.4886140" lon="11.8096930">
    <ele>2227.5</ele>
   </trkpt>
   <trkpt lat="46.4885840" lon="11.8097640">
    <ele>2228.0</ele>
   </trkpt>
   <trkpt lat="46.4885310" lon="11.8098920">
    <ele>2228.3</ele>
   </trkpt>
   <trkpt lat="46.4884700" lon="11.8100400">
    <ele>2228.5</ele>
   </trkpt>
   <trkpt lat="46.4883930" lon="11.8102170">
    <ele>2229.2</ele>
   </trkpt>
   <trkpt lat="46.4883570" lon="11.8102920">
    <ele>2229.6</ele>
   </trkpt>
   <trkpt lat="46.4882960" lon="11.8104600">
    <ele>2230.5</ele>
   </trkpt>
   <trkpt lat="46.4882670" lon="11.8105680">
    <ele>2231.0</ele>
   </trkpt>
   <trkpt lat="46.4882360" lon="11.8106990">
    <ele>2231.5</ele>
   </trkpt>
   <trkpt lat="46.4881960" lon="11.8108900">
    <ele>2232.2</ele>
   </trkpt>
   <trkpt lat="46.4881750" lon="11.8109500">
    <ele>2232.7</ele>
   </trkpt>
   <trkpt lat="46.4881180" lon="11.8111390">
    <ele>2234.4</ele>
   </trkpt>
   <trkpt lat="46.4880600" lon="11.8113220">
    <ele>2236.0</ele>
   </trkpt>
   <trkpt lat="46.4880320" lon="11.8113780">
    <ele>2236.2</ele>
   </trkpt>
   <trkpt lat="46.4879060" lon="11.8116030">
    <ele>2237.1</ele>
   </trkpt>
   <trkpt lat="46.4878780" lon="11.8116560">
    <ele>2237.3</ele>
   </trkpt>
   <trkpt lat="46.4878250" lon="11.8117640">
    <ele>2237.8</ele>
   </trkpt>
   <trkpt lat="46.4877060" lon="11.8119940">
    <ele>2238.8</ele>
   </trkpt>
   <trkpt lat="46.4875640" lon="11.8122330">
    <ele>2239.3</ele>
   </trkpt>
   <trkpt lat="46.4875210" lon="11.8123550">
    <ele>2239.3</ele>
   </trkpt>
   <trkpt lat="46.4874580" lon="11.8126290">
    <ele>2239.0</ele>
   </trkpt>
   <trkpt lat="46.4874180" lon="11.8130300">
    <ele>2237.9</ele>
   </trkpt>
   <trkpt lat="46.4873870" lon="11.8134700">
    <ele>2236.4</ele>
   </trkpt>
   <trkpt lat="46.4873570" lon="11.8135770">
    <ele>2235.9</ele>
   </trkpt>
   <trkpt lat="46.4873130" lon="11.8136460">
    <ele>2235.3</ele>
   </trkpt>
   <trkpt lat="46.4872350" lon="11.8137130">
    <ele>2234.4</ele>
   </trkpt>
   <trkpt lat="46.4871600" lon="11.8137180">
    <ele>2233.7</ele>
   </trkpt>
   <trkpt lat="46.4869970" lon="11.8136760">
    <ele>2231.8</ele>
   </trkpt>
   <trkpt lat="46.4868980" lon="11.8136830">
    <ele>2230.8</ele>
   </trkpt>
   <trkpt lat="46.4868070" lon="11.8137300">
    <ele>2229.8</ele>
   </trkpt>
   <trkpt lat="46.4867460" lon="11.8138180">
    <ele>2228.8</ele>
   </trkpt>
   <trkpt lat="46.4867260" lon="11.8139340">
    <ele>2228.0</ele>
   </trkpt>
   <trkpt lat="46.4867220" lon="11.8140590">
    <ele>2227.0</ele>
   </trkpt>
   <trkpt lat="46.4867370" lon="11.8143030">
    <ele>2225.0</ele>
   </trkpt>
   <trkpt lat="46.4867740" lon="11.8146240">
    <ele>2222.5</ele>
   </trkpt>
   <trkpt lat="46.4868060" lon="11.8150390">
    <ele>2219.3</ele>
   </trkpt>
   <trkpt lat="46.4867880" lon="11.8151920">
    <ele>2218.1</ele>
   </trkpt>
   <trkpt lat="46.4867370" lon="11.8153590">
    <ele>2216.5</ele>
   </trkpt>
   <trkpt lat="46.4865950" lon="11.8155530">
    <ele>2214.6</ele>
   </trkpt>
   <trkpt lat="46.4865020" lon="11.8156510">
    <ele>2213.6</ele>
   </trkpt>
   <trkpt lat="46.4863860" lon="11.8157670">
    <ele>2212.3</ele>
   </trkpt>
   <trkpt lat="46.4862140" lon="11.8159300">
    <ele>2210.5</ele>
   </trkpt>
   <trkpt lat="46.4861220" lon="11.8159950">
    <ele>2209.6</ele>
   </trkpt>
   <trkpt lat="46.4860210" lon="11.8160280">
    <ele>2208.7</ele>
   </trkpt>
   <trkpt lat="46.4859190" lon="11.8160170">
    <ele>2207.9</ele>
   </trkpt>
   <trkpt lat="46.4858190" lon="11.8159710">
    <ele>2207.0</ele>
   </trkpt>
   <trkpt lat="46.4857200" lon="11.8159100">
    <ele>2206.2</ele>
   </trkpt>
   <trkpt lat="46.4855200" lon="11.8158220">
    <ele>2204.7</ele>
   </trkpt>
   <trkpt lat="46.4854160" lon="11.8158280">
    <ele>2204.1</ele>
   </trkpt>
   <trkpt lat="46.4853110" lon="11.8158610">
    <ele>2203.4</ele>
   </trkpt>
   <trkpt lat="46.4852090" lon="11.8159400">
    <ele>2202.8</ele>
   </trkpt>
   <trkpt lat="46.4851200" lon="11.8160560">
    <ele>2202.1</ele>
   </trkpt>
   <trkpt lat="46.4849760" lon="11.8163170">
    <ele>2200.8</ele>
   </trkpt>
   <trkpt lat="46.4848490" lon="11.8165850">
    <ele>2199.8</ele>
   </trkpt>
   <trkpt lat="46.4847260" lon="11.8168500">
    <ele>2198.9</ele>
   </trkpt>
   <trkpt lat="46.4846510" lon="11.8169640">
    <ele>2198.5</ele>
   </trkpt>
   <trkpt lat="46.4845710" lon="11.8170460">
    <ele>2198.0</ele>
   </trkpt>
   <trkpt lat="46.4844800" lon="11.8170990">
    <ele>2197.5</ele>
   </trkpt>
   <trkpt lat="46.4842750" lon="11.8171590">
    <ele>2196.3</ele>
   </trkpt>
   <trkpt lat="46.4841720" lon="11.8171900">
    <ele>2195.7</ele>
   </trkpt>
   <trkpt lat="46.4840660" lon="11.8172310">
    <ele>2195.0</ele>
   </trkpt>
   <trkpt lat="46.4838860" lon="11.8173980">
    <ele>2193.5</ele>
   </trkpt>
   <trkpt lat="46.4837690" lon="11.8176730">
    <ele>2191.9</ele>
   </trkpt>
   <trkpt lat="46.4837220" lon="11.8178270">
    <ele>2191.5</ele>
   </trkpt>
   <trkpt lat="46.4836800" lon="11.8179850">
    <ele>2190.9</ele>
   </trkpt>
   <trkpt lat="46.4835790" lon="11.8183280">
    <ele>2188.8</ele>
   </trkpt>
   <trkpt lat="46.4835230" lon="11.8185960">
    <ele>2187.6</ele>
   </trkpt>
   <trkpt lat="46.4834670" lon="11.8188650">
    <ele>2185.4</ele>
   </trkpt>
   <trkpt lat="46.4833550" lon="11.8194010">
    <ele>2181.1</ele>
   </trkpt>
   <trkpt lat="46.4833220" lon="11.8195780">
    <ele>2179.7</ele>
   </trkpt>
   <trkpt lat="46.4832550" lon="11.8199560">
    <ele>2177.3</ele>
   </trkpt>
   <trkpt lat="46.4831940" lon="11.8203660">
    <ele>2174.9</ele>
   </trkpt>
   <trkpt lat="46.4831410" lon="11.8209920">
    <ele>2171.3</ele>
   </trkpt>
   <trkpt lat="46.4831250" lon="11.8211490">
    <ele>2170.9</ele>
   </trkpt>
   <trkpt lat="46.4831070" lon="11.8213480">
    <ele>2170.4</ele>
   </trkpt>
   <trkpt lat="46.4830480" lon="11.8217750">
    <ele>2168.4</ele>
   </trkpt>
   <trkpt lat="46.4830150" lon="11.8219650">
    <ele>2167.4</ele>
   </trkpt>
   <trkpt lat="46.4829370" lon="11.8221350">
    <ele>2166.4</ele>
   </trkpt>
   <trkpt lat="46.4828790" lon="11.8222880">
    <ele>2165.5</ele>
   </trkpt>
   <trkpt lat="46.4828030" lon="11.8224590">
    <ele>2164.4</ele>
   </trkpt>
   <trkpt lat="46.4827090" lon="11.8226120">
    <ele>2163.3</ele>
   </trkpt>
   <trkpt lat="46.4826050" lon="11.8227360">
    <ele>2162.3</ele>
   </trkpt>
   <trkpt lat="46.4825070" lon="11.8228180">
    <ele>2161.6</ele>
   </trkpt>
   <trkpt lat="46.4823680" lon="11.8229180">
    <ele>2161.1</ele>
   </trkpt>
   <trkpt lat="46.4822770" lon="11.8229700">
    <ele>2161.1</ele>
   </trkpt>
   <trkpt lat="46.4821690" lon="11.8230430">
    <ele>2160.4</ele>
   </trkpt>
   <trkpt lat="46.4820740" lon="11.8231350">
    <ele>2159.6</ele>
   </trkpt>
   <trkpt lat="46.4819990" lon="11.8232420">
    <ele>2158.8</ele>
   </trkpt>
   <trkpt lat="46.4819580" lon="11.8233700">
    <ele>2158.0</ele>
   </trkpt>
   <trkpt lat="46.4819420" lon="11.8235100">
    <ele>2157.1</ele>
   </trkpt>
   <trkpt lat="46.4819590" lon="11.8236420">
    <ele>2156.3</ele>
   </trkpt>
   <trkpt lat="46.4819930" lon="11.8237350">
    <ele>2155.6</ele>
   </trkpt>
   <trkpt lat="46.4821420" lon="11.8237540">
    <ele>2154.3</ele>
   </trkpt>
   <trkpt lat="46.4822810" lon="11.8237270">
    <ele>2153.2</ele>
   </trkpt>
   <trkpt lat="46.4823970" lon="11.8236770">
    <ele>2152.2</ele>
   </trkpt>
   <trkpt lat="46.4824930" lon="11.8236340">
    <ele>2151.5</ele>
   </trkpt>
   <trkpt lat="46.4827310" lon="11.8235310">
    <ele>2149.6</ele>
   </trkpt>
   <trkpt lat="46.4828460" lon="11.8234740">
    <ele>2148.9</ele>
   </trkpt>
   <trkpt lat="46.4829550" lon="11.8234000">
    <ele>2148.1</ele>
   </trkpt>
   <trkpt lat="46.4830410" lon="11.8232900">
    <ele>2147.4</ele>
   </trkpt>
   <trkpt lat="46.4831040" lon="11.8231480">
    <ele>2146.5</ele>
   </trkpt>
   <trkpt lat="46.4831670" lon="11.8230010">
    <ele>2145.7</ele>
   </trkpt>
   <trkpt lat="46.4833240" lon="11.8228160">
    <ele>2144.0</ele>
   </trkpt>
   <trkpt lat="46.4835550" lon="11.8227920">
    <ele>2142.3</ele>
   </trkpt>
   <trkpt lat="46.4836540" lon="11.8228090">
    <ele>2141.7</ele>
   </trkpt>
   <trkpt lat="46.4837330" lon="11.8228440">
    <ele>2141.2</ele>
   </trkpt>
   <trkpt lat="46.4838210" lon="11.8229110">
    <ele>2140.5</ele>
   </trkpt>
   <trkpt lat="46.4838340" lon="11.8229770">
    <ele>2140.0</ele>
   </trkpt>
   <trkpt lat="46.4838110" lon="11.8230430">
    <ele>2139.6</ele>
   </trkpt>
   <trkpt lat="46.4837360" lon="11.8230960">
    <ele>2139.0</ele>
   </trkpt>
   <trkpt lat="46.4836590" lon="11.8231340">
    <ele>2138.4</ele>
   </trkpt>
   <trkpt lat="46.4835970" lon="11.8231790">
    <ele>2137.9</ele>
   </trkpt>
   <trkpt lat="46.4835280" lon="11.8232610">
    <ele>2136.8</ele>
   </trkpt>
   <trkpt lat="46.4834770" lon="11.8233670">
    <ele>2135.6</ele>
   </trkpt>
   <trkpt lat="46.4833820" lon="11.8237660">
    <ele>2134.0</ele>
   </trkpt>
   <trkpt lat="46.4833590" lon="11.8238750">
    <ele>2133.7</ele>
   </trkpt>
   <trkpt lat="46.4832960" lon="11.8241850">
    <ele>2132.1</ele>
   </trkpt>
   <trkpt lat="46.4832330" lon="11.8246060">
    <ele>2130.2</ele>
   </trkpt>
   <trkpt lat="46.4831780" lon="11.8251080">
    <ele>2128.2</ele>
   </trkpt>
   <trkpt lat="46.4831000" lon="11.8254010">
    <ele>2126.9</ele>
   </trkpt>
   <trkpt lat="46.4829900" lon="11.8256520">
    <ele>2125.7</ele>
   </trkpt>
   <trkpt lat="46.4829440" lon="11.8257680">
    <ele>2125.2</ele>
   </trkpt>
   <trkpt lat="46.4829140" lon="11.8258870">
    <ele>2124.7</ele>
   </trkpt>
   <trkpt lat="46.4829180" lon="11.8260010">
    <ele>2124.1</ele>
   </trkpt>
   <trkpt lat="46.4829480" lon="11.8260840">
    <ele>2123.7</ele>
   </trkpt>
   <trkpt lat="46.4830060" lon="11.8261030">
    <ele>2123.2</ele>
   </trkpt>
   <trkpt lat="46.4830760" lon="11.8260640">
    <ele>2122.6</ele>
   </trkpt>
   <trkpt lat="46.4831340" lon="11.8259800">
    <ele>2122.0</ele>
   </trkpt>
   <trkpt lat="46.4831810" lon="11.8258720">
    <ele>2121.2</ele>
   </trkpt>
   <trkpt lat="46.4833270" lon="11.8254680">
    <ele>2118.7</ele>
   </trkpt>
   <trkpt lat="46.4833850" lon="11.8253270">
    <ele>2117.8</ele>
   </trkpt>
   <trkpt lat="46.4834490" lon="11.8251780">
    <ele>2116.8</ele>
   </trkpt>
   <trkpt lat="46.4835960" lon="11.8248970">
    <ele>2114.8</ele>
   </trkpt>
   <trkpt lat="46.4836850" lon="11.8247770">
    <ele>2113.8</ele>
   </trkpt>
   <trkpt lat="46.4838850" lon="11.8245410">
    <ele>2111.7</ele>
   </trkpt>
   <trkpt lat="46.4841060" lon="11.8243170">
    <ele>2109.4</ele>
   </trkpt>
   <trkpt lat="46.4842310" lon="11.8242420">
    <ele>2108.3</ele>
   </trkpt>
   <trkpt lat="46.4843610" lon="11.8241850">
    <ele>2107.2</ele>
   </trkpt>
   <trkpt lat="46.4846190" lon="11.8240970">
    <ele>2105.3</ele>
   </trkpt>
   <trkpt lat="46.4847370" lon="11.8240650">
    <ele>2104.6</ele>
   </trkpt>
   <trkpt lat="46.4848310" lon="11.8240410">
    <ele>2104.1</ele>
   </trkpt>
   <trkpt lat="46.4849220" lon="11.8240370">
    <ele>2103.5</ele>
   </trkpt>
   <trkpt lat="46.4849780" lon="11.8240850">
    <ele>2102.9</ele>
   </trkpt>
   <trkpt lat="46.4850100" lon="11.8241640">
    <ele>2102.4</ele>
   </trkpt>
   <trkpt lat="46.4849830" lon="11.8242390">
    <ele>2101.8</ele>
   </trkpt>
   <trkpt lat="46.4848620" lon="11.8243250">
    <ele>2100.5</ele>
   </trkpt>
   <trkpt lat="46.4847980" lon="11.8243830">
    <ele>2099.8</ele>
   </trkpt>
   <trkpt lat="46.4847330" lon="11.8244580">
    <ele>2099.0</ele>
   </trkpt>
   <trkpt lat="46.4846690" lon="11.8245420">
    <ele>2098.3</ele>
   </trkpt>
   <trkpt lat="46.4846000" lon="11.8246280">
    <ele>2097.4</ele>
   </trkpt>
   <trkpt lat="46.4845320" lon="11.8247210">
    <ele>2096.5</ele>
   </trkpt>
   <trkpt lat="46.4844000" lon="11.8249490">
    <ele>2094.7</ele>
   </trkpt>
   <trkpt lat="46.4843450" lon="11.8250830">
    <ele>2093.8</ele>
   </trkpt>
   <trkpt lat="46.4842500" lon="11.8253620">
    <ele>2091.8</ele>
   </trkpt>
   <trkpt lat="46.4840960" lon="11.8258060">
    <ele>2088.8</ele>
   </trkpt>
   <trkpt lat="46.4840270" lon="11.8261290">
    <ele>2087.2</ele>
   </trkpt>
   <trkpt lat="46.4839610" lon="11.8263060">
    <ele>2086.2</ele>
   </trkpt>
   <trkpt lat="46.4839100" lon="11.8263990">
    <ele>2085.7</ele>
   </trkpt>
   <trkpt lat="46.4838350" lon="11.8264860">
    <ele>2085.0</ele>
   </trkpt>
   <trkpt lat="46.4837530" lon="11.8265570">
    <ele>2084.3</ele>
   </trkpt>
   <trkpt lat="46.4836730" lon="11.8266270">
    <ele>2083.5</ele>
   </trkpt>
   <trkpt lat="46.4835980" lon="11.8267150">
    <ele>2082.7</ele>
   </trkpt>
   <trkpt lat="46.4835600" lon="11.8268420">
    <ele>2081.9</ele>
   </trkpt>
   <trkpt lat="46.4835530" lon="11.8269900">
    <ele>2081.0</ele>
   </trkpt>
   <trkpt lat="46.4835810" lon="11.8271380">
    <ele>2080.1</ele>
   </trkpt>
   <trkpt lat="46.4837070" lon="11.8274280">
    <ele>2078.5</ele>
   </trkpt>
   <trkpt lat="46.4837720" lon="11.8275680">
    <ele>2077.7</ele>
   </trkpt>
   <trkpt lat="46.4838350" lon="11.8277140">
    <ele>2076.8</ele>
   </trkpt>
   <trkpt lat="46.4838780" lon="11.8278640">
    <ele>2075.9</ele>
   </trkpt>
   <trkpt lat="46.4839110" lon="11.8280090">
    <ele>2075.0</ele>
   </trkpt>
   <trkpt lat="46.4839700" lon="11.8283250">
    <ele>2073.2</ele>
   </trkpt>
   <trkpt lat="46.4840170" lon="11.8286580">
    <ele>2071.5</ele>
   </trkpt>
   <trkpt lat="46.4840300" lon="11.8288320">
    <ele>2070.8</ele>
   </trkpt>
   <trkpt lat="46.4840210" lon="11.8290050">
    <ele>2070.2</ele>
   </trkpt>
   <trkpt lat="46.4840030" lon="11.8291740">
    <ele>2069.5</ele>
   </trkpt>
   <trkpt lat="46.4839810" lon="11.8293380">
    <ele>2068.7</ele>
   </trkpt>
   <trkpt lat="46.4839560" lon="11.8294930">
    <ele>2068.0</ele>
   </trkpt>
   <trkpt lat="46.4839210" lon="11.8296380">
    <ele>2067.4</ele>
   </trkpt>
   <trkpt lat="46.4838770" lon="11.8297660">
    <ele>2066.9</ele>
   </trkpt>
   <trkpt lat="46.4838210" lon="11.8298700">
    <ele>2066.4</ele>
   </trkpt>
   <trkpt lat="46.4837600" lon="11.8299560">
    <ele>2066.0</ele>
   </trkpt>
   <trkpt lat="46.4837030" lon="11.8300400">
    <ele>2065.5</ele>
   </trkpt>
   <trkpt lat="46.4836620" lon="11.8301350">
    <ele>2065.1</ele>
   </trkpt>
   <trkpt lat="46.4836560" lon="11.8302380">
    <ele>2064.6</ele>
   </trkpt>
   <trkpt lat="46.4836920" lon="11.8303110">
    <ele>2064.1</ele>
   </trkpt>
   <trkpt lat="46.4837570" lon="11.8303280">
    <ele>2063.6</ele>
   </trkpt>
   <trkpt lat="46.4838280" lon="11.8302890">
    <ele>2063.1</ele>
   </trkpt>
   <trkpt lat="46.4838940" lon="11.8302040">
    <ele>2062.4</ele>
   </trkpt>
   <trkpt lat="46.4839460" lon="11.8301050">
    <ele>2061.8</ele>
   </trkpt>
   <trkpt lat="46.4840480" lon="11.8298780">
    <ele>2060.6</ele>
   </trkpt>
   <trkpt lat="46.4841830" lon="11.8296790">
    <ele>2059.3</ele>
   </trkpt>
   <trkpt lat="46.4843180" lon="11.8294710">
    <ele>2058.1</ele>
   </trkpt>
   <trkpt lat="46.4844190" lon="11.8291980">
    <ele>2056.9</ele>
   </trkpt>
   <trkpt lat="46.4844560" lon="11.8290570">
    <ele>2056.9</ele>
   </trkpt>
   <trkpt lat="46.4844950" lon="11.8289250">
    <ele>2056.8</ele>
   </trkpt>
   <trkpt lat="46.4846030" lon="11.8287510">
    <ele>2055.8</ele>
   </trkpt>
   <trkpt lat="46.4847000" lon="11.8288220">
    <ele>2054.9</ele>
   </trkpt>
   <trkpt lat="46.4847170" lon="11.8289250">
    <ele>2054.3</ele>
   </trkpt>
   <trkpt lat="46.4846860" lon="11.8290220">
    <ele>2053.6</ele>
   </trkpt>
   <trkpt lat="46.4846230" lon="11.8292170">
    <ele>2052.2</ele>
   </trkpt>
   <trkpt lat="46.4846200" lon="11.8293210">
    <ele>2051.5</ele>
   </trkpt>
   <trkpt lat="46.4846520" lon="11.8293980">
    <ele>2050.9</ele>
   </trkpt>
   <trkpt lat="46.4847170" lon="11.8294090">
    <ele>2050.3</ele>
   </trkpt>
   <trkpt lat="46.4848210" lon="11.8292640">
    <ele>2048.9</ele>
   </trkpt>
   <trkpt lat="46.4848560" lon="11.8291410">
    <ele>2048.0</ele>
   </trkpt>
   <trkpt lat="46.4848810" lon="11.8290050">
    <ele>2047.0</ele>
   </trkpt>
   <trkpt lat="46.4848780" lon="11.8288610">
    <ele>2046.1</ele>
   </trkpt>
   <trkpt lat="46.4848590" lon="11.8287130">
    <ele>2045.3</ele>
   </trkpt>
   <trkpt lat="46.4848090" lon="11.8284190">
    <ele>2043.9</ele>
   </trkpt>
   <trkpt lat="46.4848450" lon="11.8281510">
    <ele>2043.0</ele>
   </trkpt>
   <trkpt lat="46.4849600" lon="11.8279910">
    <ele>2041.9</ele>
   </trkpt>
   <trkpt lat="46.4851150" lon="11.8280420">
    <ele>2040.6</ele>
   </trkpt>
   <trkpt lat="46.4852050" lon="11.8282650">
    <ele>2039.3</ele>
   </trkpt>
   <trkpt lat="46.4852150" lon="11.8283980">
    <ele>2037.8</ele>
   </trkpt>
   <trkpt lat="46.4852200" lon="11.8285530">
    <ele>2035.9</ele>
   </trkpt>
   <trkpt lat="46.4852310" lon="11.8289170">
    <ele>2033.0</ele>
   </trkpt>
   <trkpt lat="46.4852350" lon="11.8290550">
    <ele>2032.3</ele>
   </trkpt>
   <trkpt lat="46.4852570" lon="11.8294170">
    <ele>2030.5</ele>
   </trkpt>
   <trkpt lat="46.4852490" lon="11.8295900">
    <ele>2029.6</ele>
   </trkpt>
   <trkpt lat="46.4852040" lon="11.8297450">
    <ele>2028.7</ele>
   </trkpt>
   <trkpt lat="46.4851350" lon="11.8298840">
    <ele>2027.6</ele>
   </trkpt>
   <trkpt lat="46.4850550" lon="11.8300140">
    <ele>2026.6</ele>
   </trkpt>
   <trkpt lat="46.4849650" lon="11.8301400">
    <ele>2025.4</ele>
   </trkpt>
   <trkpt lat="46.4848770" lon="11.8302630">
    <ele>2024.4</ele>
   </trkpt>
   <trkpt lat="46.4847090" lon="11.8305120">
    <ele>2022.3</ele>
   </trkpt>
   <trkpt lat="46.4846300" lon="11.8306420">
    <ele>2021.3</ele>
   </trkpt>
   <trkpt lat="46.4845630" lon="11.8307870">
    <ele>2020.3</ele>
   </trkpt>
   <trkpt lat="46.4845030" lon="11.8309460">
    <ele>2019.2</ele>
   </trkpt>
   <trkpt lat="46.4844510" lon="11.8311100">
    <ele>2018.1</ele>
   </trkpt>
   <trkpt lat="46.4844090" lon="11.8312710">
    <ele>2017.1</ele>
   </trkpt>
   <trkpt lat="46.4843190" lon="11.8316030">
    <ele>2015.1</ele>
   </trkpt>
   <trkpt lat="46.4842270" lon="11.8319330">
    <ele>2013.1</ele>
   </trkpt>
   <trkpt lat="46.4841690" lon="11.8321910">
    <ele>2011.7</ele>
   </trkpt>
   <trkpt lat="46.4841700" lon="11.8323110">
    <ele>2011.2</ele>
   </trkpt>
   <trkpt lat="46.4842240" lon="11.8323830">
    <ele>2010.8</ele>
   </trkpt>
   <trkpt lat="46.4843000" lon="11.8324030">
    <ele>2010.3</ele>
   </trkpt>
   <trkpt lat="46.4844310" lon="11.8322690">
    <ele>2009.4</ele>
   </trkpt>
   <trkpt lat="46.4844890" lon="11.8321640">
    <ele>2008.9</ele>
   </trkpt>
   <trkpt lat="46.4845500" lon="11.8320570">
    <ele>2008.4</ele>
   </trkpt>
   <trkpt lat="46.4846150" lon="11.8319560">
    <ele>2007.9</ele>
   </trkpt>
   <trkpt lat="46.4846830" lon="11.8318590">
    <ele>2007.5</ele>
   </trkpt>
   <trkpt lat="46.4847500" lon="11.8317600">
    <ele>2007.1</ele>
   </trkpt>
   <trkpt lat="46.4848050" lon="11.8316460">
    <ele>2006.8</ele>
   </trkpt>
   <trkpt lat="46.4848450" lon="11.8315200">
    <ele>2006.5</ele>
   </trkpt>
   <trkpt lat="46.4848780" lon="11.8313980">
    <ele>2006.2</ele>
   </trkpt>
   <trkpt lat="46.4849210" lon="11.8312940">
    <ele>2005.9</ele>
   </trkpt>
   <trkpt lat="46.4849750" lon="11.8312230">
    <ele>2005.6</ele>
   </trkpt>
   <trkpt lat="46.4850280" lon="11.8312090">
    <ele>2005.3</ele>
   </trkpt>
   <trkpt lat="46.4850800" lon="11.8312530">
    <ele>2004.9</ele>
   </trkpt>
   <trkpt lat="46.4851160" lon="11.8313260">
    <ele>2004.4</ele>
   </trkpt>
   <trkpt lat="46.4851120" lon="11.8314160">
    <ele>2003.9</ele>
   </trkpt>
   <trkpt lat="46.4850440" lon="11.8317400">
    <ele>2002.2</ele>
   </trkpt>
   <trkpt lat="46.4850130" lon="11.8318600">
    <ele>2001.6</ele>
   </trkpt>
   <trkpt lat="46.4849860" lon="11.8319870">
    <ele>2001.0</ele>
   </trkpt>
   <trkpt lat="46.4848550" lon="11.8325250">
    <ele>1997.9</ele>
   </trkpt>
   <trkpt lat="46.4846700" lon="11.8330850">
    <ele>1994.3</ele>
   </trkpt>
   <trkpt lat="46.4845720" lon="11.8333810">
    <ele>1992.5</ele>
   </trkpt>
   <trkpt lat="46.4845230" lon="11.8335340">
    <ele>1991.5</ele>
   </trkpt>
   <trkpt lat="46.4844170" lon="11.8338550">
    <ele>1989.4</ele>
   </trkpt>
   <trkpt lat="46.4843330" lon="11.8341960">
    <ele>1987.4</ele>
   </trkpt>
   <trkpt lat="46.4843070" lon="11.8345740">
    <ele>1985.1</ele>
   </trkpt>
   <trkpt lat="46.4843120" lon="11.8347670">
    <ele>1983.9</ele>
   </trkpt>
   <trkpt lat="46.4843280" lon="11.8349590">
    <ele>1982.7</ele>
   </trkpt>
   <trkpt lat="46.4843670" lon="11.8353580">
    <ele>1980.5</ele>
   </trkpt>
   <trkpt lat="46.4843760" lon="11.8355630">
    <ele>1979.4</ele>
   </trkpt>
   <trkpt lat="46.4843740" lon="11.8357730">
    <ele>1978.3</ele>
   </trkpt>
   <trkpt lat="46.4843840" lon="11.8363990">
    <ele>1974.9</ele>
   </trkpt>
   <trkpt lat="46.4843900" lon="11.8366030">
    <ele>1974.1</ele>
   </trkpt>
   <trkpt lat="46.4843900" lon="11.8368100">
    <ele>1973.5</ele>
   </trkpt>
   <trkpt lat="46.4843820" lon="11.8370130">
    <ele>1973.3</ele>
   </trkpt>
   <trkpt lat="46.4843530" lon="11.8374170">
    <ele>1971.2</ele>
   </trkpt>
   <trkpt lat="46.4843130" lon="11.8378290">
    <ele>1968.6</ele>
   </trkpt>
   <trkpt lat="46.4842960" lon="11.8380370">
    <ele>1967.4</ele>
   </trkpt>
   <trkpt lat="46.4842940" lon="11.8382460">
    <ele>1966.2</ele>
   </trkpt>
   <trkpt lat="46.4843110" lon="11.8384560">
    <ele>1965.2</ele>
   </trkpt>
   <trkpt lat="46.4843430" lon="11.8386660">
    <ele>1964.1</ele>
   </trkpt>
   <trkpt lat="46.4843840" lon="11.8388710">
    <ele>1963.2</ele>
   </trkpt>
   <trkpt lat="46.4844300" lon="11.8390740">
    <ele>1962.2</ele>
   </trkpt>
   <trkpt lat="46.4844780" lon="11.8392710">
    <ele>1961.3</ele>
   </trkpt>
   <trkpt lat="46.4845240" lon="11.8394720">
    <ele>1960.3</ele>
   </trkpt>
   <trkpt lat="46.4845690" lon="11.8396730">
    <ele>1959.4</ele>
   </trkpt>
   <trkpt lat="46.4846090" lon="11.8398740">
    <ele>1958.6</ele>
   </trkpt>
   <trkpt lat="46.4846510" lon="11.8400730">
    <ele>1957.7</ele>
   </trkpt>
   <trkpt lat="46.4846870" lon="11.8402520">
    <ele>1957.0</ele>
   </trkpt>
   <trkpt lat="46.4847160" lon="11.8404240">
    <ele>1956.3</ele>
   </trkpt>
   <trkpt lat="46.4847380" lon="11.8405760">
    <ele>1955.7</ele>
   </trkpt>
   <trkpt lat="46.4847540" lon="11.8407110">
    <ele>1955.1</ele>
   </trkpt>
   <trkpt lat="46.4847540" lon="11.8408430">
    <ele>1954.4</ele>
   </trkpt>
   <trkpt lat="46.4847280" lon="11.8409660">
    <ele>1953.8</ele>
   </trkpt>
   <trkpt lat="46.4846770" lon="11.8410730">
    <ele>1953.1</ele>
   </trkpt>
   <trkpt lat="46.4845710" lon="11.8412650">
    <ele>1951.7</ele>
   </trkpt>
   <trkpt lat="46.4845410" lon="11.8413780">
    <ele>1951.1</ele>
   </trkpt>
   <trkpt lat="46.4845460" lon="11.8414770">
    <ele>1950.6</ele>
   </trkpt>
   <trkpt lat="46.4845990" lon="11.8415220">
    <ele>1950.1</ele>
   </trkpt>
   <trkpt lat="46.4846730" lon="11.8414990">
    <ele>1949.4</ele>
   </trkpt>
   <trkpt lat="46.4847450" lon="11.8414230">
    <ele>1948.6</ele>
   </trkpt>
   <trkpt lat="46.4848070" lon="11.8413150">
    <ele>1947.7</ele>
   </trkpt>
   <trkpt lat="46.4849490" lon="11.8410350">
    <ele>1945.5</ele>
   </trkpt>
   <trkpt lat="46.4850120" lon="11.8408830">
    <ele>1944.5</ele>
   </trkpt>
   <trkpt lat="46.4850540" lon="11.8407420">
    <ele>1943.6</ele>
   </trkpt>
   <trkpt lat="46.4850710" lon="11.8405800">
    <ele>1942.6</ele>
   </trkpt>
   <trkpt lat="46.4850790" lon="11.8404100">
    <ele>1941.7</ele>
   </trkpt>
   <trkpt lat="46.4851000" lon="11.8399400">
    <ele>1939.1</ele>
   </trkpt>
   <trkpt lat="46.4851170" lon="11.8398000">
    <ele>1938.3</ele>
   </trkpt>
   <trkpt lat="46.4851580" lon="11.8396810">
    <ele>1937.6</ele>
   </trkpt>
   <trkpt lat="46.4852170" lon="11.8395780">
    <ele>1936.8</ele>
   </trkpt>
   <trkpt lat="46.4853590" lon="11.8393750">
    <ele>1935.4</ele>
   </trkpt>
   <trkpt lat="46.4854560" lon="11.8391510">
    <ele>1934.3</ele>
   </trkpt>
   <trkpt lat="46.4854990" lon="11.8390450">
    <ele>1933.8</ele>
   </trkpt>
   <trkpt lat="46.4855410" lon="11.8389460">
    <ele>1933.4</ele>
   </trkpt>
   <trkpt lat="46.4855830" lon="11.8388650">
    <ele>1933.0</ele>
   </trkpt>
   <trkpt lat="46.4856330" lon="11.8388100">
    <ele>1932.5</ele>
   </trkpt>
   <trkpt lat="46.4856890" lon="11.8388020">
    <ele>1932.1</ele>
   </trkpt>
   <trkpt lat="46.4857400" lon="11.8388660">
    <ele>1931.5</ele>
   </trkpt>
   <trkpt lat="46.4857790" lon="11.8389620">
    <ele>1930.7</ele>
   </trkpt>
   <trkpt lat="46.4857760" lon="11.8390840">
    <ele>1929.9</ele>
   </trkpt>
   <trkpt lat="46.4857560" lon="11.8392240">
    <ele>1929.0</ele>
   </trkpt>
   <trkpt lat="46.4857270" lon="11.8395040">
    <ele>1927.3</ele>
   </trkpt>
   <trkpt lat="46.4857030" lon="11.8396530">
    <ele>1926.4</ele>
   </trkpt>
   <trkpt lat="46.4856640" lon="11.8398010">
    <ele>1925.4</ele>
   </trkpt>
   <trkpt lat="46.4855670" lon="11.8401030">
    <ele>1923.4</ele>
   </trkpt>
   <trkpt lat="46.4855250" lon="11.8402620">
    <ele>1922.4</ele>
   </trkpt>
   <trkpt lat="46.4854950" lon="11.8404230">
    <ele>1921.4</ele>
   </trkpt>
   <trkpt lat="46.4854870" lon="11.8405830">
    <ele>1920.4</ele>
   </trkpt>
   <trkpt lat="46.4855100" lon="11.8409130">
    <ele>1918.6</ele>
   </trkpt>
   <trkpt lat="46.4855990" lon="11.8412030">
    <ele>1916.9</ele>
   </trkpt>
   <trkpt lat="46.4856770" lon="11.8413350">
    <ele>1916.0</ele>
   </trkpt>
   <trkpt lat="46.4857550" lon="11.8414700">
    <ele>1914.9</ele>
   </trkpt>
   <trkpt lat="46.4858690" lon="11.8417510">
    <ele>1913.1</ele>
   </trkpt>
   <trkpt lat="46.4859380" lon="11.8420630">
    <ele>1911.2</ele>
   </trkpt>
   <trkpt lat="46.4859750" lon="11.8422210">
    <ele>1910.3</ele>
   </trkpt>
   <trkpt lat="46.4860210" lon="11.8425590">
    <ele>1908.8</ele>
   </trkpt>
   <trkpt lat="46.4860800" lon="11.8428420">
    <ele>1908.7</ele>
   </trkpt>
   <trkpt lat="46.4861090" lon="11.8429690">
    <ele>1908.4</ele>
   </trkpt>
   <trkpt lat="46.4861470" lon="11.8430770">
    <ele>1907.7</ele>
   </trkpt>
   <trkpt lat="46.4862030" lon="11.8431400">
    <ele>1907.1</ele>
   </trkpt>
   <trkpt lat="46.4862720" lon="11.8431430">
    <ele>1906.5</ele>
   </trkpt>
   <trkpt lat="46.4863280" lon="11.8430860">
    <ele>1905.8</ele>
   </trkpt>
   <trkpt lat="46.4863730" lon="11.8430030">
    <ele>1905.1</ele>
   </trkpt>
   <trkpt lat="46.4863930" lon="11.8428920">
    <ele>1904.4</ele>
   </trkpt>
   <trkpt lat="46.4864030" lon="11.8427560">
    <ele>1903.5</ele>
   </trkpt>
   <trkpt lat="46.4864290" lon="11.8424640">
    <ele>1901.8</ele>
   </trkpt>
   <trkpt lat="46.4864750" lon="11.8421440">
    <ele>1900.1</ele>
   </trkpt>
   <trkpt lat="46.4865330" lon="11.8418540">
    <ele>1898.6</ele>
   </trkpt>
   <trkpt lat="46.4866090" lon="11.8416800">
    <ele>1897.4</ele>
   </trkpt>
   <trkpt lat="46.4866910" lon="11.8417500">
    <ele>1896.5</ele>
   </trkpt>
   <trkpt lat="46.4867190" lon="11.8418430">
    <ele>1895.8</ele>
   </trkpt>
   <trkpt lat="46.4867300" lon="11.8419480">
    <ele>1895.2</ele>
   </trkpt>
   <trkpt lat="46.4867480" lon="11.8420600">
    <ele>1894.4</ele>
   </trkpt>
   <trkpt lat="46.4867710" lon="11.8421810">
    <ele>1893.6</ele>
   </trkpt>
   <trkpt lat="46.4867900" lon="11.8423030">
    <ele>1892.9</ele>
   </trkpt>
   <trkpt lat="46.4868370" lon="11.8425720">
    <ele>1891.3</ele>
   </trkpt>
   <trkpt lat="46.4868610" lon="11.8427140">
    <ele>1890.5</ele>
   </trkpt>
   <trkpt lat="46.4868800" lon="11.8428590">
    <ele>1889.7</ele>
   </trkpt>
   <trkpt lat="46.4869230" lon="11.8432970">
    <ele>1887.7</ele>
   </trkpt>
   <trkpt lat="46.4869180" lon="11.8434330">
    <ele>1887.1</ele>
   </trkpt>
   <trkpt lat="46.4869030" lon="11.8435570">
    <ele>1886.5</ele>
   </trkpt>
   <trkpt lat="46.4869030" lon="11.8436660">
    <ele>1886.0</ele>
   </trkpt>
   <trkpt lat="46.4869240" lon="11.8437570">
    <ele>1885.6</ele>
   </trkpt>
   <trkpt lat="46.4869610" lon="11.8438200">
    <ele>1885.1</ele>
   </trkpt>
   <trkpt lat="46.4870120" lon="11.8438280">
    <ele>1885.0</ele>
   </trkpt>
   <trkpt lat="46.4870660" lon="11.8437810">
    <ele>1884.4</ele>
   </trkpt>
   <trkpt lat="46.4871050" lon="11.8437040">
    <ele>1883.9</ele>
   </trkpt>
   <trkpt lat="46.4871290" lon="11.8436020">
    <ele>1883.3</ele>
   </trkpt>
   <trkpt lat="46.4871450" lon="11.8434810">
    <ele>1882.6</ele>
   </trkpt>
   <trkpt lat="46.4871510" lon="11.8433850">
    <ele>1882.1</ele>
   </trkpt>
   <trkpt lat="46.4871840" lon="11.8431440">
    <ele>1881.0</ele>
   </trkpt>
   <trkpt lat="46.4872280" lon="11.8430580">
    <ele>1880.6</ele>
   </trkpt>
   <trkpt lat="46.4872820" lon="11.8430190">
    <ele>1880.2</ele>
   </trkpt>
   <trkpt lat="46.4873260" lon="11.8430500">
    <ele>1879.8</ele>
   </trkpt>
   <trkpt lat="46.4873610" lon="11.8431120">
    <ele>1879.2</ele>
   </trkpt>
   <trkpt lat="46.4873690" lon="11.8432100">
    <ele>1878.5</ele>
   </trkpt>
   <trkpt lat="46.4873540" lon="11.8433260">
    <ele>1877.7</ele>
   </trkpt>
   <trkpt lat="46.4873440" lon="11.8434500">
    <ele>1876.8</ele>
   </trkpt>
   <trkpt lat="46.4873370" lon="11.8437120">
    <ele>1875.2</ele>
   </trkpt>
   <trkpt lat="46.4873320" lon="11.8438480">
    <ele>1874.5</ele>
   </trkpt>
   <trkpt lat="46.4873290" lon="11.8439830">
    <ele>1873.9</ele>
   </trkpt>
   <trkpt lat="46.4873310" lon="11.8441000">
    <ele>1873.3</ele>
   </trkpt>
   <trkpt lat="46.4873770" lon="11.8442770">
    <ele>1872.4</ele>
   </trkpt>
   <trkpt lat="46.4874760" lon="11.8442770">
    <ele>1871.6</ele>
   </trkpt>
   <trkpt lat="46.4874950" lon="11.8441920">
    <ele>1871.2</ele>
   </trkpt>
   <trkpt lat="46.4875050" lon="11.8440870">
    <ele>1870.7</ele>
   </trkpt>
   <trkpt lat="46.4875130" lon="11.8439740">
    <ele>1870.3</ele>
   </trkpt>
   <trkpt lat="46.4876000" lon="11.8438070">
    <ele>1869.4</ele>
   </trkpt>
   <trkpt lat="46.4876760" lon="11.8438310">
    <ele>1868.8</ele>
   </trkpt>
   <trkpt lat="46.4877160" lon="11.8440000">
    <ele>1865.9</ele>
   </trkpt>
   <trkpt lat="46.4877190" lon="11.8441150">
    <ele>1865.0</ele>
   </trkpt>
   <trkpt lat="46.4877220" lon="11.8442380">
    <ele>1864.1</ele>
   </trkpt>
   <trkpt lat="46.4877440" lon="11.8445020">
    <ele>1862.1</ele>
   </trkpt>
   <trkpt lat="46.4877730" lon="11.8447870">
    <ele>1860.1</ele>
   </trkpt>
   <trkpt lat="46.4877510" lon="11.8450820">
    <ele>1858.0</ele>
   </trkpt>
   <trkpt lat="46.4877170" lon="11.8452310">
    <ele>1857.3</ele>
   </trkpt>
   <trkpt lat="46.4876650" lon="11.8454900">
    <ele>1856.7</ele>
   </trkpt>
   <trkpt lat="46.4876720" lon="11.8456000">
    <ele>1856.4</ele>
   </trkpt>
   <trkpt lat="46.4877120" lon="11.8456780">
    <ele>1856.1</ele>
   </trkpt>
   <trkpt lat="46.4877700" lon="11.8457030">
    <ele>1855.8</ele>
   </trkpt>
   <trkpt lat="46.4878350" lon="11.8456870">
    <ele>1855.5</ele>
   </trkpt>
   <trkpt lat="46.4878940" lon="11.8456180">
    <ele>1855.2</ele>
   </trkpt>
   <trkpt lat="46.4879480" lon="11.8455260">
    <ele>1855.0</ele>
   </trkpt>
   <trkpt lat="46.4880010" lon="11.8454260">
    <ele>1854.7</ele>
   </trkpt>
   <trkpt lat="46.4880340" lon="11.8453090">
    <ele>1854.6</ele>
   </trkpt>
   <trkpt lat="46.4880680" lon="11.8451900">
    <ele>1854.5</ele>
   </trkpt>
   <trkpt lat="46.4881480" lon="11.8449440">
    <ele>1854.4</ele>
   </trkpt>
   <trkpt lat="46.4882120" lon="11.8448330">
    <ele>1854.5</ele>
   </trkpt>
   <trkpt lat="46.4882900" lon="11.8447540">
    <ele>1854.2</ele>
   </trkpt>
   <trkpt lat="46.4883690" lon="11.8447260">
    <ele>1853.9</ele>
   </trkpt>
   <trkpt lat="46.4884420" lon="11.8447370">
    <ele>1852.9</ele>
   </trkpt>
   <trkpt lat="46.4885110" lon="11.8447950">
    <ele>1852.1</ele>
   </trkpt>
   <trkpt lat="46.4885460" lon="11.8449000">
    <ele>1851.3</ele>
   </trkpt>
   <trkpt lat="46.4885790" lon="11.8450170">
    <ele>1850.3</ele>
   </trkpt>
   <trkpt lat="46.4886020" lon="11.8451510">
    <ele>1849.1</ele>
   </trkpt>
   <trkpt lat="46.4886390" lon="11.8454230">
    <ele>1846.5</ele>
   </trkpt>
   <trkpt lat="46.4886520" lon="11.8455690">
    <ele>1845.2</ele>
   </trkpt>
   <trkpt lat="46.4886740" lon="11.8460390">
    <ele>1842.2</ele>
   </trkpt>
   <trkpt lat="46.4886830" lon="11.8463790">
    <ele>1840.1</ele>
   </trkpt>
   <trkpt lat="46.4887040" lon="11.8468590">
    <ele>1837.3</ele>
   </trkpt>
   <trkpt lat="46.4887370" lon="11.8469920">
    <ele>1836.5</ele>
   </trkpt>
   <trkpt lat="46.4887870" lon="11.8470960">
    <ele>1835.8</ele>
   </trkpt>
   <trkpt lat="46.4888680" lon="11.8471600">
    <ele>1835.0</ele>
   </trkpt>
   <trkpt lat="46.4889520" lon="11.8472140">
    <ele>1834.2</ele>
   </trkpt>
   <trkpt lat="46.4890210" lon="11.8472720">
    <ele>1833.6</ele>
   </trkpt>
   <trkpt lat="46.4890680" lon="11.8473510">
    <ele>1832.9</ele>
   </trkpt>
   <trkpt lat="46.4890850" lon="11.8474420">
    <ele>1832.3</ele>
   </trkpt>
   <trkpt lat="46.4890570" lon="11.8475160">
    <ele>1831.7</ele>
   </trkpt>
   <trkpt lat="46.4890020" lon="11.8475690">
    <ele>1831.0</ele>
   </trkpt>
   <trkpt lat="46.4889430" lon="11.8476270">
    <ele>1830.2</ele>
   </trkpt>
   <trkpt lat="46.4888890" lon="11.8477100">
    <ele>1829.3</ele>
   </trkpt>
   <trkpt lat="46.4888620" lon="11.8478190">
    <ele>1828.4</ele>
   </trkpt>
   <trkpt lat="46.4888790" lon="11.8479290">
    <ele>1827.6</ele>
   </trkpt>
   <trkpt lat="46.4889340" lon="11.8479960">
    <ele>1826.9</ele>
   </trkpt>
   <trkpt lat="46.4890180" lon="11.8480240">
    <ele>1826.0</ele>
   </trkpt>
   <trkpt lat="46.4891120" lon="11.8480470">
    <ele>1825.1</ele>
   </trkpt>
   <trkpt lat="46.4892100" lon="11.8480920">
    <ele>1824.2</ele>
   </trkpt>
   <trkpt lat="46.4893080" lon="11.8481690">
    <ele>1823.1</ele>
   </trkpt>
   <trkpt lat="46.4894930" lon="11.8483340">
    <ele>1821.1</ele>
   </trkpt>
   <trkpt lat="46.4896870" lon="11.8485260">
    <ele>1818.9</ele>
   </trkpt>
   <trkpt lat="46.4897740" lon="11.8486450">
    <ele>1817.8</ele>
   </trkpt>
   <trkpt lat="46.4898520" lon="11.8487850">
    <ele>1816.8</ele>
   </trkpt>
   <trkpt lat="46.4900000" lon="11.8490780">
    <ele>1814.6</ele>
   </trkpt>
   <trkpt lat="46.4901380" lon="11.8494060">
    <ele>1812.5</ele>
   </trkpt>
   <trkpt lat="46.4901860" lon="11.8495860">
    <ele>1811.4</ele>
   </trkpt>
   <trkpt lat="46.4902060" lon="11.8497730">
    <ele>1810.5</ele>
   </trkpt>
   <trkpt lat="46.4902230" lon="11.8499670">
    <ele>1809.6</ele>
   </trkpt>
   <trkpt lat="46.4902470" lon="11.8503680">
    <ele>1807.9</ele>
   </trkpt>
   <trkpt lat="46.4902580" lon="11.8505520">
    <ele>1807.1</ele>
   </trkpt>
   <trkpt lat="46.4902740" lon="11.8507510">
    <ele>1806.2</ele>
   </trkpt>
   <trkpt lat="46.4902860" lon="11.8509490">
    <ele>1805.4</ele>
   </trkpt>
   <trkpt lat="46.4903300" lon="11.8513360">
    <ele>1803.8</ele>
   </trkpt>
   <trkpt lat="46.4903580" lon="11.8515270">
    <ele>1803.0</ele>
   </trkpt>
   <trkpt lat="46.4904180" lon="11.8519060">
    <ele>1801.4</ele>
   </trkpt>
   <trkpt lat="46.4905010" lon="11.8524480">
    <ele>1799.1</ele>
   </trkpt>
   <trkpt lat="46.4905450" lon="11.8526060">
    <ele>1798.3</ele>
   </trkpt>
   <trkpt lat="46.4906100" lon="11.8527460">
    <ele>1797.5</ele>
   </trkpt>
   <trkpt lat="46.4907730" lon="11.8529870">
    <ele>1795.4</ele>
   </trkpt>
   <trkpt lat="46.4909000" lon="11.8532750">
    <ele>1793.3</ele>
   </trkpt>
   <trkpt lat="46.4909540" lon="11.8534380">
    <ele>1792.1</ele>
   </trkpt>
   <trkpt lat="46.4910090" lon="11.8536030">
    <ele>1790.9</ele>
   </trkpt>
   <trkpt lat="46.4911370" lon="11.8539350">
    <ele>1788.4</ele>
   </trkpt>
   <trkpt lat="46.4912140" lon="11.8540940">
    <ele>1787.1</ele>
   </trkpt>
   <trkpt lat="46.4913120" lon="11.8542360">
    <ele>1785.9</ele>
   </trkpt>
   <trkpt lat="46.4914170" lon="11.8543550">
    <ele>1784.8</ele>
   </trkpt>
   <trkpt lat="46.4915290" lon="11.8544650">
    <ele>1783.8</ele>
   </trkpt>
   <trkpt lat="46.4917670" lon="11.8546770">
    <ele>1782.6</ele>
   </trkpt>
   <trkpt lat="46.4918810" lon="11.8547810">
    <ele>1781.4</ele>
   </trkpt>
   <trkpt lat="46.4919800" lon="11.8548910">
    <ele>1780.2</ele>
   </trkpt>
   <trkpt lat="46.4920710" lon="11.8550040">
    <ele>1779.0</ele>
   </trkpt>
   <trkpt lat="46.4921690" lon="11.8550980">
    <ele>1777.7</ele>
   </trkpt>
   <trkpt lat="46.4922810" lon="11.8551590">
    <ele>1776.3</ele>
   </trkpt>
   <trkpt lat="46.4924020" lon="11.8551990">
    <ele>1774.9</ele>
   </trkpt>
   <trkpt lat="46.4925290" lon="11.8552300">
    <ele>1773.5</ele>
   </trkpt>
   <trkpt lat="46.4926550" lon="11.8552590">
    <ele>1772.2</ele>
   </trkpt>
   <trkpt lat="46.4927810" lon="11.8552850">
    <ele>1771.0</ele>
   </trkpt>
   <trkpt lat="46.4929000" lon="11.8553120">
    <ele>1770.1</ele>
   </trkpt>
   <trkpt lat="46.4930000" lon="11.8553540">
    <ele>1769.3</ele>
   </trkpt>
   <trkpt lat="46.4930880" lon="11.8554230">
    <ele>1768.4</ele>
   </trkpt>
   <trkpt lat="46.4931650" lon="11.8555220">
    <ele>1767.4</ele>
   </trkpt>
   <trkpt lat="46.4932110" lon="11.8556590">
    <ele>1766.4</ele>
   </trkpt>
   <trkpt lat="46.4932290" lon="11.8559930">
    <ele>1764.4</ele>
   </trkpt>
   <trkpt lat="46.4932360" lon="11.8561600">
    <ele>1763.5</ele>
   </trkpt>
   <trkpt lat="46.4932620" lon="11.8563240">
    <ele>1762.6</ele>
   </trkpt>
   <trkpt lat="46.4933100" lon="11.8564810">
    <ele>1761.7</ele>
   </trkpt>
   <trkpt lat="46.4933720" lon="11.8566250">
    <ele>1761.0</ele>
   </trkpt>
   <trkpt lat="46.4934310" lon="11.8567480">
    <ele>1760.4</ele>
   </trkpt>
   <trkpt lat="46.4935380" lon="11.8569390">
    <ele>1759.4</ele>
   </trkpt>
   <trkpt lat="46.4935440" lon="11.8570220">
    <ele>1759.0</ele>
   </trkpt>
   <trkpt lat="46.4935410" lon="11.8571050">
    <ele>1758.5</ele>
   </trkpt>
   <trkpt lat="46.4934900" lon="11.8571100">
    <ele>1758.1</ele>
   </trkpt>
   <trkpt lat="46.4934510" lon="11.8570570">
    <ele>1757.7</ele>
   </trkpt>
   <trkpt lat="46.4934150" lon="11.8569860">
    <ele>1757.2</ele>
   </trkpt>
   <trkpt lat="46.4933750" lon="11.8569110">
    <ele>1756.6</ele>
   </trkpt>
   <trkpt lat="46.4933220" lon="11.8568600">
    <ele>1756.1</ele>
   </trkpt>
   <trkpt lat="46.4932630" lon="11.8568720">
    <ele>1755.5</ele>
   </trkpt>
   <trkpt lat="46.4932190" lon="11.8569390">
    <ele>1755.0</ele>
   </trkpt>
   <trkpt lat="46.4932030" lon="11.8570310">
    <ele>1754.4</ele>
   </trkpt>
   <trkpt lat="46.4932140" lon="11.8571270">
    <ele>1753.8</ele>
   </trkpt>
   <trkpt lat="46.4932580" lon="11.8573580">
    <ele>1752.8</ele>
   </trkpt>
   <trkpt lat="46.4933090" lon="11.8576080">
    <ele>1751.8</ele>
   </trkpt>
   <trkpt lat="46.4933010" lon="11.8577090">
    <ele>1751.3</ele>
   </trkpt>
   <trkpt lat="46.4932780" lon="11.8577780">
    <ele>1750.9</ele>
   </trkpt>
   <trkpt lat="46.4932260" lon="11.8577620">
    <ele>1750.4</ele>
   </trkpt>
   <trkpt lat="46.4931710" lon="11.8577090">
    <ele>1749.8</ele>
   </trkpt>
   <trkpt lat="46.4931390" lon="11.8576180">
    <ele>1749.2</ele>
   </trkpt>
   <trkpt lat="46.4930890" lon="11.8574100">
    <ele>1747.9</ele>
   </trkpt>
   <trkpt lat="46.4930440" lon="11.8573780">
    <ele>1747.5</ele>
   </trkpt>
   <trkpt lat="46.4930050" lon="11.8574180">
    <ele>1747.1</ele>
   </trkpt>
   <trkpt lat="46.4929860" lon="11.8575090">
    <ele>1746.5</ele>
   </trkpt>
   <trkpt lat="46.4929910" lon="11.8576250">
    <ele>1745.8</ele>
   </trkpt>
   <trkpt lat="46.4929950" lon="11.8578600">
    <ele>1744.5</ele>
   </trkpt>
   <trkpt lat="46.4930010" lon="11.8579830">
    <ele>1743.8</ele>
   </trkpt>
   <trkpt lat="46.4930160" lon="11.8581030">
    <ele>1743.1</ele>
   </trkpt>
   <trkpt lat="46.4930570" lon="11.8581980">
    <ele>1742.6</ele>
   </trkpt>
   <trkpt lat="46.4931260" lon="11.8582590">
    <ele>1741.9</ele>
   </trkpt>
   <trkpt lat="46.4932020" lon="11.8582960">
    <ele>1741.3</ele>
   </trkpt>
   <trkpt lat="46.4932510" lon="11.8583430">
    <ele>1740.8</ele>
   </trkpt>
   <trkpt lat="46.4932910" lon="11.8584360">
    <ele>1740.2</ele>
   </trkpt>
   <trkpt lat="46.4932990" lon="11.8585600">
    <ele>1739.4</ele>
   </trkpt>
   <trkpt lat="46.4932900" lon="11.8586880">
    <ele>1738.5</ele>
   </trkpt>
   <trkpt lat="46.4932680" lon="11.8588210">
    <ele>1737.6</ele>
   </trkpt>
   <trkpt lat="46.4932200" lon="11.8592390">
    <ele>1734.9</ele>
   </trkpt>
   <trkpt lat="46.4932310" lon="11.8593660">
    <ele>1734.2</ele>
   </trkpt>
   <trkpt lat="46.4932880" lon="11.8594630">
    <ele>1733.4</ele>
   </trkpt>
   <trkpt lat="46.4933550" lon="11.8594800">
    <ele>1732.8</ele>
   </trkpt>
   <trkpt lat="46.4934450" lon="11.8594740">
    <ele>1732.0</ele>
   </trkpt>
   <trkpt lat="46.4936230" lon="11.8594560">
    <ele>1730.5</ele>
   </trkpt>
   <trkpt lat="46.4937150" lon="11.8594740">
    <ele>1729.7</ele>
   </trkpt>
   <trkpt lat="46.4938100" lon="11.8595480">
    <ele>1728.7</ele>
   </trkpt>
   <trkpt lat="46.4938740" lon="11.8596570">
    <ele>1727.7</ele>
   </trkpt>
   <trkpt lat="46.4939120" lon="11.8597770">
    <ele>1726.9</ele>
   </trkpt>
   <trkpt lat="46.4939550" lon="11.8600600">
    <ele>1725.0</ele>
   </trkpt>
   <trkpt lat="46.4940320" lon="11.8603710">
    <ele>1722.9</ele>
   </trkpt>
   <trkpt lat="46.4940630" lon="11.8605330">
    <ele>1721.8</ele>
   </trkpt>
   <trkpt lat="46.4940810" lon="11.8606990">
    <ele>1720.8</ele>
   </trkpt>
   <trkpt lat="46.4940850" lon="11.8608690">
    <ele>1719.8</ele>
   </trkpt>
   <trkpt lat="46.4941040" lon="11.8612090">
    <ele>1717.6</ele>
   </trkpt>
   <trkpt lat="46.4941370" lon="11.8613760">
    <ele>1716.5</ele>
   </trkpt>
   <trkpt lat="46.4941840" lon="11.8615390">
    <ele>1715.4</ele>
   </trkpt>
   <trkpt lat="46.4943320" lon="11.8618340">
    <ele>1713.1</ele>
   </trkpt>
   <trkpt lat="46.4944980" lon="11.8621140">
    <ele>1710.9</ele>
   </trkpt>
   <trkpt lat="46.4945800" lon="11.8622670">
    <ele>1709.7</ele>
   </trkpt>
   <trkpt lat="46.4946410" lon="11.8624330">
    <ele>1708.5</ele>
   </trkpt>
   <trkpt lat="46.4946790" lon="11.8626170">
    <ele>1707.3</ele>
   </trkpt>
   <trkpt lat="46.4947060" lon="11.8628100">
    <ele>1706.1</ele>
   </trkpt>
   <trkpt lat="46.4947190" lon="11.8630040">
    <ele>1704.8</ele>
   </trkpt>
   <trkpt lat="46.4947290" lon="11.8632360">
    <ele>1703.5</ele>
   </trkpt>
   <trkpt lat="46.4947540" lon="11.8635850">
    <ele>1701.5</ele>
   </trkpt>
   <trkpt lat="46.4947790" lon="11.8637750">
    <ele>1700.4</ele>
   </trkpt>
   <trkpt lat="46.4948130" lon="11.8639650">
    <ele>1699.2</ele>
   </trkpt>
   <trkpt lat="46.4948500" lon="11.8641550">
    <ele>1698.0</ele>
   </trkpt>
   <trkpt lat="46.4949140" lon="11.8645410">
    <ele>1695.7</ele>
   </trkpt>
   <trkpt lat="46.4950070" lon="11.8651130">
    <ele>1692.4</ele>
   </trkpt>
   <trkpt lat="46.4950360" lon="11.8652930">
    <ele>1691.4</ele>
   </trkpt>
   <trkpt lat="46.4950720" lon="11.8654970">
    <ele>1690.2</ele>
   </trkpt>
   <trkpt lat="46.4951010" lon="11.8656650">
    <ele>1689.3</ele>
   </trkpt>
   <trkpt lat="46.4951240" lon="11.8658360">
    <ele>1688.3</ele>
   </trkpt>
   <trkpt lat="46.4951420" lon="11.8659730">
    <ele>1687.6</ele>
   </trkpt>
   <trkpt lat="46.4951710" lon="11.8661360">
    <ele>1687.6</ele>
   </trkpt>
   <trkpt lat="46.4952230" lon="11.8663070">
    <ele>1687.3</ele>
   </trkpt>
   <trkpt lat="46.4952730" lon="11.8663970">
    <ele>1686.7</ele>
   </trkpt>
   <trkpt lat="46.4953480" lon="11.8664920">
    <ele>1685.9</ele>
   </trkpt>
   <trkpt lat="46.4954280" lon="11.8665710">
    <ele>1685.3</ele>
   </trkpt>
   <trkpt lat="46.4954940" lon="11.8666510">
    <ele>1684.7</ele>
   </trkpt>
   <trkpt lat="46.4955560" lon="11.8667310">
    <ele>1684.1</ele>
   </trkpt>
   <trkpt lat="46.4956010" lon="11.8668260">
    <ele>1683.5</ele>
   </trkpt>
   <trkpt lat="46.4955960" lon="11.8668780">
    <ele>1683.2</ele>
   </trkpt>
   <trkpt lat="46.4955930" lon="11.8669300">
    <ele>1682.9</ele>
   </trkpt>
   <trkpt lat="46.4955610" lon="11.8669610">
    <ele>1682.6</ele>
   </trkpt>
   <trkpt lat="46.4954970" lon="11.8669040">
    <ele>1681.9</ele>
   </trkpt>
   <trkpt lat="46.4954030" lon="11.8668290">
    <ele>1680.8</ele>
   </trkpt>
   <trkpt lat="46.4953200" lon="11.8667590">
    <ele>1679.9</ele>
   </trkpt>
   <trkpt lat="46.4952290" lon="11.8666930">
    <ele>1679.0</ele>
   </trkpt>
   <trkpt lat="46.4950610" lon="11.8665730">
    <ele>1677.3</ele>
   </trkpt>
   <trkpt lat="46.4949750" lon="11.8665560">
    <ele>1676.6</ele>
   </trkpt>
   <trkpt lat="46.4948890" lon="11.8665740">
    <ele>1675.8</ele>
   </trkpt>
   <trkpt lat="46.4948070" lon="11.8666290">
    <ele>1675.0</ele>
   </trkpt>
   <trkpt lat="46.4947470" lon="11.8667130">
    <ele>1674.2</ele>
   </trkpt>
   <trkpt lat="46.4947040" lon="11.8668150">
    <ele>1673.5</ele>
   </trkpt>
   <trkpt lat="46.4946700" lon="11.8669270">
    <ele>1673.0</ele>
   </trkpt>
   <trkpt lat="46.4946190" lon="11.8670110">
    <ele>1672.6</ele>
   </trkpt>
   <trkpt lat="46.4945650" lon="11.8670490">
    <ele>1672.2</ele>
   </trkpt>
   <trkpt lat="46.4945010" lon="11.8670600">
    <ele>1671.8</ele>
   </trkpt>
   <trkpt lat="46.4944520" lon="11.8670050">
    <ele>1671.3</ele>
   </trkpt>
   <trkpt lat="46.4943870" lon="11.8668050">
    <ele>1670.2</ele>
   </trkpt>
   <trkpt lat="46.4943500" lon="11.8667200">
    <ele>1669.7</ele>
   </trkpt>
   <trkpt lat="46.4943080" lon="11.8666590">
    <ele>1669.2</ele>
   </trkpt>
   <trkpt lat="46.4942660" lon="11.8666330">
    <ele>1668.8</ele>
   </trkpt>
   <trkpt lat="46.4942170" lon="11.8666520">
    <ele>1668.4</ele>
   </trkpt>
   <trkpt lat="46.4941830" lon="11.8667270">
    <ele>1667.8</ele>
   </trkpt>
   <trkpt lat="46.4941810" lon="11.8668280">
    <ele>1667.2</ele>
   </trkpt>
   <trkpt lat="46.4942080" lon="11.8669260">
    <ele>1666.6</ele>
   </trkpt>
   <trkpt lat="46.4942580" lon="11.8670190">
    <ele>1665.9</ele>
   </trkpt>
   <trkpt lat="46.4944860" lon="11.8673940">
    <ele>1662.9</ele>
   </trkpt>
   <trkpt lat="46.4945470" lon="11.8674960">
    <ele>1662.1</ele>
   </trkpt>
   <trkpt lat="46.4946680" lon="11.8677140">
    <ele>1660.4</ele>
   </trkpt>
   <trkpt lat="46.4947090" lon="11.8678420">
    <ele>1659.5</ele>
   </trkpt>
   <trkpt lat="46.4947330" lon="11.8679840">
    <ele>1658.6</ele>
   </trkpt>
   <trkpt lat="46.4947320" lon="11.8682800">
    <ele>1656.8</ele>
   </trkpt>
   <trkpt lat="46.4947350" lon="11.8684260">
    <ele>1655.9</ele>
   </trkpt>
   <trkpt lat="46.4948110" lon="11.8687120">
    <ele>1654.1</ele>
   </trkpt>
   <trkpt lat="46.4949490" lon="11.8689770">
    <ele>1652.1</ele>
   </trkpt>
   <trkpt lat="46.4950250" lon="11.8691100">
    <ele>1651.1</ele>
   </trkpt>
   <trkpt lat="46.4951040" lon="11.8692430">
    <ele>1650.2</ele>
   </trkpt>
   <trkpt lat="46.4951700" lon="11.8693780">
    <ele>1649.3</ele>
   </trkpt>
   <trkpt lat="46.4952300" lon="11.8695160">
    <ele>1648.4</ele>
   </trkpt>
   <trkpt lat="46.4952780" lon="11.8696600">
    <ele>1648.3</ele>
   </trkpt>
   <trkpt lat="46.4953220" lon="11.8698100">
    <ele>1647.7</ele>
   </trkpt>
   <trkpt lat="46.4953580" lon="11.8699690">
    <ele>1646.8</ele>
   </trkpt>
   <trkpt lat="46.4954250" lon="11.8702960">
    <ele>1644.8</ele>
   </trkpt>
   <trkpt lat="46.4954940" lon="11.8705920">
    <ele>1643.2</ele>
   </trkpt>
   <trkpt lat="46.4955870" lon="11.8708090">
    <ele>1641.7</ele>
   </trkpt>
   <trkpt lat="46.4956580" lon="11.8708510">
    <ele>1641.1</ele>
   </trkpt>
   <trkpt lat="46.4957410" lon="11.8708390">
    <ele>1640.4</ele>
   </trkpt>
   <trkpt lat="46.4958310" lon="11.8707980">
    <ele>1639.6</ele>
   </trkpt>
   <trkpt lat="46.4959140" lon="11.8707320">
    <ele>1638.9</ele>
   </trkpt>
   <trkpt lat="46.4959930" lon="11.8706620">
    <ele>1638.3</ele>
   </trkpt>
   <trkpt lat="46.4960690" lon="11.8706110">
    <ele>1637.7</ele>
   </trkpt>
   <trkpt lat="46.4961330" lon="11.8705990">
    <ele>1637.2</ele>
   </trkpt>
   <trkpt lat="46.4961830" lon="11.8706420">
    <ele>1636.7</ele>
   </trkpt>
   <trkpt lat="46.4962210" lon="11.8707300">
    <ele>1636.1</ele>
   </trkpt>
   <trkpt lat="46.4962310" lon="11.8708410">
    <ele>1635.4</ele>
   </trkpt>
   <trkpt lat="46.4961920" lon="11.8710880">
    <ele>1633.9</ele>
   </trkpt>
   <trkpt lat="46.4961620" lon="11.8712130">
    <ele>1633.3</ele>
   </trkpt>
   <trkpt lat="46.4961270" lon="11.8713390">
    <ele>1632.6</ele>
   </trkpt>
   <trkpt lat="46.4960480" lon="11.8715970">
    <ele>1631.3</ele>
   </trkpt>
   <trkpt lat="46.4960230" lon="11.8717160">
    <ele>1630.8</ele>
   </trkpt>
   <trkpt lat="46.4960090" lon="11.8718230">
    <ele>1630.2</ele>
   </trkpt>
   <trkpt lat="46.4960130" lon="11.8719210">
    <ele>1629.7</ele>
   </trkpt>
   <trkpt lat="46.4960400" lon="11.8720000">
    <ele>1629.3</ele>
   </trkpt>
   <trkpt lat="46.4960980" lon="11.8720260">
    <ele>1628.8</ele>
   </trkpt>
   <trkpt lat="46.4961670" lon="11.8719960">
    <ele>1628.2</ele>
   </trkpt>
   <trkpt lat="46.4962520" lon="11.8719350">
    <ele>1627.4</ele>
   </trkpt>
   <trkpt lat="46.4964340" lon="11.8717440">
    <ele>1625.7</ele>
   </trkpt>
   <trkpt lat="46.4965140" lon="11.8716530">
    <ele>1625.0</ele>
   </trkpt>
   <trkpt lat="46.4965810" lon="11.8715800">
    <ele>1624.4</ele>
   </trkpt>
   <trkpt lat="46.4966470" lon="11.8715500">
    <ele>1623.9</ele>
   </trkpt>
   <trkpt lat="46.4966990" lon="11.8715850">
    <ele>1623.4</ele>
   </trkpt>
   <trkpt lat="46.4967250" lon="11.8716820">
    <ele>1622.7</ele>
   </trkpt>
   <trkpt lat="46.4966830" lon="11.8719310">
    <ele>1621.0</ele>
   </trkpt>
   <trkpt lat="46.4966230" lon="11.8721870">
    <ele>1619.3</ele>
   </trkpt>
   <trkpt lat="46.4965570" lon="11.8724520">
    <ele>1617.6</ele>
   </trkpt>
   <trkpt lat="46.4965200" lon="11.8725900">
    <ele>1616.7</ele>
   </trkpt>
   <trkpt lat="46.4964780" lon="11.8727260">
    <ele>1615.9</ele>
   </trkpt>
   <trkpt lat="46.4963990" lon="11.8729720">
    <ele>1614.6</ele>
   </trkpt>
   <trkpt lat="46.4963690" lon="11.8730830">
    <ele>1614.0</ele>
   </trkpt>
   <trkpt lat="46.4963570" lon="11.8731970">
    <ele>1613.5</ele>
   </trkpt>
   <trkpt lat="46.4963780" lon="11.8733080">
    <ele>1613.0</ele>
   </trkpt>
   <trkpt lat="46.4964310" lon="11.8734000">
    <ele>1612.4</ele>
   </trkpt>
   <trkpt lat="46.4965060" lon="11.8734610">
    <ele>1611.9</ele>
   </trkpt>
   <trkpt lat="46.4965960" lon="11.8734990">
    <ele>1611.3</ele>
   </trkpt>
   <trkpt lat="46.4967120" lon="11.8735390">
    <ele>1610.5</ele>
   </trkpt>
   <trkpt lat="46.4967990" lon="11.8735670">
    <ele>1610.1</ele>
   </trkpt>
   <trkpt lat="46.4969010" lon="11.8736200">
    <ele>1609.5</ele>
   </trkpt>
   <trkpt lat="46.4970630" lon="11.8737970">
    <ele>1607.1</ele>
   </trkpt>
   <trkpt lat="46.4971520" lon="11.8740290">
    <ele>1605.4</ele>
   </trkpt>
   <trkpt lat="46.4971830" lon="11.8741420">
    <ele>1604.6</ele>
   </trkpt>
   <trkpt lat="46.4972120" lon="11.8742560">
    <ele>1603.9</ele>
   </trkpt>
   <trkpt lat="46.4972870" lon="11.8744710">
    <ele>1603.1</ele>
   </trkpt>
   <trkpt lat="46.4973450" lon="11.8746760">
    <ele>1601.9</ele>
   </trkpt>
   <trkpt lat="46.4973730" lon="11.8747800">
    <ele>1601.2</ele>
   </trkpt>
   <trkpt lat="46.4974170" lon="11.8749730">
    <ele>1599.8</ele>
   </trkpt>
   <trkpt lat="46.4974550" lon="11.8751350">
    <ele>1599.1</ele>
   </trkpt>
   <trkpt lat="46.4975030" lon="11.8752350">
    <ele>1598.6</ele>
   </trkpt>
   <trkpt lat="46.4975230" lon="11.8752770">
    <ele>1598.4</ele>
   </trkpt>
   <trkpt lat="46.4975710" lon="11.8753620">
    <ele>1598.0</ele>
   </trkpt>
   <trkpt lat="46.4976490" lon="11.8754350">
    <ele>1597.9</ele>
   </trkpt>
   <trkpt lat="46.4976970" lon="11.8754650">
    <ele>1597.8</ele>
   </trkpt>
   <trkpt lat="46.4977470" lon="11.8754900">
    <ele>1597.7</ele>
   </trkpt>
   <trkpt lat="46.4978010" lon="11.8755140">
    <ele>1597.4</ele>
   </trkpt>
   <trkpt lat="46.4979740" lon="11.8755920">
    <ele>1596.6</ele>
   </trkpt>
   <trkpt lat="46.4981490" lon="11.8756590">
    <ele>1596.1</ele>
   </trkpt>
   <trkpt lat="46.4982070" lon="11.8756990">
    <ele>1595.7</ele>
   </trkpt>
   <trkpt lat="46.4983270" lon="11.8758070">
    <ele>1594.8</ele>
   </trkpt>
   <trkpt lat="46.4983750" lon="11.8758600">
    <ele>1594.5</ele>
   </trkpt>
   <trkpt lat="46.4985400" lon="11.8760820">
    <ele>1593.2</ele>
   </trkpt>
   <trkpt lat="46.4985870" lon="11.8761700">
    <ele>1592.7</ele>
   </trkpt>
   <trkpt lat="46.4986580" lon="11.8763890">
    <ele>1590.2</ele>
   </trkpt>
   <trkpt lat="46.4986890" lon="11.8766490">
    <ele>1587.2</ele>
   </trkpt>
   <trkpt lat="46.4986890" lon="11.8767740">
    <ele>1586.2</ele>
   </trkpt>
   <trkpt lat="46.4986680" lon="11.8769260">
    <ele>1585.4</ele>
   </trkpt>
   <trkpt lat="46.4986080" lon="11.8771600">
    <ele>1584.0</ele>
   </trkpt>
   <trkpt lat="46.4985750" lon="11.8773570">
    <ele>1582.8</ele>
   </trkpt>
   <trkpt lat="46.4985720" lon="11.8774170">
    <ele>1582.4</ele>
   </trkpt>
   <trkpt lat="46.4985780" lon="11.8774420">
    <ele>1582.3</ele>
   </trkpt>
   <trkpt lat="46.4985930" lon="11.8774360">
    <ele>1582.4</ele>
   </trkpt>
   <trkpt lat="46.4986140" lon="11.8773540">
    <ele>1582.9</ele>
   </trkpt>
   <trkpt lat="46.4986210" lon="11.8772930">
    <ele>1583.3</ele>
   </trkpt>
   <trkpt lat="46.4986290" lon="11.8772220">
    <ele>1583.7</ele>
   </trkpt>
   <trkpt lat="46.4986610" lon="11.8769850">
    <ele>1585.0</ele>
   </trkpt>
   <trkpt lat="46.4987110" lon="11.8766600">
    <ele>1587.1</ele>
   </trkpt>
   <trkpt lat="46.4987030" lon="11.8765070">
    <ele>1588.8</ele>
   </trkpt>
   <trkpt lat="46.4986940" lon="11.8764350">
    <ele>1589.6</ele>
   </trkpt>
   <trkpt lat="46.4986390" lon="11.8761960">
    <ele>1592.2</ele>
   </trkpt>
   <trkpt lat="46.4986120" lon="11.8761260">
    <ele>1592.8</ele>
   </trkpt>
   <trkpt lat="46.4985850" lon="11.8760680">
    <ele>1593.1</ele>
   </trkpt>
   <trkpt lat="46.4985160" lon="11.8759600">
    <ele>1593.6</ele>
   </trkpt>
   <trkpt lat="46.4984520" lon="11.8758510">
    <ele>1594.2</ele>
   </trkpt>
   <trkpt lat="46.4983650" lon="11.8757520">
    <ele>1594.8</ele>
   </trkpt>
   <trkpt lat="46.4983220" lon="11.8757160">
    <ele>1595.1</ele>
   </trkpt>
   <trkpt lat="46.4982220" lon="11.8756560">
    <ele>1595.7</ele>
   </trkpt>
   <trkpt lat="46.4981230" lon="11.8756090">
    <ele>1596.2</ele>
   </trkpt>
   <trkpt lat="46.4978320" lon="11.8754270">
    <ele>1597.3</ele>
   </trkpt>
   <trkpt lat="46.4977940" lon="11.8753810">
    <ele>1597.6</ele>
   </trkpt>
   <trkpt lat="46.4977620" lon="11.8753240">
    <ele>1597.8</ele>
   </trkpt>
   <trkpt lat="46.4977410" lon="11.8752620">
    <ele>1597.9</ele>
   </trkpt>
   <trkpt lat="46.4977260" lon="11.8751970">
    <ele>1598.1</ele>
   </trkpt>
   <trkpt lat="46.4977190" lon="11.8751320">
    <ele>1598.3</ele>
   </trkpt>
   <trkpt lat="46.4977120" lon="11.8749320">
    <ele>1599.0</ele>
   </trkpt>
   <trkpt lat="46.4977450" lon="11.8747380">
    <ele>1599.7</ele>
   </trkpt>
   <trkpt lat="46.4977570" lon="11.8746780">
    <ele>1600.0</ele>
   </trkpt>
   <trkpt lat="46.4978140" lon="11.8745970">
    <ele>1600.5</ele>
   </trkpt>
   <trkpt lat="46.4978490" lon="11.8745580">
    <ele>1600.8</ele>
   </trkpt>
   <trkpt lat="46.4978950" lon="11.8745360">
    <ele>1601.2</ele>
   </trkpt>
   <trkpt lat="46.4979410" lon="11.8745140">
    <ele>1601.7</ele>
   </trkpt>
   <trkpt lat="46.4979730" lon="11.8744900">
    <ele>1602.1</ele>
   </trkpt>
   <trkpt lat="46.4980210" lon="11.8744940">
    <ele>1602.5</ele>
   </trkpt>
   <trkpt lat="46.4981250" lon="11.8745070">
    <ele>1603.1</ele>
   </trkpt>
   <trkpt lat="46.4982670" lon="11.8745380">
    <ele>1603.1</ele>
   </trkpt>
   <trkpt lat="46.4983150" lon="11.8745500">
    <ele>1603.1</ele>
   </trkpt>
   <trkpt lat="46.4985100" lon="11.8745920">
    <ele>1603.0</ele>
   </trkpt>
   <trkpt lat="46.4985580" lon="11.8746150">
    <ele>1603.1</ele>
   </trkpt>
   <trkpt lat="46.4986050" lon="11.8746470">
    <ele>1603.3</ele>
   </trkpt>
   <trkpt lat="46.4987200" lon="11.8747490">
    <ele>1603.9</ele>
   </trkpt>
   <trkpt lat="46.4987560" lon="11.8747790">
    <ele>1604.1</ele>
   </trkpt>
   <trkpt lat="46.4988770" lon="11.8748480">
    <ele>1604.7</ele>
   </trkpt>
   <trkpt lat="46.4990890" lon="11.8749310">
    <ele>1605.8</ele>
   </trkpt>
   <trkpt lat="46.4992580" lon="11.8750170">
    <ele>1606.7</ele>
   </trkpt>
   <trkpt lat="46.4993090" lon="11.8751250">
    <ele>1607.2</ele>
   </trkpt>
   <trkpt lat="46.4993230" lon="11.8752450">
    <ele>1607.6</ele>
   </trkpt>
   <trkpt lat="46.4993160" lon="11.8753700">
    <ele>1608.0</ele>
   </trkpt>
   <trkpt lat="46.4992960" lon="11.8754840">
    <ele>1608.3</ele>
   </trkpt>
   <trkpt lat="46.4992510" lon="11.8755970">
    <ele>1608.8</ele>
   </trkpt>
   <trkpt lat="46.4992240" lon="11.8757120">
    <ele>1609.2</ele>
   </trkpt>
   <trkpt lat="46.4992320" lon="11.8758380">
    <ele>1609.6</ele>
   </trkpt>
   <trkpt lat="46.4992380" lon="11.8759100">
    <ele>1609.9</ele>
   </trkpt>
   <trkpt lat="46.4992410" lon="11.8759710">
    <ele>1610.1</ele>
   </trkpt>
   <trkpt lat="46.4992540" lon="11.8760780">
    <ele>1610.5</ele>
   </trkpt>
   <trkpt lat="46.4992660" lon="11.8761380">
    <ele>1610.7</ele>
   </trkpt>
   <trkpt lat="46.4992790" lon="11.8762060">
    <ele>1610.9</ele>
   </trkpt>
   <trkpt lat="46.4993020" lon="11.8763770">
    <ele>1611.5</ele>
   </trkpt>
   <trkpt lat="46.4993180" lon="11.8764560">
    <ele>1611.8</ele>
   </trkpt>
   <trkpt lat="46.4993270" lon="11.8765200">
    <ele>1612.1</ele>
   </trkpt>
   <trkpt lat="46.4993260" lon="11.8765780">
    <ele>1612.3</ele>
   </trkpt>
   <trkpt lat="46.4993170" lon="11.8766380">
    <ele>1612.6</ele>
   </trkpt>
   <trkpt lat="46.4992870" lon="11.8768040">
    <ele>1613.3</ele>
   </trkpt>
   <trkpt lat="46.4992650" lon="11.8769090">
    <ele>1613.7</ele>
   </trkpt>
   <trkpt lat="46.4992150" lon="11.8770760">
    <ele>1614.5</ele>
   </trkpt>
   <trkpt lat="46.4991930" lon="11.8772380">
    <ele>1615.3</ele>
   </trkpt>
   <trkpt lat="46.4991950" lon="11.8773090">
    <ele>1615.6</ele>
   </trkpt>
   <trkpt lat="46.4991990" lon="11.8773630">
    <ele>1615.8</ele>
   </trkpt>
   <trkpt lat="46.4992260" lon="11.8775140">
    <ele>1616.5</ele>
   </trkpt>
   <trkpt lat="46.4992660" lon="11.8776730">
    <ele>1617.2</ele>
   </trkpt>
   <trkpt lat="46.4993100" lon="11.8778740">
    <ele>1618.1</ele>
   </trkpt>
   <trkpt lat="46.4993300" lon="11.8779880">
    <ele>1618.6</ele>
   </trkpt>
   <trkpt lat="46.4993670" lon="11.8782680">
    <ele>1619.9</ele>
   </trkpt>
   <trkpt lat="46.4993800" lon="11.8784050">
    <ele>1620.6</ele>
   </trkpt>
   <trkpt lat="46.4993900" lon="11.8785470">
    <ele>1621.3</ele>
   </trkpt>
   <trkpt lat="46.4993970" lon="11.8786230">
    <ele>1621.7</ele>
   </trkpt>
   <trkpt lat="46.4994100" lon="11.8788580">
    <ele>1622.8</ele>
   </trkpt>
   <trkpt lat="46.4994110" lon="11.8789400">
    <ele>1623.2</ele>
   </trkpt>
   <trkpt lat="46.4994190" lon="11.8790770">
    <ele>1623.9</ele>
   </trkpt>
   <trkpt lat="46.4994490" lon="11.8792230">
    <ele>1624.7</ele>
   </trkpt>
   <trkpt lat="46.4994930" lon="11.8793720">
    <ele>1625.4</ele>
   </trkpt>
   <trkpt lat="46.4995910" lon="11.8795770">
    <ele>1626.5</ele>
   </trkpt>
   <trkpt lat="46.4996220" lon="11.8796460">
    <ele>1626.8</ele>
   </trkpt>
   <trkpt lat="46.4996570" lon="11.8797930">
    <ele>1627.3</ele>
   </trkpt>
   <trkpt lat="46.4996690" lon="11.8798720">
    <ele>1627.6</ele>
   </trkpt>
   <trkpt lat="46.4996840" lon="11.8799530">
    <ele>1627.9</ele>
   </trkpt>
   <trkpt lat="46.4997130" lon="11.8801750">
    <ele>1628.8</ele>
   </trkpt>
   <trkpt lat="46.4997270" lon="11.8802430">
    <ele>1629.1</ele>
   </trkpt>
   <trkpt lat="46.4997560" lon="11.8803820">
    <ele>1629.7</ele>
   </trkpt>
   <trkpt lat="46.4997730" lon="11.8805250">
    <ele>1630.3</ele>
   </trkpt>
   <trkpt lat="46.4997910" lon="11.8806690">
    <ele>1631.0</ele>
   </trkpt>
   <trkpt lat="46.4998100" lon="11.8807540">
    <ele>1631.4</ele>
   </trkpt>
   <trkpt lat="46.4998240" lon="11.8808360">
    <ele>1631.8</ele>
   </trkpt>
   <trkpt lat="46.4998320" lon="11.8809080">
    <ele>1632.1</ele>
   </trkpt>
   <trkpt lat="46.4998380" lon="11.8809820">
    <ele>1632.5</ele>
   </trkpt>
   <trkpt lat="46.4998800" lon="11.8812940">
    <ele>1634.0</ele>
   </trkpt>
   <trkpt lat="46.4998860" lon="11.8813700">
    <ele>1634.4</ele>
   </trkpt>
   <trkpt lat="46.4999060" lon="11.8815230">
    <ele>1635.2</ele>
   </trkpt>
   <trkpt lat="46.4999500" lon="11.8818160">
    <ele>1636.7</ele>
   </trkpt>
   <trkpt lat="46.5000050" lon="11.8820940">
    <ele>1638.3</ele>
   </trkpt>
   <trkpt lat="46.5000310" lon="11.8823160">
    <ele>1639.5</ele>
   </trkpt>
   <trkpt lat="46.5000410" lon="11.8823690">
    <ele>1639.8</ele>
   </trkpt>
   <trkpt lat="46.5000990" lon="11.8826440">
    <ele>1641.6</ele>
   </trkpt>
   <trkpt lat="46.5001840" lon="11.8828530">
    <ele>1643.1</ele>
   </trkpt>
   <trkpt lat="46.5002290" lon="11.8829990">
    <ele>1644.2</ele>
   </trkpt>
   <trkpt lat="46.5002450" lon="11.8830550">
    <ele>1644.6</ele>
   </trkpt>
   <trkpt lat="46.5003140" lon="11.8832460">
    <ele>1646.1</ele>
   </trkpt>
   <trkpt lat="46.5003730" lon="11.8833650">
    <ele>1647.0</ele>
   </trkpt>
   <trkpt lat="46.5004070" lon="11.8834360">
    <ele>1647.6</ele>
   </trkpt>
   <trkpt lat="46.5004790" lon="11.8836080">
    <ele>1648.8</ele>
   </trkpt>
   <trkpt lat="46.5005460" lon="11.8838130">
    <ele>1650.2</ele>
   </trkpt>
   <trkpt lat="46.5005660" lon="11.8838870">
    <ele>1650.8</ele>
   </trkpt>
   <trkpt lat="46.5006010" lon="11.8840320">
    <ele>1651.8</ele>
   </trkpt>
   <trkpt lat="46.5006140" lon="11.8841030">
    <ele>1652.3</ele>
   </trkpt>
   <trkpt lat="46.5006240" lon="11.8841750">
    <ele>1652.8</ele>
   </trkpt>
   <trkpt lat="46.5006430" lon="11.8843090">
    <ele>1653.8</ele>
   </trkpt>
   <trkpt lat="46.5006640" lon="11.8845110">
    <ele>1655.3</ele>
   </trkpt>
   <trkpt lat="46.5006720" lon="11.8846520">
    <ele>1656.4</ele>
   </trkpt>
   <trkpt lat="46.5006750" lon="11.8847230">
    <ele>1656.9</ele>
   </trkpt>
   <trkpt lat="46.5006780" lon="11.8847940">
    <ele>1657.5</ele>
   </trkpt>
   <trkpt lat="46.5006810" lon="11.8849360">
    <ele>1658.6</ele>
   </trkpt>
   <trkpt lat="46.5006570" lon="11.8850670">
    <ele>1659.7</ele>
   </trkpt>
   <trkpt lat="46.5006280" lon="11.8852010">
    <ele>1660.8</ele>
   </trkpt>
   <trkpt lat="46.5006000" lon="11.8853380">
    <ele>1662.0</ele>
   </trkpt>
   <trkpt lat="46.5005970" lon="11.8853960">
    <ele>1662.5</ele>
   </trkpt>
   <trkpt lat="46.5006090" lon="11.8854630">
    <ele>1663.1</ele>
   </trkpt>
   <trkpt lat="46.5006870" lon="11.8855310">
    <ele>1664.3</ele>
   </trkpt>
   <trkpt lat="46.5007290" lon="11.8855030">
    <ele>1664.6</ele>
   </trkpt>
   <trkpt lat="46.5007950" lon="11.8853830">
    <ele>1665.2</ele>
   </trkpt>
   <trkpt lat="46.5008170" lon="11.8853110">
    <ele>1665.4</ele>
   </trkpt>
   <trkpt lat="46.5008770" lon="11.8850980">
    <ele>1666.3</ele>
   </trkpt>
   <trkpt lat="46.5009050" lon="11.8849420">
    <ele>1667.1</ele>
   </trkpt>
   <trkpt lat="46.5009210" lon="11.8848710">
    <ele>1667.5</ele>
   </trkpt>
   <trkpt lat="46.5009360" lon="11.8847800">
    <ele>1668.0</ele>
   </trkpt>
   <trkpt lat="46.5009450" lon="11.8846490">
    <ele>1668.8</ele>
   </trkpt>
   <trkpt lat="46.5009510" lon="11.8845800">
    <ele>1669.2</ele>
   </trkpt>
   <trkpt lat="46.5009620" lon="11.8844370">
    <ele>1670.1</ele>
   </trkpt>
   <trkpt lat="46.5009770" lon="11.8843860">
    <ele>1670.4</ele>
   </trkpt>
   <trkpt lat="46.5009960" lon="11.8843570">
    <ele>1670.7</ele>
   </trkpt>
   <trkpt lat="46.5010330" lon="11.8843350">
    <ele>1671.0</ele>
   </trkpt>
   <trkpt lat="46.5010670" lon="11.8843360">
    <ele>1671.3</ele>
   </trkpt>
   <trkpt lat="46.5010980" lon="11.8843630">
    <ele>1671.6</ele>
   </trkpt>
   <trkpt lat="46.5011470" lon="11.8844750">
    <ele>1672.3</ele>
   </trkpt>
   <trkpt lat="46.5011590" lon="11.8846130">
    <ele>1673.0</ele>
   </trkpt>
   <trkpt lat="46.5011610" lon="11.8847560">
    <ele>1673.6</ele>
   </trkpt>
   <trkpt lat="46.5011590" lon="11.8849760">
    <ele>1674.6</ele>
   </trkpt>
   <trkpt lat="46.5011610" lon="11.8851260">
    <ele>1675.4</ele>
   </trkpt>
   <trkpt lat="46.5011730" lon="11.8852810">
    <ele>1676.2</ele>
   </trkpt>
   <trkpt lat="46.5011780" lon="11.8853560">
    <ele>1676.6</ele>
   </trkpt>
   <trkpt lat="46.5011780" lon="11.8854340">
    <ele>1677.0</ele>
   </trkpt>
   <trkpt lat="46.5011800" lon="11.8855130">
    <ele>1677.4</ele>
   </trkpt>
   <trkpt lat="46.5011870" lon="11.8856670">
    <ele>1678.3</ele>
   </trkpt>
   <trkpt lat="46.5011970" lon="11.8858150">
    <ele>1679.1</ele>
   </trkpt>
   <trkpt lat="46.5012040" lon="11.8859010">
    <ele>1679.7</ele>
   </trkpt>
   <trkpt lat="46.5012160" lon="11.8859570">
    <ele>1680.1</ele>
   </trkpt>
   <trkpt lat="46.5012260" lon="11.8860260">
    <ele>1680.6</ele>
   </trkpt>
   <trkpt lat="46.5012510" lon="11.8862430">
    <ele>1682.0</ele>
   </trkpt>
   <trkpt lat="46.5012540" lon="11.8864600">
    <ele>1683.5</ele>
   </trkpt>
   <trkpt lat="46.5012540" lon="11.8865340">
    <ele>1684.0</ele>
   </trkpt>
   <trkpt lat="46.5012650" lon="11.8867490">
    <ele>1685.5</ele>
   </trkpt>
   <trkpt lat="46.5012730" lon="11.8868990">
    <ele>1686.5</ele>
   </trkpt>
   <trkpt lat="46.5012770" lon="11.8869750">
    <ele>1687.0</ele>
   </trkpt>
   <trkpt lat="46.5012760" lon="11.8870610">
    <ele>1687.5</ele>
   </trkpt>
   <trkpt lat="46.5012730" lon="11.8871950">
    <ele>1688.4</ele>
   </trkpt>
   <trkpt lat="46.5012720" lon="11.8873700">
    <ele>1689.5</ele>
   </trkpt>
   <trkpt lat="46.5012770" lon="11.8874280">
    <ele>1689.9</ele>
   </trkpt>
   <trkpt lat="46.5012960" lon="11.8875000">
    <ele>1690.4</ele>
   </trkpt>
   <trkpt lat="46.5013710" lon="11.8875750">
    <ele>1691.2</ele>
   </trkpt>
   <trkpt lat="46.5014600" lon="11.8875190">
    <ele>1692.0</ele>
   </trkpt>
   <trkpt lat="46.5014810" lon="11.8874480">
    <ele>1692.4</ele>
   </trkpt>
   <trkpt lat="46.5014950" lon="11.8873450">
    <ele>1692.8</ele>
   </trkpt>
   <trkpt lat="46.5014960" lon="11.8871930">
    <ele>1693.3</ele>
   </trkpt>
   <trkpt lat="46.5014870" lon="11.8870330">
    <ele>1693.9</ele>
   </trkpt>
   <trkpt lat="46.5015000" lon="11.8868700">
    <ele>1694.7</ele>
   </trkpt>
   <trkpt lat="46.5015490" lon="11.8865520">
    <ele>1696.6</ele>
   </trkpt>
   <trkpt lat="46.5015960" lon="11.8863410">
    <ele>1698.0</ele>
   </trkpt>
   <trkpt lat="46.5016530" lon="11.8861250">
    <ele>1699.4</ele>
   </trkpt>
   <trkpt lat="46.5016960" lon="11.8859860">
    <ele>1700.3</ele>
   </trkpt>
   <trkpt lat="46.5017200" lon="11.8859130">
    <ele>1700.8</ele>
   </trkpt>
   <trkpt lat="46.5017460" lon="11.8858440">
    <ele>1701.3</ele>
   </trkpt>
   <trkpt lat="46.5017960" lon="11.8857130">
    <ele>1702.4</ele>
   </trkpt>
   <trkpt lat="46.5018420" lon="11.8855830">
    <ele>1703.5</ele>
   </trkpt>
   <trkpt lat="46.5018870" lon="11.8854470">
    <ele>1704.6</ele>
   </trkpt>
   <trkpt lat="46.5019130" lon="11.8853610">
    <ele>1705.3</ele>
   </trkpt>
   <trkpt lat="46.5019780" lon="11.8851440">
    <ele>1707.1</ele>
   </trkpt>
   <trkpt lat="46.5020310" lon="11.8849480">
    <ele>1708.6</ele>
   </trkpt>
   <trkpt lat="46.5020300" lon="11.8847830">
    <ele>1709.7</ele>
   </trkpt>
   <trkpt lat="46.5020070" lon="11.8846310">
    <ele>1710.7</ele>
   </trkpt>
   <trkpt lat="46.5019860" lon="11.8845010">
    <ele>1711.5</ele>
   </trkpt>
   <trkpt lat="46.5019670" lon="11.8843480">
    <ele>1712.6</ele>
   </trkpt>
   <trkpt lat="46.5019290" lon="11.8841540">
    <ele>1713.9</ele>
   </trkpt>
   <trkpt lat="46.5019300" lon="11.8839050">
    <ele>1715.4</ele>
   </trkpt>
   <trkpt lat="46.5019040" lon="11.8836700">
    <ele>1716.8</ele>
   </trkpt>
   <trkpt lat="46.5018830" lon="11.8835060">
    <ele>1717.9</ele>
   </trkpt>
   <trkpt lat="46.5018760" lon="11.8834240">
    <ele>1718.4</ele>
   </trkpt>
   <trkpt lat="46.5018630" lon="11.8833410">
    <ele>1719.0</ele>
   </trkpt>
   <trkpt lat="46.5018240" lon="11.8831830">
    <ele>1720.2</ele>
   </trkpt>
   <trkpt lat="46.5017840" lon="11.8829830">
    <ele>1721.7</ele>
   </trkpt>
   <trkpt lat="46.5017520" lon="11.8828590">
    <ele>1722.6</ele>
   </trkpt>
   <trkpt lat="46.5017370" lon="11.8827880">
    <ele>1723.1</ele>
   </trkpt>
   <trkpt lat="46.5017120" lon="11.8826440">
    <ele>1724.1</ele>
   </trkpt>
   <trkpt lat="46.5017030" lon="11.8825710">
    <ele>1724.6</ele>
   </trkpt>
   <trkpt lat="46.5016960" lon="11.8824260">
    <ele>1725.7</ele>
   </trkpt>
   <trkpt lat="46.5016870" lon="11.8822660">
    <ele>1726.8</ele>
   </trkpt>
   <trkpt lat="46.5016850" lon="11.8821250">
    <ele>1727.7</ele>
   </trkpt>
   <trkpt lat="46.5016900" lon="11.8820130">
    <ele>1728.4</ele>
   </trkpt>
   <trkpt lat="46.5017090" lon="11.8819490">
    <ele>1728.8</ele>
   </trkpt>
   <trkpt lat="46.5017010" lon="11.8817660">
    <ele>1729.9</ele>
   </trkpt>
   <trkpt lat="46.5017060" lon="11.8815230">
    <ele>1731.3</ele>
   </trkpt>
   <trkpt lat="46.5017140" lon="11.8814700">
    <ele>1731.7</ele>
   </trkpt>
   <trkpt lat="46.5017190" lon="11.8813610">
    <ele>1732.4</ele>
   </trkpt>
   <trkpt lat="46.5017210" lon="11.8812290">
    <ele>1733.3</ele>
   </trkpt>
   <trkpt lat="46.5017220" lon="11.8811580">
    <ele>1733.8</ele>
   </trkpt>
   <trkpt lat="46.5017330" lon="11.8809630">
    <ele>1735.1</ele>
   </trkpt>
   <trkpt lat="46.5017430" lon="11.8807410">
    <ele>1736.6</ele>
   </trkpt>
   <trkpt lat="46.5017470" lon="11.8806670">
    <ele>1737.1</ele>
   </trkpt>
   <trkpt lat="46.5017610" lon="11.8805270">
    <ele>1738.0</ele>
   </trkpt>
   <trkpt lat="46.5017910" lon="11.8803170">
    <ele>1739.4</ele>
   </trkpt>
   <trkpt lat="46.5018110" lon="11.8802510">
    <ele>1739.8</ele>
   </trkpt>
   <trkpt lat="46.5018320" lon="11.8801100">
    <ele>1740.7</ele>
   </trkpt>
   <trkpt lat="46.5018410" lon="11.8800380">
    <ele>1741.1</ele>
   </trkpt>
   <trkpt lat="46.5018740" lon="11.8798220">
    <ele>1742.5</ele>
   </trkpt>
   <trkpt lat="46.5018990" lon="11.8796780">
    <ele>1743.3</ele>
   </trkpt>
   <trkpt lat="46.5019230" lon="11.8795330">
    <ele>1744.2</ele>
   </trkpt>
   <trkpt lat="46.5019520" lon="11.8793110">
    <ele>1745.6</ele>
   </trkpt>
   <trkpt lat="46.5019780" lon="11.8791060">
    <ele>1746.9</ele>
   </trkpt>
   <trkpt lat="46.5019990" lon="11.8789480">
    <ele>1747.9</ele>
   </trkpt>
   <trkpt lat="46.5020140" lon="11.8788770">
    <ele>1748.4</ele>
   </trkpt>
   <trkpt lat="46.5020590" lon="11.8787610">
    <ele>1749.2</ele>
   </trkpt>
   <trkpt lat="46.5021310" lon="11.8786420">
    <ele>1750.1</ele>
   </trkpt>
   <trkpt lat="46.5021710" lon="11.8785940">
    <ele>1750.6</ele>
   </trkpt>
   <trkpt lat="46.5022900" lon="11.8784590">
    <ele>1751.9</ele>
   </trkpt>
   <trkpt lat="46.5023340" lon="11.8784210">
    <ele>1752.3</ele>
   </trkpt>
   <trkpt lat="46.5023790" lon="11.8783790">
    <ele>1752.8</ele>
   </trkpt>
   <trkpt lat="46.5024510" lon="11.8782810">
    <ele>1753.7</ele>
   </trkpt>
   <trkpt lat="46.5025020" lon="11.8781540">
    <ele>1754.6</ele>
   </trkpt>
   <trkpt lat="46.5025240" lon="11.8780880">
    <ele>1755.0</ele>
   </trkpt>
   <trkpt lat="46.5025820" lon="11.8778830">
    <ele>1756.4</ele>
   </trkpt>
   <trkpt lat="46.5026230" lon="11.8777570">
    <ele>1757.2</ele>
   </trkpt>
   <trkpt lat="46.5026350" lon="11.8776980">
    <ele>1757.6</ele>
   </trkpt>
   <trkpt lat="46.5026650" lon="11.8775800">
    <ele>1758.4</ele>
   </trkpt>
   <trkpt lat="46.5027070" lon="11.8774580">
    <ele>1759.2</ele>
   </trkpt>
   <trkpt lat="46.5027290" lon="11.8773940">
    <ele>1759.7</ele>
   </trkpt>
   <trkpt lat="46.5027540" lon="11.8773360">
    <ele>1760.1</ele>
   </trkpt>
   <trkpt lat="46.5028440" lon="11.8771850">
    <ele>1761.5</ele>
   </trkpt>
   <trkpt lat="46.5028810" lon="11.8771440">
    <ele>1761.9</ele>
   </trkpt>
   <trkpt lat="46.5029270" lon="11.8771120">
    <ele>1762.5</ele>
   </trkpt>
   <trkpt lat="46.5029690" lon="11.8770840">
    <ele>1762.9</ele>
   </trkpt>
   <trkpt lat="46.5030540" lon="11.8770310">
    <ele>1763.9</ele>
   </trkpt>
   <trkpt lat="46.5030930" lon="11.8769940">
    <ele>1764.4</ele>
   </trkpt>
   <trkpt lat="46.5031330" lon="11.8769590">
    <ele>1764.9</ele>
   </trkpt>
   <trkpt lat="46.5032690" lon="11.8768700">
    <ele>1766.5</ele>
   </trkpt>
   <trkpt lat="46.5033520" lon="11.8768860">
    <ele>1767.3</ele>
   </trkpt>
   <trkpt lat="46.5033900" lon="11.8769330">
    <ele>1767.8</ele>
   </trkpt>
   <trkpt lat="46.5034190" lon="11.8769930">
    <ele>1768.3</ele>
   </trkpt>
   <trkpt lat="46.5034440" lon="11.8770590">
    <ele>1768.8</ele>
   </trkpt>
   <trkpt lat="46.5034570" lon="11.8771260">
    <ele>1769.2</ele>
   </trkpt>
   <trkpt lat="46.5035290" lon="11.8773320">
    <ele>1770.5</ele>
   </trkpt>
   <trkpt lat="46.5035970" lon="11.8774590">
    <ele>1771.5</ele>
   </trkpt>
   <trkpt lat="46.5036300" lon="11.8775150">
    <ele>1771.9</ele>
   </trkpt>
   <trkpt lat="46.5036660" lon="11.8775670">
    <ele>1772.4</ele>
   </trkpt>
   <trkpt lat="46.5037040" lon="11.8776120">
    <ele>1772.8</ele>
   </trkpt>
   <trkpt lat="46.5037450" lon="11.8776510">
    <ele>1773.3</ele>
   </trkpt>
   <trkpt lat="46.5037930" lon="11.8776860">
    <ele>1773.7</ele>
   </trkpt>
   <trkpt lat="46.5039280" lon="11.8777500">
    <ele>1775.1</ele>
   </trkpt>
   <trkpt lat="46.5040080" lon="11.8777800">
    <ele>1775.8</ele>
   </trkpt>
   <trkpt lat="46.5040460" lon="11.8777850">
    <ele>1776.2</ele>
   </trkpt>
   <trkpt lat="46.5040870" lon="11.8777770">
    <ele>1776.6</ele>
   </trkpt>
   <trkpt lat="46.5042130" lon="11.8777540">
    <ele>1777.7</ele>
   </trkpt>
   <trkpt lat="46.5042970" lon="11.8777420">
    <ele>1778.4</ele>
   </trkpt>
   <trkpt lat="46.5043400" lon="11.8777270">
    <ele>1778.7</ele>
   </trkpt>
   <trkpt lat="46.5044380" lon="11.8777180">
    <ele>1779.6</ele>
   </trkpt>
   <trkpt lat="46.5044780" lon="11.8777100">
    <ele>1779.9</ele>
   </trkpt>
   <trkpt lat="46.5045800" lon="11.8776970">
    <ele>1780.8</ele>
   </trkpt>
   <trkpt lat="46.5046200" lon="11.8776920">
    <ele>1781.2</ele>
   </trkpt>
   <trkpt lat="46.5046640" lon="11.8776780">
    <ele>1781.6</ele>
   </trkpt>
   <trkpt lat="46.5047150" lon="11.8776720">
    <ele>1782.1</ele>
   </trkpt>
   <trkpt lat="46.5047540" lon="11.8776730">
    <ele>1782.5</ele>
   </trkpt>
   <trkpt lat="46.5048150" lon="11.8776750">
    <ele>1783.0</ele>
   </trkpt>
   <trkpt lat="46.5048660" lon="11.8776680">
    <ele>1783.5</ele>
   </trkpt>
   <trkpt lat="46.5049870" lon="11.8776250">
    <ele>1784.7</ele>
   </trkpt>
   <trkpt lat="46.5050440" lon="11.8776350">
    <ele>1785.2</ele>
   </trkpt>
   <trkpt lat="46.5051080" lon="11.8776540">
    <ele>1785.9</ele>
   </trkpt>
   <trkpt lat="46.5052300" lon="11.8776770">
    <ele>1787.1</ele>
   </trkpt>
   <trkpt lat="46.5054070" lon="11.8777260">
    <ele>1788.8</ele>
   </trkpt>
   <trkpt lat="46.5055260" lon="11.8776630">
    <ele>1790.1</ele>
   </trkpt>
   <trkpt lat="46.5055640" lon="11.8776400">
    <ele>1790.5</ele>
   </trkpt>
   <trkpt lat="46.5056540" lon="11.8776090">
    <ele>1791.4</ele>
   </trkpt>
   <trkpt lat="46.5057730" lon="11.8775710">
    <ele>1792.7</ele>
   </trkpt>
   <trkpt lat="46.5059060" lon="11.8775640">
    <ele>1794.1</ele>
   </trkpt>
   <trkpt lat="46.5060030" lon="11.8775740">
    <ele>1795.1</ele>
   </trkpt>
   <trkpt lat="46.5060520" lon="11.8775720">
    <ele>1795.6</ele>
   </trkpt>
   <trkpt lat="46.5061400" lon="11.8775580">
    <ele>1796.5</ele>
   </trkpt>
   <trkpt lat="46.5061830" lon="11.8775420">
    <ele>1797.0</ele>
   </trkpt>
   <trkpt lat="46.5062990" lon="11.8775530">
    <ele>1798.1</ele>
   </trkpt>
   <trkpt lat="46.5064000" lon="11.8775220">
    <ele>1799.1</ele>
   </trkpt>
   <trkpt lat="46.5065100" lon="11.8775110">
    <ele>1800.2</ele>
   </trkpt>
   <trkpt lat="46.5065520" lon="11.8774950">
    <ele>1800.6</ele>
   </trkpt>
   <trkpt lat="46.5065880" lon="11.8774680">
    <ele>1801.0</ele>
   </trkpt>
   <trkpt lat="46.5066310" lon="11.8774450">
    <ele>1801.5</ele>
   </trkpt>
   <trkpt lat="46.5066860" lon="11.8774180">
    <ele>1802.1</ele>
   </trkpt>
   <trkpt lat="46.5069230" lon="11.8773050">
    <ele>1804.8</ele>
   </trkpt>
   <trkpt lat="46.5069710" lon="11.8772770">
    <ele>1805.4</ele>
   </trkpt>
   <trkpt lat="46.5070200" lon="11.8772570">
    <ele>1806.0</ele>
   </trkpt>
   <trkpt lat="46.5071030" lon="11.8772230">
    <ele>1806.9</ele>
   </trkpt>
   <trkpt lat="46.5072770" lon="11.8771820">
    <ele>1808.9</ele>
   </trkpt>
   <trkpt lat="46.5074270" lon="11.8771400">
    <ele>1810.7</ele>
   </trkpt>
   <trkpt lat="46.5076030" lon="11.8770730">
    <ele>1812.8</ele>
   </trkpt>
   <trkpt lat="46.5076850" lon="11.8770300">
    <ele>1813.6</ele>
   </trkpt>
   <trkpt lat="46.5077130" lon="11.8770500">
    <ele>1813.8</ele>
   </trkpt>
   <trkpt lat="46.5077230" lon="11.8771680">
    <ele>1814.4</ele>
   </trkpt>
   <trkpt lat="46.5076910" lon="11.8772140">
    <ele>1814.7</ele>
   </trkpt>
   <trkpt lat="46.5075930" lon="11.8772760">
    <ele>1814.9</ele>
   </trkpt>
   <trkpt lat="46.5074940" lon="11.8773260">
    <ele>1815.1</ele>
   </trkpt>
   <trkpt lat="46.5074470" lon="11.8773570">
    <ele>1815.2</ele>
   </trkpt>
   <trkpt lat="46.5073010" lon="11.8774490">
    <ele>1815.7</ele>
   </trkpt>
   <trkpt lat="46.5071660" lon="11.8775420">
    <ele>1816.3</ele>
   </trkpt>
   <trkpt lat="46.5070960" lon="11.8776170">
    <ele>1817.2</ele>
   </trkpt>
   <trkpt lat="46.5070720" lon="11.8776800">
    <ele>1817.6</ele>
   </trkpt>
   <trkpt lat="46.5070720" lon="11.8777480">
    <ele>1818.1</ele>
   </trkpt>
   <trkpt lat="46.5070980" lon="11.8778020">
    <ele>1818.4</ele>
   </trkpt>
   <trkpt lat="46.5071320" lon="11.8778350">
    <ele>1818.7</ele>
   </trkpt>
   <trkpt lat="46.5072460" lon="11.8778900">
    <ele>1819.6</ele>
   </trkpt>
   <trkpt lat="46.5073070" lon="11.8779010">
    <ele>1820.0</ele>
   </trkpt>
   <trkpt lat="46.5074360" lon="11.8779220">
    <ele>1820.9</ele>
   </trkpt>
   <trkpt lat="46.5074990" lon="11.8779200">
    <ele>1821.4</ele>
   </trkpt>
   <trkpt lat="46.5075570" lon="11.8779030">
    <ele>1821.8</ele>
   </trkpt>
   <trkpt lat="46.5076600" lon="11.8778390">
    <ele>1822.7</ele>
   </trkpt>
   <trkpt lat="46.5077410" lon="11.8777440">
    <ele>1823.6</ele>
   </trkpt>
   <trkpt lat="46.5077750" lon="11.8776890">
    <ele>1824.1</ele>
   </trkpt>
   <trkpt lat="46.5078060" lon="11.8776320">
    <ele>1824.5</ele>
   </trkpt>
   <trkpt lat="46.5078620" lon="11.8775160">
    <ele>1825.3</ele>
   </trkpt>
   <trkpt lat="46.5079250" lon="11.8774040">
    <ele>1826.2</ele>
   </trkpt>
   <trkpt lat="46.5079930" lon="11.8772990">
    <ele>1827.1</ele>
   </trkpt>
   <trkpt lat="46.5080700" lon="11.8772040">
    <ele>1828.0</ele>
   </trkpt>
   <trkpt lat="46.5081100" lon="11.8771630">
    <ele>1828.6</ele>
   </trkpt>
   <trkpt lat="46.5081510" lon="11.8771310">
    <ele>1829.0</ele>
   </trkpt>
   <trkpt lat="46.5082340" lon="11.8770700">
    <ele>1830.0</ele>
   </trkpt>
   <trkpt lat="46.5083140" lon="11.8770000">
    <ele>1831.0</ele>
   </trkpt>
   <trkpt lat="46.5084020" lon="11.8769050">
    <ele>1832.1</ele>
   </trkpt>
   <trkpt lat="46.5084360" lon="11.8768520">
    <ele>1832.7</ele>
   </trkpt>
   <trkpt lat="46.5084930" lon="11.8767430">
    <ele>1833.8</ele>
   </trkpt>
   <trkpt lat="46.5085130" lon="11.8766800">
    <ele>1834.4</ele>
   </trkpt>
   <trkpt lat="46.5085510" lon="11.8765440">
    <ele>1835.6</ele>
   </trkpt>
   <trkpt lat="46.5085630" lon="11.8764780">
    <ele>1836.2</ele>
   </trkpt>
   <trkpt lat="46.5085870" lon="11.8764220">
    <ele>1836.8</ele>
   </trkpt>
   <trkpt lat="46.5086740" lon="11.8763600">
    <ele>1837.9</ele>
   </trkpt>
   <trkpt lat="46.5087660" lon="11.8763570">
    <ele>1838.8</ele>
   </trkpt>
   <trkpt lat="46.5088100" lon="11.8763760">
    <ele>1839.2</ele>
   </trkpt>
   <trkpt lat="46.5088580" lon="11.8764100">
    <ele>1839.7</ele>
   </trkpt>
   <trkpt lat="46.5089840" lon="11.8765420">
    <ele>1841.2</ele>
   </trkpt>
   <trkpt lat="46.5090300" lon="11.8765780">
    <ele>1841.8</ele>
   </trkpt>
   <trkpt lat="46.5090750" lon="11.8766100">
    <ele>1842.2</ele>
   </trkpt>
   <trkpt lat="46.5091630" lon="11.8766560">
    <ele>1843.0</ele>
   </trkpt>
   <trkpt lat="46.5092540" lon="11.8766670">
    <ele>1843.8</ele>
   </trkpt>
   <trkpt lat="46.5093050" lon="11.8766610">
    <ele>1844.2</ele>
   </trkpt>
   <trkpt lat="46.5093550" lon="11.8766470">
    <ele>1844.7</ele>
   </trkpt>
   <trkpt lat="46.5094020" lon="11.8766230">
    <ele>1845.1</ele>
   </trkpt>
   <trkpt lat="46.5094440" lon="11.8765880">
    <ele>1845.4</ele>
   </trkpt>
   <trkpt lat="46.5094820" lon="11.8765470">
    <ele>1845.8</ele>
   </trkpt>
   <trkpt lat="46.5095670" lon="11.8764640">
    <ele>1846.5</ele>
   </trkpt>
   <trkpt lat="46.5096490" lon="11.8763800">
    <ele>1847.2</ele>
   </trkpt>
   <trkpt lat="46.5097180" lon="11.8762810">
    <ele>1848.0</ele>
   </trkpt>
   <trkpt lat="46.5097500" lon="11.8762300">
    <ele>1848.3</ele>
   </trkpt>
   <trkpt lat="46.5097840" lon="11.8761770">
    <ele>1848.8</ele>
   </trkpt>
   <trkpt lat="46.5098740" lon="11.8760270">
    <ele>1850.0</ele>
   </trkpt>
   <trkpt lat="46.5099830" lon="11.8758720">
    <ele>1851.5</ele>
   </trkpt>
   <trkpt lat="46.5100220" lon="11.8758300">
    <ele>1852.0</ele>
   </trkpt>
   <trkpt lat="46.5100940" lon="11.8757470">
    <ele>1852.9</ele>
   </trkpt>
   <trkpt lat="46.5102090" lon="11.8756190">
    <ele>1854.4</ele>
   </trkpt>
   <trkpt lat="46.5103350" lon="11.8755080">
    <ele>1855.9</ele>
   </trkpt>
   <trkpt lat="46.5104140" lon="11.8754500">
    <ele>1856.7</ele>
   </trkpt>
   <trkpt lat="46.5104540" lon="11.8754180">
    <ele>1857.1</ele>
   </trkpt>
   <trkpt lat="46.5105920" lon="11.8753250">
    <ele>1858.3</ele>
   </trkpt>
   <trkpt lat="46.5107340" lon="11.8752280">
    <ele>1859.5</ele>
   </trkpt>
   <trkpt lat="46.5108740" lon="11.8751290">
    <ele>1860.6</ele>
   </trkpt>
   <trkpt lat="46.5109310" lon="11.8750870">
    <ele>1861.1</ele>
   </trkpt>
   <trkpt lat="46.5110170" lon="11.8750270">
    <ele>1861.7</ele>
   </trkpt>
   <trkpt lat="46.5112170" lon="11.8748850">
    <ele>1863.0</ele>
   </trkpt>
   <trkpt lat="46.5113800" lon="11.8747930">
    <ele>1863.9</ele>
   </trkpt>
   <trkpt lat="46.5114330" lon="11.8747640">
    <ele>1864.2</ele>
   </trkpt>
   <trkpt lat="46.5116340" lon="11.8746510">
    <ele>1865.0</ele>
   </trkpt>
   <trkpt lat="46.5118060" lon="11.8745550">
    <ele>1865.5</ele>
   </trkpt>
   <trkpt lat="46.5118610" lon="11.8745200">
    <ele>1865.6</ele>
   </trkpt>
   <trkpt lat="46.5121450" lon="11.8743260">
    <ele>1866.1</ele>
   </trkpt>
   <trkpt lat="46.5122570" lon="11.8742190">
    <ele>1866.3</ele>
   </trkpt>
   <trkpt lat="46.5126450" lon="11.8737880">
    <ele>1867.5</ele>
   </trkpt>
   <trkpt lat="46.5126920" lon="11.8737280">
    <ele>1867.8</ele>
   </trkpt>
   <trkpt lat="46.5128250" lon="11.8735520">
    <ele>1869.0</ele>
   </trkpt>
   <trkpt lat="46.5129690" lon="11.8733880">
    <ele>1870.3</ele>
   </trkpt>
   <trkpt lat="46.5131600" lon="11.8731740">
    <ele>1872.0</ele>
   </trkpt>
   <trkpt lat="46.5133510" lon="11.8729610">
    <ele>1873.4</ele>
   </trkpt>
   <trkpt lat="46.5135020" lon="11.8727700">
    <ele>1874.4</ele>
   </trkpt>
   <trkpt lat="46.5135420" lon="11.8727220">
    <ele>1874.6</ele>
   </trkpt>
   <trkpt lat="46.5137440" lon="11.8724820">
    <ele>1875.2</ele>
   </trkpt>
   <trkpt lat="46.5137860" lon="11.8724450">
    <ele>1875.2</ele>
   </trkpt>
   <trkpt lat="46.5138430" lon="11.8724020">
    <ele>1875.1</ele>
   </trkpt>
   <trkpt lat="46.5139150" lon="11.8723590">
    <ele>1874.8</ele>
   </trkpt>
   <trkpt lat="46.5140470" lon="11.8723200">
    <ele>1874.3</ele>
   </trkpt>
   <trkpt lat="46.5141030" lon="11.8723170">
    <ele>1874.0</ele>
   </trkpt>
   <trkpt lat="46.5141740" lon="11.8723190">
    <ele>1873.7</ele>
   </trkpt>
   <trkpt lat="46.5144040" lon="11.8723810">
    <ele>1872.3</ele>
   </trkpt>
   <trkpt lat="46.5149170" lon="11.8725190">
    <ele>1869.3</ele>
   </trkpt>
   <trkpt lat="46.5152100" lon="11.8726030">
    <ele>1867.4</ele>
   </trkpt>
   <trkpt lat="46.5154140" lon="11.8726680">
    <ele>1866.1</ele>
   </trkpt>
   <trkpt lat="46.5156260" lon="11.8727340">
    <ele>1864.8</ele>
   </trkpt>
   <trkpt lat="46.5160940" lon="11.8728820">
    <ele>1862.2</ele>
   </trkpt>
   <trkpt lat="46.5165700" lon="11.8729120">
    <ele>1860.9</ele>
   </trkpt>
   <trkpt lat="46.5167880" lon="11.8728950">
    <ele>1860.5</ele>
   </trkpt>
   <trkpt lat="46.5168940" lon="11.8728860">
    <ele>1860.4</ele>
   </trkpt>
   <trkpt lat="46.5171100" lon="11.8728810">
    <ele>1860.0</ele>
   </trkpt>
   <trkpt lat="46.5172360" lon="11.8728820">
    <ele>1859.8</ele>
   </trkpt>
   <trkpt lat="46.5175510" lon="11.8728700">
    <ele>1859.2</ele>
   </trkpt>
   <trkpt lat="46.5176320" lon="11.8728840">
    <ele>1859.0</ele>
   </trkpt>
   <trkpt lat="46.5177300" lon="11.8729120">
    <ele>1858.5</ele>
   </trkpt>
   <trkpt lat="46.5180200" lon="11.8730460">
    <ele>1856.7</ele>
   </trkpt>
   <trkpt lat="46.5184290" lon="11.8732870">
    <ele>1853.3</ele>
   </trkpt>
   <trkpt lat="46.5185130" lon="11.8733360">
    <ele>1852.6</ele>
   </trkpt>
   <trkpt lat="46.5186190" lon="11.8733990">
    <ele>1851.7</ele>
   </trkpt>
   <trkpt lat="46.5189480" lon="11.8736020">
    <ele>1848.9</ele>
   </trkpt>
   <trkpt lat="46.5191710" lon="11.8737270">
    <ele>1847.0</ele>
   </trkpt>
   <trkpt lat="46.5192860" lon="11.8737710">
    <ele>1845.9</ele>
   </trkpt>
   <trkpt lat="46.5194010" lon="11.8738010">
    <ele>1845.2</ele>
   </trkpt>
   <trkpt lat="46.5196490" lon="11.8738410">
    <ele>1843.5</ele>
   </trkpt>
   <trkpt lat="46.5197820" lon="11.8738460">
    <ele>1842.6</ele>
   </trkpt>
   <trkpt lat="46.5199160" lon="11.8738520">
    <ele>1841.7</ele>
   </trkpt>
   <trkpt lat="46.5201760" lon="11.8738420">
    <ele>1841.1</ele>
   </trkpt>
   <trkpt lat="46.5204410" lon="11.8738350">
    <ele>1838.9</ele>
   </trkpt>
   <trkpt lat="46.5207130" lon="11.8738380">
    <ele>1836.8</ele>
   </trkpt>
   <trkpt lat="46.5209740" lon="11.8738450">
    <ele>1835.6</ele>
   </trkpt>
   <trkpt lat="46.5212290" lon="11.8738690">
    <ele>1834.4</ele>
   </trkpt>
   <trkpt lat="46.5214700" lon="11.8739720">
    <ele>1832.9</ele>
   </trkpt>
   <trkpt lat="46.5216910" lon="11.8741450">
    <ele>1831.7</ele>
   </trkpt>
   <trkpt lat="46.5218000" lon="11.8742410">
    <ele>1831.2</ele>
   </trkpt>
   <trkpt lat="46.5219100" lon="11.8743370">
    <ele>1830.7</ele>
   </trkpt>
   <trkpt lat="46.5220160" lon="11.8744340">
    <ele>1830.2</ele>
   </trkpt>
   <trkpt lat="46.5222260" lon="11.8746260">
    <ele>1829.2</ele>
   </trkpt>
   <trkpt lat="46.5224530" lon="11.8748220">
    <ele>1828.3</ele>
   </trkpt>
   <trkpt lat="46.5226710" lon="11.8750090">
    <ele>1827.4</ele>
   </trkpt>
   <trkpt lat="46.5228850" lon="11.8751930">
    <ele>1826.5</ele>
   </trkpt>
   <trkpt lat="46.5229890" lon="11.8752850">
    <ele>1825.9</ele>
   </trkpt>
   <trkpt lat="46.5231980" lon="11.8754670">
    <ele>1824.4</ele>
   </trkpt>
   <trkpt lat="46.5233040" lon="11.8755590">
    <ele>1823.5</ele>
   </trkpt>
   <trkpt lat="46.5234140" lon="11.8756510">
    <ele>1822.5</ele>
   </trkpt>
   <trkpt lat="46.5236330" lon="11.8758390">
    <ele>1820.4</ele>
   </trkpt>
   <trkpt lat="46.5237490" lon="11.8759390">
    <ele>1819.2</ele>
   </trkpt>
   <trkpt lat="46.5239930" lon="11.8761580">
    <ele>1817.1</ele>
   </trkpt>
   <trkpt lat="46.5242260" lon="11.8763950">
    <ele>1814.8</ele>
   </trkpt>
   <trkpt lat="46.5243360" lon="11.8765190">
    <ele>1813.7</ele>
   </trkpt>
   <trkpt lat="46.5244400" lon="11.8766540">
    <ele>1812.6</ele>
   </trkpt>
   <trkpt lat="46.5245450" lon="11.8767960">
    <ele>1811.6</ele>
   </trkpt>
   <trkpt lat="46.5248550" lon="11.8772180">
    <ele>1809.1</ele>
   </trkpt>
   <trkpt lat="46.5250570" lon="11.8774970">
    <ele>1807.1</ele>
   </trkpt>
   <trkpt lat="46.5252590" lon="11.8777710">
    <ele>1804.9</ele>
   </trkpt>
   <trkpt lat="46.5253710" lon="11.8778980">
    <ele>1803.8</ele>
   </trkpt>
   <trkpt lat="46.5254890" lon="11.8780090">
    <ele>1802.7</ele>
   </trkpt>
   <trkpt lat="46.5256150" lon="11.8781020">
    <ele>1801.5</ele>
   </trkpt>
   <trkpt lat="46.5257680" lon="11.8782050">
    <ele>1800.1</ele>
   </trkpt>
   <trkpt lat="46.5260010" lon="11.8783600">
    <ele>1797.9</ele>
   </trkpt>
   <trkpt lat="46.5262600" lon="11.8785350">
    <ele>1795.5</ele>
   </trkpt>
   <trkpt lat="46.5265230" lon="11.8787020">
    <ele>1793.2</ele>
   </trkpt>
   <trkpt lat="46.5266560" lon="11.8787900">
    <ele>1792.0</ele>
   </trkpt>
   <trkpt lat="46.5267890" lon="11.8788820">
    <ele>1790.8</ele>
   </trkpt>
   <trkpt lat="46.5269250" lon="11.8789710">
    <ele>1789.5</ele>
   </trkpt>
   <trkpt lat="46.5270610" lon="11.8790580">
    <ele>1788.2</ele>
   </trkpt>
   <trkpt lat="46.5272000" lon="11.8791480">
    <ele>1786.8</ele>
   </trkpt>
   <trkpt lat="46.5273420" lon="11.8792430">
    <ele>1785.5</ele>
   </trkpt>
   <trkpt lat="46.5274810" lon="11.8793550">
    <ele>1784.2</ele>
   </trkpt>
   <trkpt lat="46.5276100" lon="11.8794800">
    <ele>1783.0</ele>
   </trkpt>
   <trkpt lat="46.5277340" lon="11.8796190">
    <ele>1781.8</ele>
   </trkpt>
   <trkpt lat="46.5278530" lon="11.8797610">
    <ele>1780.6</ele>
   </trkpt>
   <trkpt lat="46.5279730" lon="11.8799050">
    <ele>1779.3</ele>
   </trkpt>
   <trkpt lat="46.5281000" lon="11.8800530">
    <ele>1777.9</ele>
   </trkpt>
   <trkpt lat="46.5282240" lon="11.8801960">
    <ele>1776.5</ele>
   </trkpt>
   <trkpt lat="46.5283490" lon="11.8803370">
    <ele>1775.1</ele>
   </trkpt>
   <trkpt lat="46.5284730" lon="11.8804810">
    <ele>1773.7</ele>
   </trkpt>
   <trkpt lat="46.5285960" lon="11.8806360">
    <ele>1772.3</ele>
   </trkpt>
   <trkpt lat="46.5287100" lon="11.8808070">
    <ele>1770.9</ele>
   </trkpt>
   <trkpt lat="46.5288090" lon="11.8809870">
    <ele>1769.6</ele>
   </trkpt>
   <trkpt lat="46.5289060" lon="11.8811730">
    <ele>1768.3</ele>
   </trkpt>
   <trkpt lat="46.5290110" lon="11.8813550">
    <ele>1767.0</ele>
   </trkpt>
   <trkpt lat="46.5291260" lon="11.8815300">
    <ele>1765.6</ele>
   </trkpt>
   <trkpt lat="46.5292500" lon="11.8816990">
    <ele>1764.2</ele>
   </trkpt>
   <trkpt lat="46.5293750" lon="11.8818570">
    <ele>1762.9</ele>
   </trkpt>
   <trkpt lat="46.5294970" lon="11.8820100">
    <ele>1761.9</ele>
   </trkpt>
   <trkpt lat="46.5296180" lon="11.8821590">
    <ele>1761.1</ele>
   </trkpt>
   <trkpt lat="46.5297370" lon="11.8823010">
    <ele>1760.6</ele>
   </trkpt>
   <trkpt lat="46.5298510" lon="11.8824400">
    <ele>1760.2</ele>
   </trkpt>
   <trkpt lat="46.5299620" lon="11.8825770">
    <ele>1759.8</ele>
   </trkpt>
   <trkpt lat="46.5300700" lon="11.8827130">
    <ele>1759.4</ele>
   </trkpt>
   <trkpt lat="46.5301790" lon="11.8828470">
    <ele>1759.1</ele>
   </trkpt>
   <trkpt lat="46.5304810" lon="11.8832340">
    <ele>1758.2</ele>
   </trkpt>
   <trkpt lat="46.5305730" lon="11.8833620">
    <ele>1757.7</ele>
   </trkpt>
   <trkpt lat="46.5307530" lon="11.8836190">
    <ele>1756.6</ele>
   </trkpt>
   <trkpt lat="46.5309280" lon="11.8838840">
    <ele>1755.2</ele>
   </trkpt>
   <trkpt lat="46.5310960" lon="11.8841460">
    <ele>1753.4</ele>
   </trkpt>
   <trkpt lat="46.5311840" lon="11.8842650">
    <ele>1752.3</ele>
   </trkpt>
   <trkpt lat="46.5314000" lon="11.8844410">
    <ele>1750.2</ele>
   </trkpt>
   <trkpt lat="46.5315220" lon="11.8844750">
    <ele>1749.2</ele>
   </trkpt>
   <trkpt lat="46.5316510" lon="11.8844740">
    <ele>1748.2</ele>
   </trkpt>
   <trkpt lat="46.5319200" lon="11.8844340">
    <ele>1746.0</ele>
   </trkpt>
   <trkpt lat="46.5321950" lon="11.8843840">
    <ele>1744.0</ele>
   </trkpt>
   <trkpt lat="46.5324670" lon="11.8843600">
    <ele>1742.0</ele>
   </trkpt>
   <trkpt lat="46.5325980" lon="11.8843830">
    <ele>1741.1</ele>
   </trkpt>
   <trkpt lat="46.5327280" lon="11.8844400">
    <ele>1740.2</ele>
   </trkpt>
   <trkpt lat="46.5328540" lon="11.8845290">
    <ele>1739.3</ele>
   </trkpt>
   <trkpt lat="46.5329760" lon="11.8846270">
    <ele>1738.4</ele>
   </trkpt>
   <trkpt lat="46.5330900" lon="11.8847310">
    <ele>1737.6</ele>
   </trkpt>
   <trkpt lat="46.5333250" lon="11.8849370">
    <ele>1735.9</ele>
   </trkpt>
   <trkpt lat="46.5334540" lon="11.8850140">
    <ele>1735.1</ele>
   </trkpt>
   <trkpt lat="46.5337010" lon="11.8851220">
    <ele>1733.4</ele>
   </trkpt>
   <trkpt lat="46.5338180" lon="11.8851700">
    <ele>1732.7</ele>
   </trkpt>
   <trkpt lat="46.5339340" lon="11.8852540">
    <ele>1732.0</ele>
   </trkpt>
   <trkpt lat="46.5340270" lon="11.8853670">
    <ele>1731.3</ele>
   </trkpt>
   <trkpt lat="46.5340880" lon="11.8855070">
    <ele>1730.7</ele>
   </trkpt>
   <trkpt lat="46.5341110" lon="11.8856690">
    <ele>1730.0</ele>
   </trkpt>
   <trkpt lat="46.5340980" lon="11.8858380">
    <ele>1729.3</ele>
   </trkpt>
   <trkpt lat="46.5340780" lon="11.8860050">
    <ele>1728.7</ele>
   </trkpt>
   <trkpt lat="46.5340650" lon="11.8861710">
    <ele>1728.0</ele>
   </trkpt>
   <trkpt lat="46.5340620" lon="11.8863360">
    <ele>1727.4</ele>
   </trkpt>
   <trkpt lat="46.5340780" lon="11.8864990">
    <ele>1726.8</ele>
   </trkpt>
   <trkpt lat="46.5341250" lon="11.8866420">
    <ele>1726.2</ele>
   </trkpt>
   <trkpt lat="46.5341990" lon="11.8867570">
    <ele>1725.5</ele>
   </trkpt>
   <trkpt lat="46.5342900" lon="11.8868400">
    <ele>1724.8</ele>
   </trkpt>
   <trkpt lat="46.5343940" lon="11.8868880">
    <ele>1724.0</ele>
   </trkpt>
   <trkpt lat="46.5345110" lon="11.8869050">
    <ele>1723.1</ele>
   </trkpt>
   <trkpt lat="46.5346300" lon="11.8869110">
    <ele>1722.2</ele>
   </trkpt>
   <trkpt lat="46.5348670" lon="11.8869330">
    <ele>1720.4</ele>
   </trkpt>
   <trkpt lat="46.5349870" lon="11.8869420">
    <ele>1719.6</ele>
   </trkpt>
   <trkpt lat="46.5352290" lon="11.8869260">
    <ele>1718.1</ele>
   </trkpt>
   <trkpt lat="46.5353490" lon="11.8868890">
    <ele>1717.5</ele>
   </trkpt>
   <trkpt lat="46.5354580" lon="11.8868400">
    <ele>1717.0</ele>
   </trkpt>
   <trkpt lat="46.5356440" lon="11.8867730">
    <ele>1716.0</ele>
   </trkpt>
   <trkpt lat="46.5357680" lon="11.8868730">
    <ele>1715.0</ele>
   </trkpt>
   <trkpt lat="46.5357190" lon="11.8870940">
    <ele>1713.7</ele>
   </trkpt>
   <trkpt lat="46.5356490" lon="11.8871780">
    <ele>1712.9</ele>
   </trkpt>
   <trkpt lat="46.5355610" lon="11.8872520">
    <ele>1712.1</ele>
   </trkpt>
   <trkpt lat="46.5355020" lon="11.8873480">
    <ele>1711.4</ele>
   </trkpt>
   <trkpt lat="46.5354780" lon="11.8874690">
    <ele>1710.7</ele>
   </trkpt>
   <trkpt lat="46.5355110" lon="11.8875740">
    <ele>1710.0</ele>
   </trkpt>
   <trkpt lat="46.5355730" lon="11.8876310">
    <ele>1709.4</ele>
   </trkpt>
   <trkpt lat="46.5356570" lon="11.8876260">
    <ele>1708.7</ele>
   </trkpt>
   <trkpt lat="46.5357510" lon="11.8875800">
    <ele>1707.9</ele>
   </trkpt>
   <trkpt lat="46.5359440" lon="11.8874770">
    <ele>1706.2</ele>
   </trkpt>
   <trkpt lat="46.5361590" lon="11.8873770">
    <ele>1704.2</ele>
   </trkpt>
   <trkpt lat="46.5364890" lon="11.8871420">
    <ele>1701.0</ele>
   </trkpt>
   <trkpt lat="46.5366010" lon="11.8870350">
    <ele>1700.0</ele>
   </trkpt>
   <trkpt lat="46.5368310" lon="11.8868260">
    <ele>1698.6</ele>
   </trkpt>
   <trkpt lat="46.5369540" lon="11.8867520">
    <ele>1698.8</ele>
   </trkpt>
   <trkpt lat="46.5370770" lon="11.8867130">
    <ele>1699.0</ele>
   </trkpt>
   <trkpt lat="46.5372020" lon="11.8867040">
    <ele>1699.0</ele>
   </trkpt>
   <trkpt lat="46.5373310" lon="11.8867070">
    <ele>1698.9</ele>
   </trkpt>
   <trkpt lat="46.5374520" lon="11.8866990">
    <ele>1698.8</ele>
   </trkpt>
   <trkpt lat="46.5375680" lon="11.8866790">
    <ele>1698.8</ele>
   </trkpt>
   <trkpt lat="46.5376780" lon="11.8866500">
    <ele>1698.8</ele>
   </trkpt>
   <trkpt lat="46.5377860" lon="11.8866010">
    <ele>1698.8</ele>
   </trkpt>
   <trkpt lat="46.5378870" lon="11.8865270">
    <ele>1698.7</ele>
   </trkpt>
   <trkpt lat="46.5379730" lon="11.8864220">
    <ele>1698.7</ele>
   </trkpt>
   <trkpt lat="46.5380400" lon="11.8862950">
    <ele>1698.6</ele>
   </trkpt>
   <trkpt lat="46.5380890" lon="11.8861590">
    <ele>1698.7</ele>
   </trkpt>
   <trkpt lat="46.5381200" lon="11.8860110">
    <ele>1698.6</ele>
   </trkpt>
   <trkpt lat="46.5381890" lon="11.8857280">
    <ele>1698.3</ele>
   </trkpt>
   <trkpt lat="46.5382370" lon="11.8856040">
    <ele>1698.1</ele>
   </trkpt>
   <trkpt lat="46.5385440" lon="11.8850680">
    <ele>1697.3</ele>
   </trkpt>
   <trkpt lat="46.5388410" lon="11.8847820">
    <ele>1696.4</ele>
   </trkpt>
   <trkpt lat="46.5391310" lon="11.8845450">
    <ele>1695.3</ele>
   </trkpt>
   <trkpt lat="46.5392030" lon="11.8844840">
    <ele>1694.9</ele>
   </trkpt>
   <trkpt lat="46.5396900" lon="11.8841260">
    <ele>1692.7</ele>
   </trkpt>
   <trkpt lat="46.5398450" lon="11.8839810">
    <ele>1692.3</ele>
   </trkpt>
   <trkpt lat="46.5400740" lon="11.8837610">
    <ele>1691.7</ele>
   </trkpt>
   <trkpt lat="46.5402510" lon="11.8836920">
    <ele>1691.4</ele>
   </trkpt>
   <trkpt lat="46.5404240" lon="11.8837700">
    <ele>1690.9</ele>
   </trkpt>
   <trkpt lat="46.5404990" lon="11.8838370">
    <ele>1690.7</ele>
   </trkpt>
   <trkpt lat="46.5407320" lon="11.8840150">
    <ele>1689.7</ele>
   </trkpt>
   <trkpt lat="46.5409040" lon="11.8840850">
    <ele>1688.9</ele>
   </trkpt>
   <trkpt lat="46.5410770" lon="11.8840990">
    <ele>1688.3</ele>
   </trkpt>
   <trkpt lat="46.5412450" lon="11.8840340">
    <ele>1687.1</ele>
   </trkpt>
   <trkpt lat="46.5413180" lon="11.8838220">
    <ele>1685.8</ele>
   </trkpt>
   <trkpt lat="46.5412800" lon="11.8833730">
    <ele>1683.2</ele>
   </trkpt>
   <trkpt lat="46.5412810" lon="11.8832520">
    <ele>1682.5</ele>
   </trkpt>
   <trkpt lat="46.5412990" lon="11.8831050">
    <ele>1681.5</ele>
   </trkpt>
   <trkpt lat="46.5413410" lon="11.8829630">
    <ele>1680.5</ele>
   </trkpt>
   <trkpt lat="46.5414040" lon="11.8828270">
    <ele>1679.4</ele>
   </trkpt>
   <trkpt lat="46.5414650" lon="11.8826970">
    <ele>1678.3</ele>
   </trkpt>
   <trkpt lat="46.5415030" lon="11.8825550">
    <ele>1677.3</ele>
   </trkpt>
   <trkpt lat="46.5415080" lon="11.8824040">
    <ele>1676.2</ele>
   </trkpt>
   <trkpt lat="46.5414890" lon="11.8822500">
    <ele>1675.2</ele>
   </trkpt>
   <trkpt lat="46.5414620" lon="11.8821050">
    <ele>1674.3</ele>
   </trkpt>
   <trkpt lat="46.5414320" lon="11.8818500">
    <ele>1672.8</ele>
   </trkpt>
   <trkpt lat="46.5414690" lon="11.8817510">
    <ele>1672.1</ele>
   </trkpt>
   <trkpt lat="46.5415400" lon="11.8816820">
    <ele>1671.4</ele>
   </trkpt>
   <trkpt lat="46.5416220" lon="11.8816760">
    <ele>1670.7</ele>
   </trkpt>
   <trkpt lat="46.5417600" lon="11.8818300">
    <ele>1669.2</ele>
   </trkpt>
   <trkpt lat="46.5418220" lon="11.8819360">
    <ele>1668.3</ele>
   </trkpt>
   <trkpt lat="46.5418850" lon="11.8820130">
    <ele>1667.6</ele>
   </trkpt>
   <trkpt lat="46.5419530" lon="11.8820400">
    <ele>1666.9</ele>
   </trkpt>
   <trkpt lat="46.5420270" lon="11.8820250">
    <ele>1666.1</ele>
   </trkpt>
   <trkpt lat="46.5421100" lon="11.8818610">
    <ele>1664.6</ele>
   </trkpt>
   <trkpt lat="46.5421160" lon="11.8817310">
    <ele>1663.6</ele>
   </trkpt>
   <trkpt lat="46.5421130" lon="11.8814340">
    <ele>1661.5</ele>
   </trkpt>
   <trkpt lat="46.5421180" lon="11.8811280">
    <ele>1659.6</ele>
   </trkpt>
   <trkpt lat="46.5421470" lon="11.8808080">
    <ele>1657.5</ele>
   </trkpt>
   <trkpt lat="46.5421970" lon="11.8804710">
    <ele>1655.3</ele>
   </trkpt>
   <trkpt lat="46.5422620" lon="11.8801300">
    <ele>1653.0</ele>
   </trkpt>
   <trkpt lat="46.5422790" lon="11.8799630">
    <ele>1652.0</ele>
   </trkpt>
   <trkpt lat="46.5422860" lon="11.8798100">
    <ele>1651.0</ele>
   </trkpt>
   <trkpt lat="46.5422880" lon="11.8796680">
    <ele>1650.2</ele>
   </trkpt>
   <trkpt lat="46.5423010" lon="11.8795370">
    <ele>1649.4</ele>
   </trkpt>
   <trkpt lat="46.5423330" lon="11.8794270">
    <ele>1648.6</ele>
   </trkpt>
   <trkpt lat="46.5423790" lon="11.8793460">
    <ele>1648.0</ele>
   </trkpt>
   <trkpt lat="46.5424520" lon="11.8793230">
    <ele>1647.2</ele>
   </trkpt>
   <trkpt lat="46.5425300" lon="11.8793350">
    <ele>1646.5</ele>
   </trkpt>
   <trkpt lat="46.5426140" lon="11.8793820">
    <ele>1645.6</ele>
   </trkpt>
   <trkpt lat="46.5426860" lon="11.8794650">
    <ele>1644.6</ele>
   </trkpt>
   <trkpt lat="46.5427370" lon="11.8795830">
    <ele>1643.7</ele>
   </trkpt>
   <trkpt lat="46.5427660" lon="11.8797300">
    <ele>1642.9</ele>
   </trkpt>
   <trkpt lat="46.5427980" lon="11.8798780">
    <ele>1642.3</ele>
   </trkpt>
   <trkpt lat="46.5428470" lon="11.8800080">
    <ele>1641.8</ele>
   </trkpt>
   <trkpt lat="46.5429050" lon="11.8801220">
    <ele>1641.1</ele>
   </trkpt>
   <trkpt lat="46.5429770" lon="11.8801930">
    <ele>1640.3</ele>
   </trkpt>
   <trkpt lat="46.5430560" lon="11.8802140">
    <ele>1639.4</ele>
   </trkpt>
   <trkpt lat="46.5431560" lon="11.8802060">
    <ele>1638.1</ele>
   </trkpt>
   <trkpt lat="46.5432320" lon="11.8801220">
    <ele>1637.1</ele>
   </trkpt>
   <trkpt lat="46.5432760" lon="11.8799880">
    <ele>1636.0</ele>
   </trkpt>
   <trkpt lat="46.5433690" lon="11.8796800">
    <ele>1633.8</ele>
   </trkpt>
   <trkpt lat="46.5434270" lon="11.8795310">
    <ele>1632.8</ele>
   </trkpt>
   <trkpt lat="46.5434880" lon="11.8793820">
    <ele>1632.0</ele>
   </trkpt>
   <trkpt lat="46.5435270" lon="11.8792300">
    <ele>1631.3</ele>
   </trkpt>
   <trkpt lat="46.5435410" lon="11.8790730">
    <ele>1630.7</ele>
   </trkpt>
   <trkpt lat="46.5435030" lon="11.8787730">
    <ele>1629.7</ele>
   </trkpt>
   <trkpt lat="46.5434680" lon="11.8786280">
    <ele>1629.2</ele>
   </trkpt>
   <trkpt lat="46.5434240" lon="11.8783260">
    <ele>1628.0</ele>
   </trkpt>
   <trkpt lat="46.5434230" lon="11.8781680">
    <ele>1627.2</ele>
   </trkpt>
   <trkpt lat="46.5434410" lon="11.8780150">
    <ele>1626.3</ele>
   </trkpt>
   <trkpt lat="46.5435660" lon="11.8777600">
    <ele>1624.3</ele>
   </trkpt>
   <trkpt lat="46.5437170" lon="11.8777380">
    <ele>1622.8</ele>
   </trkpt>
   <trkpt lat="46.5438620" lon="11.8779350">
    <ele>1620.9</ele>
   </trkpt>
   <trkpt lat="46.5439030" lon="11.8780660">
    <ele>1620.1</ele>
   </trkpt>
   <trkpt lat="46.5439770" lon="11.8783250">
    <ele>1618.4</ele>
   </trkpt>
   <trkpt lat="46.5440280" lon="11.8784880">
    <ele>1617.4</ele>
   </trkpt>
   <trkpt lat="46.5440710" lon="11.8786110">
    <ele>1616.6</ele>
   </trkpt>
   <trkpt lat="46.5441230" lon="11.8787050">
    <ele>1615.8</ele>
   </trkpt>
   <trkpt lat="46.5441810" lon="11.8787460">
    <ele>1615.1</ele>
   </trkpt>
   <trkpt lat="46.5443280" lon="11.8786640">
    <ele>1613.7</ele>
   </trkpt>
   <trkpt lat="46.5443550" lon="11.8785350">
    <ele>1612.9</ele>
   </trkpt>
   <trkpt lat="46.5443620" lon="11.8784010">
    <ele>1612.1</ele>
   </trkpt>
   <trkpt lat="46.5443660" lon="11.8779660">
    <ele>1608.7</ele>
   </trkpt>
   <trkpt lat="46.5443730" lon="11.8778050">
    <ele>1607.6</ele>
   </trkpt>
   <trkpt lat="46.5443750" lon="11.8776690">
    <ele>1606.7</ele>
   </trkpt>
   <trkpt lat="46.5443730" lon="11.8774950">
    <ele>1605.7</ele>
   </trkpt>
   <trkpt lat="46.5443600" lon="11.8772820">
    <ele>1604.8</ele>
   </trkpt>
   <trkpt lat="46.5443350" lon="11.8771440">
    <ele>1604.3</ele>
   </trkpt>
   <trkpt lat="46.5442930" lon="11.8769870">
    <ele>1603.7</ele>
   </trkpt>
   <trkpt lat="46.5442470" lon="11.8768490">
    <ele>1603.2</ele>
   </trkpt>
   <trkpt lat="46.5442070" lon="11.8767280">
    <ele>1602.8</ele>
   </trkpt>
   <trkpt lat="46.5441870" lon="11.8766000">
    <ele>1602.3</ele>
   </trkpt>
   <trkpt lat="46.5442120" lon="11.8765390">
    <ele>1602.0</ele>
   </trkpt>
   <trkpt lat="46.5442840" lon="11.8765160">
    <ele>1601.5</ele>
   </trkpt>
   <trkpt lat="46.5443530" lon="11.8765330">
    <ele>1601.1</ele>
   </trkpt>
   <trkpt lat="46.5444150" lon="11.8765750">
    <ele>1600.8</ele>
   </trkpt>
   <trkpt lat="46.5445780" lon="11.8766890">
    <ele>1599.9</ele>
   </trkpt>
   <trkpt lat="46.5446570" lon="11.8767390">
    <ele>1599.4</ele>
   </trkpt>
   <trkpt lat="46.5447250" lon="11.8767670">
    <ele>1598.9</ele>
   </trkpt>
   <trkpt lat="46.5448370" lon="11.8767840">
    <ele>1597.9</ele>
   </trkpt>
   <trkpt lat="46.5449200" lon="11.8767730">
    <ele>1597.2</ele>
   </trkpt>
   <trkpt lat="46.5449700" lon="11.8767190">
    <ele>1596.6</ele>
   </trkpt>
   <trkpt lat="46.5450080" lon="11.8766020">
    <ele>1595.9</ele>
   </trkpt>
   <trkpt lat="46.5450070" lon="11.8764670">
    <ele>1595.2</ele>
   </trkpt>
   <trkpt lat="46.5449770" lon="11.8763380">
    <ele>1594.6</ele>
   </trkpt>
   <trkpt lat="46.5449250" lon="11.8761940">
    <ele>1593.9</ele>
   </trkpt>
   <trkpt lat="46.5448380" lon="11.8759910">
    <ele>1592.8</ele>
   </trkpt>
   <trkpt lat="46.5448250" lon="11.8757560">
    <ele>1591.5</ele>
   </trkpt>
   <trkpt lat="46.5449370" lon="11.8756220">
    <ele>1590.0</ele>
   </trkpt>
   <trkpt lat="46.5451010" lon="11.8756900">
    <ele>1588.1</ele>
   </trkpt>
   <trkpt lat="46.5452920" lon="11.8758670">
    <ele>1585.7</ele>
   </trkpt>
   <trkpt lat="46.5454460" lon="11.8759940">
    <ele>1583.6</ele>
   </trkpt>
   <trkpt lat="46.5455330" lon="11.8760570">
    <ele>1582.5</ele>
   </trkpt>
   <trkpt lat="46.5456160" lon="11.8760910">
    <ele>1581.5</ele>
   </trkpt>
   <trkpt lat="46.5456900" lon="11.8760770">
    <ele>1580.7</ele>
   </trkpt>
   <trkpt lat="46.5457440" lon="11.8759990">
    <ele>1579.9</ele>
   </trkpt>
   <trkpt lat="46.5457780" lon="11.8758930">
    <ele>1579.1</ele>
   </trkpt>
   <trkpt lat="46.5457810" lon="11.8757360">
    <ele>1578.2</ele>
   </trkpt>
   <trkpt lat="46.5457690" lon="11.8755930">
    <ele>1577.3</ele>
   </trkpt>
   <trkpt lat="46.5457670" lon="11.8754500">
    <ele>1576.6</ele>
   </trkpt>
   <trkpt lat="46.5457800" lon="11.8753170">
    <ele>1575.8</ele>
   </trkpt>
   <trkpt lat="46.5458010" lon="11.8752550">
    <ele>1575.4</ele>
   </trkpt>
   <trkpt lat="46.5458530" lon="11.8751960">
    <ele>1574.9</ele>
   </trkpt>
   <trkpt lat="46.5459200" lon="11.8752140">
    <ele>1574.2</ele>
   </trkpt>
   <trkpt lat="46.5459730" lon="11.8752870">
    <ele>1573.5</ele>
   </trkpt>
   <trkpt lat="46.5459830" lon="11.8753930">
    <ele>1572.8</ele>
   </trkpt>
   <trkpt lat="46.5459810" lon="11.8755320">
    <ele>1571.9</ele>
   </trkpt>
   <trkpt lat="46.5459830" lon="11.8758090">
    <ele>1570.5</ele>
   </trkpt>
   <trkpt lat="46.5459940" lon="11.8759480">
    <ele>1569.9</ele>
   </trkpt>
   <trkpt lat="46.5460110" lon="11.8760370">
    <ele>1569.5</ele>
   </trkpt>
   <trkpt lat="46.5460730" lon="11.8761370">
    <ele>1568.9</ele>
   </trkpt>
   <trkpt lat="46.5461560" lon="11.8762110">
    <ele>1568.7</ele>
   </trkpt>
   <trkpt lat="46.5462710" lon="11.8762850">
    <ele>1568.5</ele>
   </trkpt>
   <trkpt lat="46.5463640" lon="11.8763200">
    <ele>1568.4</ele>
   </trkpt>
   <trkpt lat="46.5464720" lon="11.8763560">
    <ele>1568.1</ele>
   </trkpt>
   <trkpt lat="46.5465820" lon="11.8763520">
    <ele>1567.7</ele>
   </trkpt>
   <trkpt lat="46.5466660" lon="11.8763050">
    <ele>1567.2</ele>
   </trkpt>
   <trkpt lat="46.5468340" lon="11.8761770">
    <ele>1566.1</ele>
   </trkpt>
   <trkpt lat="46.5469760" lon="11.8760370">
    <ele>1565.4</ele>
   </trkpt>
   <trkpt lat="46.5470320" lon="11.8759270">
    <ele>1565.4</ele>
   </trkpt>
   <trkpt lat="46.5470520" lon="11.8758230">
    <ele>1564.7</ele>
   </trkpt>
   <trkpt lat="46.5470480" lon="11.8757370">
    <ele>1564.0</ele>
   </trkpt>
   <trkpt lat="46.5470230" lon="11.8756380">
    <ele>1563.1</ele>
   </trkpt>
   <trkpt lat="46.5469590" lon="11.8755510">
    <ele>1562.1</ele>
   </trkpt>
   <trkpt lat="46.5469080" lon="11.8754650">
    <ele>1561.3</ele>
   </trkpt>
   <trkpt lat="46.5468800" lon="11.8752590">
    <ele>1559.7</ele>
   </trkpt>
   <trkpt lat="46.5469280" lon="11.8751660">
    <ele>1558.9</ele>
   </trkpt>
   <trkpt lat="46.5470000" lon="11.8751200">
    <ele>1558.5</ele>
   </trkpt>
   <trkpt lat="46.5470750" lon="11.8751020">
    <ele>1558.2</ele>
   </trkpt>
   <trkpt lat="46.5471520" lon="11.8751060">
    <ele>1557.7</ele>
   </trkpt>
   <trkpt lat="46.5472350" lon="11.8751450">
    <ele>1557.0</ele>
   </trkpt>
   <trkpt lat="46.5473200" lon="11.8752040">
    <ele>1556.3</ele>
   </trkpt>
   <trkpt lat="46.5474010" lon="11.8752680">
    <ele>1555.6</ele>
   </trkpt>
   <trkpt lat="46.5475690" lon="11.8753830">
    <ele>1554.1</ele>
   </trkpt>
   <trkpt lat="46.5477200" lon="11.8753530">
    <ele>1553.1</ele>
   </trkpt>
   <trkpt lat="46.5478460" lon="11.8752580">
    <ele>1551.1</ele>
   </trkpt>
   <trkpt lat="46.5479390" lon="11.8752210">
    <ele>1550.4</ele>
   </trkpt>
   <trkpt lat="46.5480940" lon="11.8751550">
    <ele>1549.3</ele>
   </trkpt>
   <trkpt lat="46.5482880" lon="11.8750490">
    <ele>1547.8</ele>
   </trkpt>
   <trkpt lat="46.5483620" lon="11.8750150">
    <ele>1547.1</ele>
   </trkpt>
   <trkpt lat="46.5485600" lon="11.8749430">
    <ele>1545.7</ele>
   </trkpt>
   <trkpt lat="46.5487870" lon="11.8748740">
    <ele>1544.0</ele>
   </trkpt>
   <trkpt lat="46.5490790" lon="11.8747730">
    <ele>1542.1</ele>
   </trkpt>
   <trkpt lat="46.5493120" lon="11.8746890">
    <ele>1540.5</ele>
   </trkpt>
   <trkpt lat="46.5495090" lon="11.8746080">
    <ele>1538.9</ele>
   </trkpt>
   <trkpt lat="46.5497590" lon="11.8745180">
    <ele>1537.1</ele>
   </trkpt>
   <trkpt lat="46.5498740" lon="11.8744790">
    <ele>1536.5</ele>
   </trkpt>
   <trkpt lat="46.5499680" lon="11.8744450">
    <ele>1535.9</ele>
   </trkpt>
   <trkpt lat="46.5502220" lon="11.8743470">
    <ele>1534.4</ele>
   </trkpt>
   <trkpt lat="46.5504540" lon="11.8742660">
    <ele>1533.1</ele>
   </trkpt>
   <trkpt lat="46.5505680" lon="11.8742270">
    <ele>1532.5</ele>
   </trkpt>
   <trkpt lat="46.5506600" lon="11.8742000">
    <ele>1532.0</ele>
   </trkpt>
   <trkpt lat="46.5509180" lon="11.8741510">
    <ele>1530.6</ele>
   </trkpt>
   <trkpt lat="46.5511570" lon="11.8741360">
    <ele>1529.7</ele>
   </trkpt>
   <trkpt lat="46.5514000" lon="11.8741340">
    <ele>1529.0</ele>
   </trkpt>
   <trkpt lat="46.5518510" lon="11.8741800">
    <ele>1528.1</ele>
   </trkpt>
   <trkpt lat="46.5520290" lon="11.8742300">
    <ele>1527.6</ele>
   </trkpt>
   <trkpt lat="46.5521110" lon="11.8742650">
    <ele>1527.4</ele>
   </trkpt>
   <trkpt lat="46.5521830" lon="11.8743040">
    <ele>1527.4</ele>
   </trkpt>
   <trkpt lat="46.5522600" lon="11.8743310">
    <ele>1527.0</ele>
   </trkpt>
   <trkpt lat="46.5523090" lon="11.8743110">
    <ele>1526.9</ele>
   </trkpt>
   <trkpt lat="46.5523410" lon="11.8742590">
    <ele>1527.0</ele>
   </trkpt>
   <trkpt lat="46.5523480" lon="11.8742070">
    <ele>1527.0</ele>
   </trkpt>
   <trkpt lat="46.5523460" lon="11.8741260">
    <ele>1527.1</ele>
   </trkpt>
   <trkpt lat="46.5523360" lon="11.8739580">
    <ele>1527.2</ele>
   </trkpt>
   <trkpt lat="46.5523060" lon="11.8737790">
    <ele>1527.4</ele>
   </trkpt>
   <trkpt lat="46.5522040" lon="11.8733320">
    <ele>1527.8</ele>
   </trkpt>
   <trkpt lat="46.5520470" lon="11.8726350">
    <ele>1528.6</ele>
   </trkpt>
   <trkpt lat="46.5518880" lon="11.8718820">
    <ele>1529.3</ele>
   </trkpt>
   <trkpt lat="46.5518530" lon="11.8717050">
    <ele>1529.4</ele>
   </trkpt>
   <trkpt lat="46.5517620" lon="11.8712630">
    <ele>1529.6</ele>
   </trkpt>
   <trkpt lat="46.5517270" lon="11.8710970">
    <ele>1529.7</ele>
   </trkpt>
   <trkpt lat="46.5517220" lon="11.8710140">
    <ele>1529.7</ele>
   </trkpt>
   <trkpt lat="46.5516960" lon="11.8708460">
    <ele>1529.8</ele>
   </trkpt>
   <trkpt lat="46.5516420" lon="11.8705980">
    <ele>1530.0</ele>
   </trkpt>
   <trkpt lat="46.5515620" lon="11.8702620">
    <ele>1530.1</ele>
   </trkpt>
   <trkpt lat="46.5515320" lon="11.8700860">
    <ele>1530.2</ele>
   </trkpt>
   <trkpt lat="46.5514070" lon="11.8694890">
    <ele>1530.5</ele>
   </trkpt>
   <trkpt lat="46.5513520" lon="11.8691590">
    <ele>1530.9</ele>
   </trkpt>
   <trkpt lat="46.5513140" lon="11.8688550">
    <ele>1531.5</ele>
   </trkpt>
   <trkpt lat="46.5512680" lon="11.8682210">
    <ele>1532.1</ele>
   </trkpt>
   <trkpt lat="46.5512660" lon="11.8681420">
    <ele>1532.2</ele>
   </trkpt>
   <trkpt lat="46.5512580" lon="11.8677420">
    <ele>1533.3</ele>
   </trkpt>
   <trkpt lat="46.5512460" lon="11.8673590">
    <ele>1535.6</ele>
   </trkpt>
   <trkpt lat="46.5512460" lon="11.8672850">
    <ele>1535.8</ele>
   </trkpt>
   <trkpt lat="46.5512390" lon="11.8670510">
    <ele>1536.0</ele>
   </trkpt>
   <trkpt lat="46.5512340" lon="11.8668230">
    <ele>1536.4</ele>
   </trkpt>
   <trkpt lat="46.5512310" lon="11.8667500">
    <ele>1536.5</ele>
   </trkpt>
   <trkpt lat="46.5512140" lon="11.8662900">
    <ele>1537.4</ele>
   </trkpt>
   <trkpt lat="46.5512060" lon="11.8660820">
    <ele>1537.7</ele>
   </trkpt>
   <trkpt lat="46.5512030" lon="11.8659320">
    <ele>1538.0</ele>
   </trkpt>
   <trkpt lat="46.5512010" lon="11.8658450">
    <ele>1538.3</ele>
   </trkpt>
   <trkpt lat="46.5511920" lon="11.8653900">
    <ele>1539.7</ele>
   </trkpt>
   <trkpt lat="46.5511820" lon="11.8651890">
    <ele>1540.3</ele>
   </trkpt>
   <trkpt lat="46.5511740" lon="11.8650250">
    <ele>1540.8</ele>
   </trkpt>
   <trkpt lat="46.5511670" lon="11.8646080">
    <ele>1542.0</ele>
   </trkpt>
   <trkpt lat="46.5511660" lon="11.8645160">
    <ele>1542.3</ele>
   </trkpt>
   <trkpt lat="46.5511630" lon="11.8644410">
    <ele>1542.5</ele>
   </trkpt>
   <trkpt lat="46.5511670" lon="11.8643680">
    <ele>1542.7</ele>
   </trkpt>
   <trkpt lat="46.5511710" lon="11.8642390">
    <ele>1543.1</ele>
   </trkpt>
   <trkpt lat="46.5511690" lon="11.8641540">
    <ele>1543.4</ele>
   </trkpt>
   <trkpt lat="46.5511750" lon="11.8638830">
    <ele>1544.1</ele>
   </trkpt>
   <trkpt lat="46.5512100" lon="11.8636710">
    <ele>1544.6</ele>
   </trkpt>
   <trkpt lat="46.5513330" lon="11.8633140">
    <ele>1545.4</ele>
   </trkpt>
   <trkpt lat="46.5513670" lon="11.8632480">
    <ele>1545.6</ele>
   </trkpt>
   <trkpt lat="46.5514050" lon="11.8631830">
    <ele>1545.7</ele>
   </trkpt>
   <trkpt lat="46.5517050" lon="11.8627560">
    <ele>1546.9</ele>
   </trkpt>
   <trkpt lat="46.5517860" lon="11.8626220">
    <ele>1546.3</ele>
   </trkpt>
   <trkpt lat="46.5518410" lon="11.8624690">
    <ele>1546.2</ele>
   </trkpt>
   <trkpt lat="46.5518580" lon="11.8623920">
    <ele>1546.2</ele>
   </trkpt>
   <trkpt lat="46.5518740" lon="11.8622480">
    <ele>1546.3</ele>
   </trkpt>
   <trkpt lat="46.5518720" lon="11.8621140">
    <ele>1546.5</ele>
   </trkpt>
   <trkpt lat="46.5518680" lon="11.8620470">
    <ele>1546.7</ele>
   </trkpt>
   <trkpt lat="46.5518200" lon="11.8617580">
    <ele>1548.1</ele>
   </trkpt>
   <trkpt lat="46.5518070" lon="11.8616810">
    <ele>1548.6</ele>
   </trkpt>
   <trkpt lat="46.5517840" lon="11.8615260">
    <ele>1549.5</ele>
   </trkpt>
   <trkpt lat="46.5517210" lon="11.8611360">
    <ele>1552.0</ele>
   </trkpt>
   <trkpt lat="46.5516750" lon="11.8609030">
    <ele>1553.4</ele>
   </trkpt>
   <trkpt lat="46.5516610" lon="11.8608210">
    <ele>1553.9</ele>
   </trkpt>
   <trkpt lat="46.5516280" lon="11.8606610">
    <ele>1554.9</ele>
   </trkpt>
   <trkpt lat="46.5515810" lon="11.8604220">
    <ele>1556.5</ele>
   </trkpt>
   <trkpt lat="46.5515280" lon="11.8601860">
    <ele>1558.1</ele>
   </trkpt>
   <trkpt lat="46.5515010" lon="11.8600350">
    <ele>1559.1</ele>
   </trkpt>
   <trkpt lat="46.5514680" lon="11.8598730">
    <ele>1560.1</ele>
   </trkpt>
   <trkpt lat="46.5514180" lon="11.8596290">
    <ele>1561.9</ele>
   </trkpt>
   <trkpt lat="46.5514040" lon="11.8595560">
    <ele>1562.4</ele>
   </trkpt>
   <trkpt lat="46.5513890" lon="11.8594800">
    <ele>1562.9</ele>
   </trkpt>
   <trkpt lat="46.5513440" lon="11.8592410">
    <ele>1564.6</ele>
   </trkpt>
   <trkpt lat="46.5513210" lon="11.8591680">
    <ele>1565.2</ele>
   </trkpt>
   <trkpt lat="46.5512690" lon="11.8590390">
    <ele>1566.3</ele>
   </trkpt>
   <trkpt lat="46.5512020" lon="11.8589260">
    <ele>1567.4</ele>
   </trkpt>
   <trkpt lat="46.5511660" lon="11.8588730">
    <ele>1567.9</ele>
   </trkpt>
   <trkpt lat="46.5511280" lon="11.8588210">
    <ele>1568.4</ele>
   </trkpt>
   <trkpt lat="46.5510820" lon="11.8587540">
    <ele>1569.1</ele>
   </trkpt>
   <trkpt lat="46.5510540" lon="11.8587010">
    <ele>1569.5</ele>
   </trkpt>
   <trkpt lat="46.5510180" lon="11.8586200">
    <ele>1570.2</ele>
   </trkpt>
   <trkpt lat="46.5509990" lon="11.8585650">
    <ele>1570.6</ele>
   </trkpt>
   <trkpt lat="46.5509730" lon="11.8584940">
    <ele>1571.2</ele>
   </trkpt>
   <trkpt lat="46.5509410" lon="11.8584030">
    <ele>1571.9</ele>
   </trkpt>
   <trkpt lat="46.5508780" lon="11.8581950">
    <ele>1573.4</ele>
   </trkpt>
   <trkpt lat="46.5508590" lon="11.8581030">
    <ele>1574.0</ele>
   </trkpt>
   <trkpt lat="46.5508480" lon="11.8579430">
    <ele>1575.0</ele>
   </trkpt>
   <trkpt lat="46.5508430" lon="11.8576960">
    <ele>1576.6</ele>
   </trkpt>
   <trkpt lat="46.5508420" lon="11.8576170">
    <ele>1577.2</ele>
   </trkpt>
   <trkpt lat="46.5508470" lon="11.8574800">
    <ele>1578.1</ele>
   </trkpt>
   <trkpt lat="46.5508540" lon="11.8573890">
    <ele>1578.7</ele>
   </trkpt>
   <trkpt lat="46.5508650" lon="11.8571770">
    <ele>1580.4</ele>
   </trkpt>
   <trkpt lat="46.5508700" lon="11.8569560">
    <ele>1580.8</ele>
   </trkpt>
   <trkpt lat="46.5508730" lon="11.8567250">
    <ele>1581.9</ele>
   </trkpt>
   <trkpt lat="46.5508760" lon="11.8565550">
    <ele>1582.8</ele>
   </trkpt>
   <trkpt lat="46.5508800" lon="11.8564210">
    <ele>1583.5</ele>
   </trkpt>
   <trkpt lat="46.5508860" lon="11.8562500">
    <ele>1584.3</ele>
   </trkpt>
   <trkpt lat="46.5508930" lon="11.8561840">
    <ele>1584.7</ele>
   </trkpt>
   <trkpt lat="46.5508920" lon="11.8561060">
    <ele>1585.0</ele>
   </trkpt>
   <trkpt lat="46.5508900" lon="11.8559550">
    <ele>1585.9</ele>
   </trkpt>
   <trkpt lat="46.5508910" lon="11.8558810">
    <ele>1586.4</ele>
   </trkpt>
   <trkpt lat="46.5508970" lon="11.8557340">
    <ele>1587.2</ele>
   </trkpt>
   <trkpt lat="46.5509270" lon="11.8555970">
    <ele>1588.1</ele>
   </trkpt>
   <trkpt lat="46.5510400" lon="11.8554800">
    <ele>1589.4</ele>
   </trkpt>
   <trkpt lat="46.5511000" lon="11.8555450">
    <ele>1590.1</ele>
   </trkpt>
   <trkpt lat="46.5511300" lon="11.8556240">
    <ele>1590.7</ele>
   </trkpt>
   <trkpt lat="46.5511910" lon="11.8558540">
    <ele>1592.1</ele>
   </trkpt>
   <trkpt lat="46.5512130" lon="11.8559500">
    <ele>1592.6</ele>
   </trkpt>
   <trkpt lat="46.5512270" lon="11.8560200">
    <ele>1593.1</ele>
   </trkpt>
   <trkpt lat="46.5512540" lon="11.8561800">
    <ele>1594.0</ele>
   </trkpt>
   <trkpt lat="46.5513010" lon="11.8564140">
    <ele>1595.6</ele>
   </trkpt>
   <trkpt lat="46.5513220" lon="11.8564850">
    <ele>1596.1</ele>
   </trkpt>
   <trkpt lat="46.5513770" lon="11.8566210">
    <ele>1597.2</ele>
   </trkpt>
   <trkpt lat="46.5514610" lon="11.8567290">
    <ele>1598.3</ele>
   </trkpt>
   <trkpt lat="46.5515010" lon="11.8568040">
    <ele>1599.0</ele>
   </trkpt>
   <trkpt lat="46.5515260" lon="11.8568480">
    <ele>1599.4</ele>
   </trkpt>
   <trkpt lat="46.5515940" lon="11.8569520">
    <ele>1600.3</ele>
   </trkpt>
   <trkpt lat="46.5516290" lon="11.8569910">
    <ele>1600.7</ele>
   </trkpt>
   <trkpt lat="46.5516570" lon="11.8570200">
    <ele>1601.1</ele>
   </trkpt>
   <trkpt lat="46.5516910" lon="11.8570500">
    <ele>1601.4</ele>
   </trkpt>
   <trkpt lat="46.5517640" lon="11.8571160">
    <ele>1602.2</ele>
   </trkpt>
   <trkpt lat="46.5518060" lon="11.8571300">
    <ele>1602.6</ele>
   </trkpt>
   <trkpt lat="46.5518470" lon="11.8571330">
    <ele>1603.0</ele>
   </trkpt>
   <trkpt lat="46.5518690" lon="11.8571410">
    <ele>1603.2</ele>
   </trkpt>
   <trkpt lat="46.5519680" lon="11.8571910">
    <ele>1604.2</ele>
   </trkpt>
   <trkpt lat="46.5520980" lon="11.8572340">
    <ele>1605.4</ele>
   </trkpt>
   <trkpt lat="46.5521930" lon="11.8572460">
    <ele>1606.4</ele>
   </trkpt>
   <trkpt lat="46.5522370" lon="11.8572300">
    <ele>1606.9</ele>
   </trkpt>
   <trkpt lat="46.5522770" lon="11.8572180">
    <ele>1607.3</ele>
   </trkpt>
   <trkpt lat="46.5523050" lon="11.8572060">
    <ele>1607.6</ele>
   </trkpt>
   <trkpt lat="46.5523610" lon="11.8571910">
    <ele>1608.2</ele>
   </trkpt>
   <trkpt lat="46.5524050" lon="11.8571780">
    <ele>1608.6</ele>
   </trkpt>
   <trkpt lat="46.5525100" lon="11.8571160">
    <ele>1609.9</ele>
   </trkpt>
   <trkpt lat="46.5526050" lon="11.8570180">
    <ele>1611.1</ele>
   </trkpt>
   <trkpt lat="46.5527470" lon="11.8567710">
    <ele>1613.5</ele>
   </trkpt>
   <trkpt lat="46.5527680" lon="11.8566980">
    <ele>1614.1</ele>
   </trkpt>
   <trkpt lat="46.5527870" lon="11.8566120">
    <ele>1614.7</ele>
   </trkpt>
   <trkpt lat="46.5528230" lon="11.8564070">
    <ele>1616.2</ele>
   </trkpt>
   <trkpt lat="46.5528630" lon="11.8562510">
    <ele>1617.2</ele>
   </trkpt>
   <trkpt lat="46.5528750" lon="11.8561790">
    <ele>1617.7</ele>
   </trkpt>
   <trkpt lat="46.5528940" lon="11.8560350">
    <ele>1618.6</ele>
   </trkpt>
   <trkpt lat="46.5529010" lon="11.8559820">
    <ele>1619.0</ele>
   </trkpt>
   <trkpt lat="46.5529160" lon="11.8557610">
    <ele>1620.4</ele>
   </trkpt>
   <trkpt lat="46.5529450" lon="11.8555340">
    <ele>1621.9</ele>
   </trkpt>
   <trkpt lat="46.5529870" lon="11.8553230">
    <ele>1623.3</ele>
   </trkpt>
   <trkpt lat="46.5530140" lon="11.8551720">
    <ele>1624.3</ele>
   </trkpt>
   <trkpt lat="46.5530450" lon="11.8550180">
    <ele>1625.3</ele>
   </trkpt>
   <trkpt lat="46.5530740" lon="11.8548650">
    <ele>1626.3</ele>
   </trkpt>
   <trkpt lat="46.5530990" lon="11.8547090">
    <ele>1627.3</ele>
   </trkpt>
   <trkpt lat="46.5531130" lon="11.8546340">
    <ele>1627.7</ele>
   </trkpt>
   <trkpt lat="46.5531290" lon="11.8545600">
    <ele>1628.2</ele>
   </trkpt>
   <trkpt lat="46.5531430" lon="11.8544870">
    <ele>1628.7</ele>
   </trkpt>
   <trkpt lat="46.5531680" lon="11.8543370">
    <ele>1629.6</ele>
   </trkpt>
   <trkpt lat="46.5532020" lon="11.8541110">
    <ele>1631.1</ele>
   </trkpt>
   <trkpt lat="46.5532160" lon="11.8540390">
    <ele>1631.6</ele>
   </trkpt>
   <trkpt lat="46.5532480" lon="11.8538930">
    <ele>1632.6</ele>
   </trkpt>
   <trkpt lat="46.5533070" lon="11.8536840">
    <ele>1634.0</ele>
   </trkpt>
   <trkpt lat="46.5533920" lon="11.8534730">
    <ele>1634.4</ele>
   </trkpt>
   <trkpt lat="46.5535110" lon="11.8531680">
    <ele>1635.2</ele>
   </trkpt>
   <trkpt lat="46.5535850" lon="11.8529350">
    <ele>1636.5</ele>
   </trkpt>
   <trkpt lat="46.5536060" lon="11.8528550">
    <ele>1637.0</ele>
   </trkpt>
   <trkpt lat="46.5536450" lon="11.8526870">
    <ele>1637.8</ele>
   </trkpt>
   <trkpt lat="46.5536890" lon="11.8524580">
    <ele>1638.2</ele>
   </trkpt>
   <trkpt lat="46.5537110" lon="11.8523790">
    <ele>1638.3</ele>
   </trkpt>
   <trkpt lat="46.5537240" lon="11.8522960">
    <ele>1638.7</ele>
   </trkpt>
   <trkpt lat="46.5537530" lon="11.8520580">
    <ele>1639.8</ele>
   </trkpt>
   <trkpt lat="46.5537470" lon="11.8517700">
    <ele>1641.1</ele>
   </trkpt>
   <trkpt lat="46.5537270" lon="11.8515970">
    <ele>1642.0</ele>
   </trkpt>
   <trkpt lat="46.5537150" lon="11.8515100">
    <ele>1642.4</ele>
   </trkpt>
   <trkpt lat="46.5536680" lon="11.8512580">
    <ele>1643.6</ele>
   </trkpt>
   <trkpt lat="46.5536030" lon="11.8510300">
    <ele>1644.2</ele>
   </trkpt>
   <trkpt lat="46.5535730" lon="11.8509370">
    <ele>1644.6</ele>
   </trkpt>
   <trkpt lat="46.5535250" lon="11.8508010">
    <ele>1645.3</ele>
   </trkpt>
   <trkpt lat="46.5534630" lon="11.8506340">
    <ele>1646.2</ele>
   </trkpt>
   <trkpt lat="46.5534080" lon="11.8505050">
    <ele>1646.9</ele>
   </trkpt>
   <trkpt lat="46.5533830" lon="11.8504330">
    <ele>1647.3</ele>
   </trkpt>
   <trkpt lat="46.5532950" lon="11.8502090">
    <ele>1648.7</ele>
   </trkpt>
   <trkpt lat="46.5532150" lon="11.8499890">
    <ele>1650.1</ele>
   </trkpt>
   <trkpt lat="46.5531600" lon="11.8498430">
    <ele>1651.1</ele>
   </trkpt>
   <trkpt lat="46.5531450" lon="11.8497770">
    <ele>1651.5</ele>
   </trkpt>
   <trkpt lat="46.5531100" lon="11.8496090">
    <ele>1652.6</ele>
   </trkpt>
   <trkpt lat="46.5530430" lon="11.8493830">
    <ele>1654.1</ele>
   </trkpt>
   <trkpt lat="46.5529770" lon="11.8490500">
    <ele>1656.0</ele>
   </trkpt>
   <trkpt lat="46.5529320" lon="11.8488110">
    <ele>1658.0</ele>
   </trkpt>
   <trkpt lat="46.5529100" lon="11.8486490">
    <ele>1658.5</ele>
   </trkpt>
   <trkpt lat="46.5529080" lon="11.8485750">
    <ele>1658.9</ele>
   </trkpt>
   <trkpt lat="46.5528900" lon="11.8484200">
    <ele>1659.7</ele>
   </trkpt>
   <trkpt lat="46.5528730" lon="11.8482710">
    <ele>1660.5</ele>
   </trkpt>
   <trkpt lat="46.5528710" lon="11.8481970">
    <ele>1660.9</ele>
   </trkpt>
   <trkpt lat="46.5528600" lon="11.8481210">
    <ele>1661.4</ele>
   </trkpt>
   <trkpt lat="46.5528260" lon="11.8479640">
    <ele>1662.2</ele>
   </trkpt>
   <trkpt lat="46.5527860" lon="11.8478070">
    <ele>1662.9</ele>
   </trkpt>
   <trkpt lat="46.5527630" lon="11.8477310">
    <ele>1663.2</ele>
   </trkpt>
   <trkpt lat="46.5526840" lon="11.8475230">
    <ele>1663.9</ele>
   </trkpt>
   <trkpt lat="46.5525590" lon="11.8472490">
    <ele>1665.6</ele>
   </trkpt>
   <trkpt lat="46.5524540" lon="11.8470400">
    <ele>1667.0</ele>
   </trkpt>
   <trkpt lat="46.5523200" lon="11.8467680">
    <ele>1669.2</ele>
   </trkpt>
   <trkpt lat="46.5522200" lon="11.8465680">
    <ele>1670.9</ele>
   </trkpt>
   <trkpt lat="46.5521280" lon="11.8463650">
    <ele>1672.6</ele>
   </trkpt>
   <trkpt lat="46.5520930" lon="11.8463080">
    <ele>1673.2</ele>
   </trkpt>
   <trkpt lat="46.5520530" lon="11.8462560">
    <ele>1673.3</ele>
   </trkpt>
   <trkpt lat="46.5520080" lon="11.8462080">
    <ele>1673.4</ele>
   </trkpt>
   <trkpt lat="46.5519610" lon="11.8461680">
    <ele>1673.4</ele>
   </trkpt>
   <trkpt lat="46.5519090" lon="11.8461320">
    <ele>1673.5</ele>
   </trkpt>
   <trkpt lat="46.5518570" lon="11.8460950">
    <ele>1673.5</ele>
   </trkpt>
   <trkpt lat="46.5517010" lon="11.8459750">
    <ele>1673.7</ele>
   </trkpt>
   <trkpt lat="46.5515450" lon="11.8458700">
    <ele>1674.8</ele>
   </trkpt>
   <trkpt lat="46.5514130" lon="11.8457940">
    <ele>1675.9</ele>
   </trkpt>
   <trkpt lat="46.5511370" lon="11.8456050">
    <ele>1678.5</ele>
   </trkpt>
   <trkpt lat="46.5510840" lon="11.8455630">
    <ele>1678.6</ele>
   </trkpt>
   <trkpt lat="46.5509480" lon="11.8454160">
    <ele>1680.6</ele>
   </trkpt>
   <trkpt lat="46.5508270" lon="11.8452460">
    <ele>1681.5</ele>
   </trkpt>
   <trkpt lat="46.5506940" lon="11.8450790">
    <ele>1681.7</ele>
   </trkpt>
   <trkpt lat="46.5505620" lon="11.8449280">
    <ele>1682.9</ele>
   </trkpt>
   <trkpt lat="46.5505140" lon="11.8448740">
    <ele>1683.4</ele>
   </trkpt>
   <trkpt lat="46.5504320" lon="11.8447710">
    <ele>1684.2</ele>
   </trkpt>
   <trkpt lat="46.5503070" lon="11.8445940">
    <ele>1685.6</ele>
   </trkpt>
   <trkpt lat="46.5502430" lon="11.8444680">
    <ele>1686.4</ele>
   </trkpt>
   <trkpt lat="46.5501910" lon="11.8443520">
    <ele>1687.1</ele>
   </trkpt>
   <trkpt lat="46.5501300" lon="11.8442110">
    <ele>1688.0</ele>
   </trkpt>
   <trkpt lat="46.5500060" lon="11.8439300">
    <ele>1689.8</ele>
   </trkpt>
   <trkpt lat="46.5499650" lon="11.8437760">
    <ele>1690.7</ele>
   </trkpt>
   <trkpt lat="46.5499590" lon="11.8437140">
    <ele>1691.0</ele>
   </trkpt>
   <trkpt lat="46.5499540" lon="11.8436220">
    <ele>1691.5</ele>
   </trkpt>
   <trkpt lat="46.5499680" lon="11.8434580">
    <ele>1692.4</ele>
   </trkpt>
   <trkpt lat="46.5499950" lon="11.8432290">
    <ele>1693.6</ele>
   </trkpt>
   <trkpt lat="46.5500220" lon="11.8430190">
    <ele>1694.8</ele>
   </trkpt>
   <trkpt lat="46.5500360" lon="11.8427760">
    <ele>1696.1</ele>
   </trkpt>
   <trkpt lat="46.5500310" lon="11.8427140">
    <ele>1696.4</ele>
   </trkpt>
   <trkpt lat="46.5499930" lon="11.8424760">
    <ele>1697.8</ele>
   </trkpt>
   <trkpt lat="46.5499540" lon="11.8423560">
    <ele>1698.6</ele>
   </trkpt>
   <trkpt lat="46.5499230" lon="11.8422920">
    <ele>1699.0</ele>
   </trkpt>
   <trkpt lat="46.5498850" lon="11.8422300">
    <ele>1699.4</ele>
   </trkpt>
   <trkpt lat="46.5497970" lon="11.8421050">
    <ele>1700.4</ele>
   </trkpt>
   <trkpt lat="46.5496710" lon="11.8419650">
    <ele>1701.6</ele>
   </trkpt>
   <trkpt lat="46.5495790" lon="11.8418520">
    <ele>1702.6</ele>
   </trkpt>
   <trkpt lat="46.5495350" lon="11.8418000">
    <ele>1703.0</ele>
   </trkpt>
   <trkpt lat="46.5494170" lon="11.8416220">
    <ele>1704.4</ele>
   </trkpt>
   <trkpt lat="46.5493500" lon="11.8415110">
    <ele>1705.2</ele>
   </trkpt>
   <trkpt lat="46.5493140" lon="11.8414540">
    <ele>1705.6</ele>
   </trkpt>
   <trkpt lat="46.5492010" lon="11.8412820">
    <ele>1706.9</ele>
   </trkpt>
   <trkpt lat="46.5491660" lon="11.8412140">
    <ele>1707.4</ele>
   </trkpt>
   <trkpt lat="46.5491010" lon="11.8410740">
    <ele>1708.3</ele>
   </trkpt>
   <trkpt lat="46.5490670" lon="11.8410070">
    <ele>1708.8</ele>
   </trkpt>
   <trkpt lat="46.5490310" lon="11.8409330">
    <ele>1709.2</ele>
   </trkpt>
   <trkpt lat="46.5489880" lon="11.8408160">
    <ele>1709.9</ele>
   </trkpt>
   <trkpt lat="46.5489630" lon="11.8407420">
    <ele>1710.4</ele>
   </trkpt>
   <trkpt lat="46.5489060" lon="11.8405860">
    <ele>1711.3</ele>
   </trkpt>
   <trkpt lat="46.5488390" lon="11.8404410">
    <ele>1712.2</ele>
   </trkpt>
   <trkpt lat="46.5488150" lon="11.8403720">
    <ele>1712.6</ele>
   </trkpt>
   <trkpt lat="46.5487550" lon="11.8401740">
    <ele>1713.8</ele>
   </trkpt>
   <trkpt lat="46.5487240" lon="11.8400870">
    <ele>1714.3</ele>
   </trkpt>
   <trkpt lat="46.5487070" lon="11.8400150">
    <ele>1714.7</ele>
   </trkpt>
   <trkpt lat="46.5486960" lon="11.8399530">
    <ele>1715.0</ele>
   </trkpt>
   <trkpt lat="46.5486880" lon="11.8398610">
    <ele>1715.5</ele>
   </trkpt>
   <trkpt lat="46.5486960" lon="11.8397110">
    <ele>1716.3</ele>
   </trkpt>
   <trkpt lat="46.5487070" lon="11.8396360">
    <ele>1716.7</ele>
   </trkpt>
   <trkpt lat="46.5487410" lon="11.8394250">
    <ele>1717.8</ele>
   </trkpt>
   <trkpt lat="46.5487630" lon="11.8391670">
    <ele>1719.1</ele>
   </trkpt>
   <trkpt lat="46.5487740" lon="11.8390320">
    <ele>1719.8</ele>
   </trkpt>
   <trkpt lat="46.5487730" lon="11.8389480">
    <ele>1720.2</ele>
   </trkpt>
   <trkpt lat="46.5487820" lon="11.8387960">
    <ele>1721.0</ele>
   </trkpt>
   <trkpt lat="46.5488070" lon="11.8386470">
    <ele>1721.8</ele>
   </trkpt>
   <trkpt lat="46.5488230" lon="11.8385320">
    <ele>1722.4</ele>
   </trkpt>
   <trkpt lat="46.5488440" lon="11.8383790">
    <ele>1723.2</ele>
   </trkpt>
   <trkpt lat="46.5488620" lon="11.8380790">
    <ele>1725.8</ele>
   </trkpt>
   <trkpt lat="46.5488750" lon="11.8378670">
    <ele>1727.7</ele>
   </trkpt>
   <trkpt lat="46.5489200" lon="11.8377170">
    <ele>1729.1</ele>
   </trkpt>
   <trkpt lat="46.5490080" lon="11.8376550">
    <ele>1730.4</ele>
   </trkpt>
   <trkpt lat="46.5490520" lon="11.8376770">
    <ele>1730.6</ele>
   </trkpt>
   <trkpt lat="46.5490760" lon="11.8377200">
    <ele>1730.8</ele>
   </trkpt>
   <trkpt lat="46.5490850" lon="11.8377880">
    <ele>1731.0</ele>
   </trkpt>
   <trkpt lat="46.5490780" lon="11.8378590">
    <ele>1731.2</ele>
   </trkpt>
   <trkpt lat="46.5490520" lon="11.8380120">
    <ele>1731.7</ele>
   </trkpt>
   <trkpt lat="46.5490220" lon="11.8381840">
    <ele>1732.3</ele>
   </trkpt>
   <trkpt lat="46.5490110" lon="11.8382670">
    <ele>1732.5</ele>
   </trkpt>
   <trkpt lat="46.5489980" lon="11.8384420">
    <ele>1733.1</ele>
   </trkpt>
   <trkpt lat="46.5490010" lon="11.8385300">
    <ele>1733.5</ele>
   </trkpt>
   <trkpt lat="46.5490230" lon="11.8387090">
    <ele>1734.2</ele>
   </trkpt>
   <trkpt lat="46.5490530" lon="11.8389490">
    <ele>1735.4</ele>
   </trkpt>
   <trkpt lat="46.5490690" lon="11.8391000">
    <ele>1736.1</ele>
   </trkpt>
   <trkpt lat="46.5490860" lon="11.8391760">
    <ele>1736.5</ele>
   </trkpt>
   <trkpt lat="46.5491070" lon="11.8392350">
    <ele>1736.8</ele>
   </trkpt>
   <trkpt lat="46.5491390" lon="11.8393060">
    <ele>1737.2</ele>
   </trkpt>
   <trkpt lat="46.5492070" lon="11.8394280">
    <ele>1737.9</ele>
   </trkpt>
   <trkpt lat="46.5492390" lon="11.8394980">
    <ele>1738.3</ele>
   </trkpt>
   <trkpt lat="46.5492820" lon="11.8396480">
    <ele>1739.1</ele>
   </trkpt>
   <trkpt lat="46.5493220" lon="11.8398530">
    <ele>1740.2</ele>
   </trkpt>
   <trkpt lat="46.5493290" lon="11.8399290">
    <ele>1740.5</ele>
   </trkpt>
   <trkpt lat="46.5493500" lon="11.8401020">
    <ele>1741.4</ele>
   </trkpt>
   <trkpt lat="46.5493910" lon="11.8401580">
    <ele>1741.9</ele>
   </trkpt>
   <trkpt lat="46.5494410" lon="11.8401850">
    <ele>1742.3</ele>
   </trkpt>
   <trkpt lat="46.5494930" lon="11.8401780">
    <ele>1742.3</ele>
   </trkpt>
   <trkpt lat="46.5495280" lon="11.8401410">
    <ele>1742.2</ele>
   </trkpt>
   <trkpt lat="46.5495440" lon="11.8399710">
    <ele>1742.8</ele>
   </trkpt>
   <trkpt lat="46.5495050" lon="11.8397090">
    <ele>1743.9</ele>
   </trkpt>
   <trkpt lat="46.5494960" lon="11.8396270">
    <ele>1744.3</ele>
   </trkpt>
   <trkpt lat="46.5494840" lon="11.8394630">
    <ele>1745.1</ele>
   </trkpt>
   <trkpt lat="46.5494570" lon="11.8392080">
    <ele>1746.5</ele>
   </trkpt>
   <trkpt lat="46.5494310" lon="11.8388770">
    <ele>1748.5</ele>
   </trkpt>
   <trkpt lat="46.5494010" lon="11.8386280">
    <ele>1750.1</ele>
   </trkpt>
   <trkpt lat="46.5493990" lon="11.8385430">
    <ele>1750.6</ele>
   </trkpt>
   <trkpt lat="46.5494130" lon="11.8383830">
    <ele>1751.6</ele>
   </trkpt>
   <trkpt lat="46.5494300" lon="11.8383030">
    <ele>1752.1</ele>
   </trkpt>
   <trkpt lat="46.5494440" lon="11.8382160">
    <ele>1752.6</ele>
   </trkpt>
   <trkpt lat="46.5494480" lon="11.8381330">
    <ele>1753.2</ele>
   </trkpt>
   <trkpt lat="46.5494630" lon="11.8378890">
    <ele>1754.7</ele>
   </trkpt>
   <trkpt lat="46.5494730" lon="11.8377230">
    <ele>1755.8</ele>
   </trkpt>
   <trkpt lat="46.5494840" lon="11.8376470">
    <ele>1756.2</ele>
   </trkpt>
   <trkpt lat="46.5494950" lon="11.8375710">
    <ele>1756.7</ele>
   </trkpt>
   <trkpt lat="46.5495030" lon="11.8375120">
    <ele>1757.1</ele>
   </trkpt>
   <trkpt lat="46.5495250" lon="11.8373430">
    <ele>1758.1</ele>
   </trkpt>
   <trkpt lat="46.5495590" lon="11.8371050">
    <ele>1759.4</ele>
   </trkpt>
   <trkpt lat="46.5496030" lon="11.8368450">
    <ele>1760.7</ele>
   </trkpt>
   <trkpt lat="46.5496180" lon="11.8367700">
    <ele>1761.1</ele>
   </trkpt>
   <trkpt lat="46.5496430" lon="11.8365730">
    <ele>1762.1</ele>
   </trkpt>
   <trkpt lat="46.5496780" lon="11.8363340">
    <ele>1763.3</ele>
   </trkpt>
   <trkpt lat="46.5496880" lon="11.8362310">
    <ele>1763.8</ele>
   </trkpt>
   <trkpt lat="46.5496930" lon="11.8360590">
    <ele>1764.7</ele>
   </trkpt>
   <trkpt lat="46.5496630" lon="11.8358060">
    <ele>1766.1</ele>
   </trkpt>
   <trkpt lat="46.5496610" lon="11.8357300">
    <ele>1766.5</ele>
   </trkpt>
   <trkpt lat="46.5496870" lon="11.8355610">
    <ele>1767.5</ele>
   </trkpt>
   <trkpt lat="46.5497310" lon="11.8353280">
    <ele>1768.8</ele>
   </trkpt>
   <trkpt lat="46.5497630" lon="11.8350030">
    <ele>1770.7</ele>
   </trkpt>
   <trkpt lat="46.5497620" lon="11.8349200">
    <ele>1771.1</ele>
   </trkpt>
   <trkpt lat="46.5497560" lon="11.8348390">
    <ele>1771.6</ele>
   </trkpt>
   <trkpt lat="46.5497260" lon="11.8345870">
    <ele>1773.0</ele>
   </trkpt>
   <trkpt lat="46.5496980" lon="11.8344180">
    <ele>1774.0</ele>
   </trkpt>
   <trkpt lat="46.5496910" lon="11.8343470">
    <ele>1774.4</ele>
   </trkpt>
   <trkpt lat="46.5496620" lon="11.8341080">
    <ele>1775.8</ele>
   </trkpt>
   <trkpt lat="46.5496380" lon="11.8339230">
    <ele>1776.8</ele>
   </trkpt>
   <trkpt lat="46.5496140" lon="11.8337630">
    <ele>1777.7</ele>
   </trkpt>
   <trkpt lat="46.5496030" lon="11.8336860">
    <ele>1778.2</ele>
   </trkpt>
   <trkpt lat="46.5495670" lon="11.8334410">
    <ele>1779.6</ele>
   </trkpt>
   <trkpt lat="46.5495340" lon="11.8332010">
    <ele>1781.1</ele>
   </trkpt>
   <trkpt lat="46.5495250" lon="11.8331370">
    <ele>1781.5</ele>
   </trkpt>
   <trkpt lat="46.5494850" lon="11.8329080">
    <ele>1782.9</ele>
   </trkpt>
   <trkpt lat="46.5494320" lon="11.8326920">
    <ele>1784.2</ele>
   </trkpt>
   <trkpt lat="46.5493730" lon="11.8324990">
    <ele>1785.5</ele>
   </trkpt>
   <trkpt lat="46.5492760" lon="11.8322280">
    <ele>1787.2</ele>
   </trkpt>
   <trkpt lat="46.5491950" lon="11.8320070">
    <ele>1788.6</ele>
   </trkpt>
   <trkpt lat="46.5491130" lon="11.8318000">
    <ele>1790.0</ele>
   </trkpt>
   <trkpt lat="46.5490820" lon="11.8317110">
    <ele>1790.6</ele>
   </trkpt>
   <trkpt lat="46.5490460" lon="11.8315520">
    <ele>1791.6</ele>
   </trkpt>
   <trkpt lat="46.5490000" lon="11.8312490">
    <ele>1793.6</ele>
   </trkpt>
   <trkpt lat="46.5489490" lon="11.8309350">
    <ele>1795.7</ele>
   </trkpt>
   <trkpt lat="46.5489230" lon="11.8307100">
    <ele>1797.2</ele>
   </trkpt>
   <trkpt lat="46.5489130" lon="11.8306310">
    <ele>1797.7</ele>
   </trkpt>
   <trkpt lat="46.5488940" lon="11.8304540">
    <ele>1798.9</ele>
   </trkpt>
   <trkpt lat="46.5488940" lon="11.8303780">
    <ele>1799.4</ele>
   </trkpt>
   <trkpt lat="46.5489140" lon="11.8303250">
    <ele>1799.8</ele>
   </trkpt>
   <trkpt lat="46.5489590" lon="11.8302850">
    <ele>1800.2</ele>
   </trkpt>
   <trkpt lat="46.5490220" lon="11.8303010">
    <ele>1800.5</ele>
   </trkpt>
   <trkpt lat="46.5491090" lon="11.8304370">
    <ele>1801.1</ele>
   </trkpt>
   <trkpt lat="46.5491310" lon="11.8305010">
    <ele>1801.3</ele>
   </trkpt>
   <trkpt lat="46.5492040" lon="11.8306690">
    <ele>1801.9</ele>
   </trkpt>
   <trkpt lat="46.5492880" lon="11.8308630">
    <ele>1802.9</ele>
   </trkpt>
   <trkpt lat="46.5493280" lon="11.8309350">
    <ele>1803.4</ele>
   </trkpt>
   <trkpt lat="46.5493640" lon="11.8309950">
    <ele>1803.7</ele>
   </trkpt>
   <trkpt lat="46.5495120" lon="11.8312570">
    <ele>1805.3</ele>
   </trkpt>
   <trkpt lat="46.5495930" lon="11.8313910">
    <ele>1806.2</ele>
   </trkpt>
   <trkpt lat="46.5496230" lon="11.8314630">
    <ele>1806.6</ele>
   </trkpt>
   <trkpt lat="46.5497270" lon="11.8316570">
    <ele>1807.7</ele>
   </trkpt>
   <trkpt lat="46.5498400" lon="11.8318460">
    <ele>1808.9</ele>
   </trkpt>
   <trkpt lat="46.5498760" lon="11.8319120">
    <ele>1809.3</ele>
   </trkpt>
   <trkpt lat="46.5499520" lon="11.8320450">
    <ele>1810.2</ele>
   </trkpt>
   <trkpt lat="46.5500970" lon="11.8322960">
    <ele>1811.9</ele>
   </trkpt>
   <trkpt lat="46.5502050" lon="11.8324740">
    <ele>1813.2</ele>
   </trkpt>
   <trkpt lat="46.5502320" lon="11.8325200">
    <ele>1813.5</ele>
   </trkpt>
   <trkpt lat="46.5502790" lon="11.8325920">
    <ele>1814.0</ele>
   </trkpt>
   <trkpt lat="46.5503940" lon="11.8327670">
    <ele>1815.2</ele>
   </trkpt>
   <trkpt lat="46.5504960" lon="11.8329300">
    <ele>1816.4</ele>
   </trkpt>
   <trkpt lat="46.5505290" lon="11.8329820">
    <ele>1816.8</ele>
   </trkpt>
   <trkpt lat="46.5505950" lon="11.8330930">
    <ele>1817.6</ele>
   </trkpt>
   <trkpt lat="46.5506630" lon="11.8332190">
    <ele>1818.4</ele>
   </trkpt>
   <trkpt lat="46.5506940" lon="11.8332920">
    <ele>1818.9</ele>
   </trkpt>
   <trkpt lat="46.5507620" lon="11.8334340">
    <ele>1819.8</ele>
   </trkpt>
   <trkpt lat="46.5508030" lon="11.8334880">
    <ele>1820.2</ele>
   </trkpt>
   <trkpt lat="46.5508540" lon="11.8335190">
    <ele>1820.6</ele>
   </trkpt>
   <trkpt lat="46.5509110" lon="11.8335150">
    <ele>1820.9</ele>
   </trkpt>
   <trkpt lat="46.5509550" lon="11.8334610">
    <ele>1821.2</ele>
   </trkpt>
   <trkpt lat="46.5509700" lon="11.8333800">
    <ele>1821.5</ele>
   </trkpt>
   <trkpt lat="46.5509570" lon="11.8332950">
    <ele>1821.7</ele>
   </trkpt>
   <trkpt lat="46.5509250" lon="11.8332210">
    <ele>1822.0</ele>
   </trkpt>
   <trkpt lat="46.5508010" lon="11.8329860">
    <ele>1822.8</ele>
   </trkpt>
   <trkpt lat="46.5506530" lon="11.8326840">
    <ele>1824.4</ele>
   </trkpt>
   <trkpt lat="46.5506270" lon="11.8326060">
    <ele>1824.7</ele>
   </trkpt>
   <trkpt lat="46.5505840" lon="11.8324560">
    <ele>1825.5</ele>
   </trkpt>
   <trkpt lat="46.5505590" lon="11.8322650">
    <ele>1826.4</ele>
   </trkpt>
   <trkpt lat="46.5505500" lon="11.8321750">
    <ele>1826.9</ele>
   </trkpt>
   <trkpt lat="46.5505190" lon="11.8319290">
    <ele>1828.1</ele>
   </trkpt>
   <trkpt lat="46.5504810" lon="11.8316920">
    <ele>1829.5</ele>
   </trkpt>
   <trkpt lat="46.5504530" lon="11.8314290">
    <ele>1831.0</ele>
   </trkpt>
   <trkpt lat="46.5504060" lon="11.8311690">
    <ele>1832.5</ele>
   </trkpt>
   <trkpt lat="46.5503640" lon="11.8309340">
    <ele>1833.8</ele>
   </trkpt>
   <trkpt lat="46.5503400" lon="11.8307980">
    <ele>1834.5</ele>
   </trkpt>
   <trkpt lat="46.5503230" lon="11.8307050">
    <ele>1835.0</ele>
   </trkpt>
   <trkpt lat="46.5502980" lon="11.8305530">
    <ele>1835.9</ele>
   </trkpt>
   <trkpt lat="46.5502430" lon="11.8302580">
    <ele>1837.4</ele>
   </trkpt>
   <trkpt lat="46.5502160" lon="11.8301280">
    <ele>1838.0</ele>
   </trkpt>
   <trkpt lat="46.5501950" lon="11.8300390">
    <ele>1838.5</ele>
   </trkpt>
   <trkpt lat="46.5501390" lon="11.8297980">
    <ele>1839.8</ele>
   </trkpt>
   <trkpt lat="46.5501090" lon="11.8296470">
    <ele>1840.6</ele>
   </trkpt>
   <trkpt lat="46.5500960" lon="11.8295700">
    <ele>1841.0</ele>
   </trkpt>
   <trkpt lat="46.5500490" lon="11.8293440">
    <ele>1842.2</ele>
   </trkpt>
   <trkpt lat="46.5500090" lon="11.8291140">
    <ele>1843.5</ele>
   </trkpt>
   <trkpt lat="46.5499790" lon="11.8289640">
    <ele>1844.3</ele>
   </trkpt>
   <trkpt lat="46.5499650" lon="11.8288850">
    <ele>1844.7</ele>
   </trkpt>
   <trkpt lat="46.5499420" lon="11.8286450">
    <ele>1846.0</ele>
   </trkpt>
   <trkpt lat="46.5499260" lon="11.8284890">
    <ele>1846.8</ele>
   </trkpt>
   <trkpt lat="46.5499120" lon="11.8283360">
    <ele>1847.6</ele>
   </trkpt>
   <trkpt lat="46.5498880" lon="11.8281160">
    <ele>1848.7</ele>
   </trkpt>
   <trkpt lat="46.5498500" lon="11.8278780">
    <ele>1849.9</ele>
   </trkpt>
   <trkpt lat="46.5498390" lon="11.8277810">
    <ele>1850.4</ele>
   </trkpt>
   <trkpt lat="46.5498260" lon="11.8276280">
    <ele>1851.1</ele>
   </trkpt>
   <trkpt lat="46.5498030" lon="11.8274880">
    <ele>1851.9</ele>
   </trkpt>
   <trkpt lat="46.5497830" lon="11.8273870">
    <ele>1852.5</ele>
   </trkpt>
   <trkpt lat="46.5497310" lon="11.8271390">
    <ele>1853.9</ele>
   </trkpt>
   <trkpt lat="46.5497010" lon="11.8269830">
    <ele>1854.8</ele>
   </trkpt>
   <trkpt lat="46.5496920" lon="11.8269010">
    <ele>1855.2</ele>
   </trkpt>
   <trkpt lat="46.5496690" lon="11.8268210">
    <ele>1855.7</ele>
   </trkpt>
   <trkpt lat="46.5496460" lon="11.8267600">
    <ele>1856.1</ele>
   </trkpt>
   <trkpt lat="46.5495500" lon="11.8265580">
    <ele>1857.5</ele>
   </trkpt>
   <trkpt lat="46.5494830" lon="11.8264140">
    <ele>1858.5</ele>
   </trkpt>
   <trkpt lat="46.5494810" lon="11.8262680">
    <ele>1859.3</ele>
   </trkpt>
   <trkpt lat="46.5495790" lon="11.8262560">
    <ele>1859.9</ele>
   </trkpt>
   <trkpt lat="46.5496130" lon="11.8263010">
    <ele>1860.1</ele>
   </trkpt>
   <trkpt lat="46.5496960" lon="11.8264670">
    <ele>1860.9</ele>
   </trkpt>
   <trkpt lat="46.5497300" lon="11.8265420">
    <ele>1861.2</ele>
   </trkpt>
   <trkpt lat="46.5497960" lon="11.8266820">
    <ele>1861.8</ele>
   </trkpt>
   <trkpt lat="46.5498350" lon="11.8267590">
    <ele>1862.2</ele>
   </trkpt>
   <trkpt lat="46.5498720" lon="11.8268390">
    <ele>1862.7</ele>
   </trkpt>
   <trkpt lat="46.5499090" lon="11.8269280">
    <ele>1863.2</ele>
   </trkpt>
   <trkpt lat="46.5499970" lon="11.8271620">
    <ele>1864.7</ele>
   </trkpt>
   <trkpt lat="46.5500650" lon="11.8273650">
    <ele>1865.9</ele>
   </trkpt>
   <trkpt lat="46.5500930" lon="11.8274390">
    <ele>1866.4</ele>
   </trkpt>
   <trkpt lat="46.5501420" lon="11.8276130">
    <ele>1867.4</ele>
   </trkpt>
   <trkpt lat="46.5502360" lon="11.8279040">
    <ele>1869.2</ele>
   </trkpt>
   <trkpt lat="46.5503060" lon="11.8281320">
    <ele>1870.6</ele>
   </trkpt>
   <trkpt lat="46.5503680" lon="11.8283770">
    <ele>1872.1</ele>
   </trkpt>
   <trkpt lat="46.5504170" lon="11.8285750">
    <ele>1873.4</ele>
   </trkpt>
   <trkpt lat="46.5504620" lon="11.8286450">
    <ele>1874.0</ele>
   </trkpt>
   <trkpt lat="46.5505030" lon="11.8286620">
    <ele>1874.3</ele>
   </trkpt>
   <trkpt lat="46.5505520" lon="11.8286350">
    <ele>1874.6</ele>
   </trkpt>
   <trkpt lat="46.5506070" lon="11.8284680">
    <ele>1875.2</ele>
   </trkpt>
   <trkpt lat="46.5506010" lon="11.8283810">
    <ele>1875.4</ele>
   </trkpt>
   <trkpt lat="46.5505860" lon="11.8282910">
    <ele>1875.7</ele>
   </trkpt>
   <trkpt lat="46.5505700" lon="11.8282070">
    <ele>1876.0</ele>
   </trkpt>
   <trkpt lat="46.5505550" lon="11.8281380">
    <ele>1876.3</ele>
   </trkpt>
   <trkpt lat="46.5504580" lon="11.8276970">
    <ele>1878.5</ele>
   </trkpt>
   <trkpt lat="46.5504040" lon="11.8274440">
    <ele>1879.9</ele>
   </trkpt>
   <trkpt lat="46.5503660" lon="11.8272990">
    <ele>1880.8</ele>
   </trkpt>
   <trkpt lat="46.5503040" lon="11.8270300">
    <ele>1882.4</ele>
   </trkpt>
   <trkpt lat="46.5502760" lon="11.8268640">
    <ele>1883.5</ele>
   </trkpt>
   <trkpt lat="46.5502570" lon="11.8267770">
    <ele>1884.0</ele>
   </trkpt>
   <trkpt lat="46.5502370" lon="11.8266980">
    <ele>1884.5</ele>
   </trkpt>
   <trkpt lat="46.5501990" lon="11.8265450">
    <ele>1885.5</ele>
   </trkpt>
   <trkpt lat="46.5501490" lon="11.8263970">
    <ele>1886.4</ele>
   </trkpt>
   <trkpt lat="46.5501290" lon="11.8263240">
    <ele>1886.9</ele>
   </trkpt>
   <trkpt lat="46.5500680" lon="11.8261110">
    <ele>1888.4</ele>
   </trkpt>
   <trkpt lat="46.5500310" lon="11.8258880">
    <ele>1889.8</ele>
   </trkpt>
   <trkpt lat="46.5499920" lon="11.8257380">
    <ele>1890.8</ele>
   </trkpt>
   <trkpt lat="46.5499550" lon="11.8255760">
    <ele>1891.9</ele>
   </trkpt>
   <trkpt lat="46.5499160" lon="11.8253520">
    <ele>1893.4</ele>
   </trkpt>
   <trkpt lat="46.5498590" lon="11.8251550">
    <ele>1894.7</ele>
   </trkpt>
   <trkpt lat="46.5497980" lon="11.8248910">
    <ele>1896.6</ele>
   </trkpt>
   <trkpt lat="46.5497840" lon="11.8248040">
    <ele>1897.2</ele>
   </trkpt>
   <trkpt lat="46.5497620" lon="11.8247160">
    <ele>1897.9</ele>
   </trkpt>
   <trkpt lat="46.5497420" lon="11.8246530">
    <ele>1898.4</ele>
   </trkpt>
   <trkpt lat="46.5497010" lon="11.8245820">
    <ele>1898.8</ele>
   </trkpt>
   <trkpt lat="46.5496520" lon="11.8245410">
    <ele>1899.2</ele>
   </trkpt>
   <trkpt lat="46.5495960" lon="11.8245090">
    <ele>1899.6</ele>
   </trkpt>
   <trkpt lat="46.5495370" lon="11.8244930">
    <ele>1900.0</ele>
   </trkpt>
   <trkpt lat="46.5493640" lon="11.8244760">
    <ele>1901.0</ele>
   </trkpt>
   <trkpt lat="46.5492440" lon="11.8244930">
    <ele>1901.7</ele>
   </trkpt>
   <trkpt lat="46.5491860" lon="11.8245000">
    <ele>1902.0</ele>
   </trkpt>
   <trkpt lat="46.5491300" lon="11.8245020">
    <ele>1902.3</ele>
   </trkpt>
   <trkpt lat="46.5489670" lon="11.8244860">
    <ele>1903.4</ele>
   </trkpt>
   <trkpt lat="46.5489010" lon="11.8244530">
    <ele>1903.9</ele>
   </trkpt>
   <trkpt lat="46.5488530" lon="11.8244050">
    <ele>1904.4</ele>
   </trkpt>
   <trkpt lat="46.5487720" lon="11.8242960">
    <ele>1905.4</ele>
   </trkpt>
   <trkpt lat="46.5487300" lon="11.8242480">
    <ele>1905.8</ele>
   </trkpt>
   <trkpt lat="46.5486400" lon="11.8241640">
    <ele>1906.7</ele>
   </trkpt>
   <trkpt lat="46.5485080" lon="11.8240650">
    <ele>1908.0</ele>
   </trkpt>
   <trkpt lat="46.5484030" lon="11.8240110">
    <ele>1909.1</ele>
   </trkpt>
   <trkpt lat="46.5483010" lon="11.8239710">
    <ele>1910.0</ele>
   </trkpt>
   <trkpt lat="46.5481990" lon="11.8239190">
    <ele>1910.9</ele>
   </trkpt>
   <trkpt lat="46.5481790" lon="11.8238640">
    <ele>1911.2</ele>
   </trkpt>
   <trkpt lat="46.5481920" lon="11.8237990">
    <ele>1911.5</ele>
   </trkpt>
   <trkpt lat="46.5482310" lon="11.8237490">
    <ele>1911.8</ele>
   </trkpt>
   <trkpt lat="46.5482870" lon="11.8237130">
    <ele>1912.2</ele>
   </trkpt>
   <trkpt lat="46.5483350" lon="11.8236860">
    <ele>1912.5</ele>
   </trkpt>
   <trkpt lat="46.5485270" lon="11.8235850">
    <ele>1913.7</ele>
   </trkpt>
   <trkpt lat="46.5485870" lon="11.8235630">
    <ele>1914.1</ele>
   </trkpt>
   <trkpt lat="46.5487080" lon="11.8235430">
    <ele>1914.9</ele>
   </trkpt>
   <trkpt lat="46.5488370" lon="11.8235630">
    <ele>1915.8</ele>
   </trkpt>
   <trkpt lat="46.5489380" lon="11.8236430">
    <ele>1916.7</ele>
   </trkpt>
   <trkpt lat="46.5489930" lon="11.8236940">
    <ele>1917.3</ele>
   </trkpt>
   <trkpt lat="46.5491380" lon="11.8238360">
    <ele>1918.8</ele>
   </trkpt>
   <trkpt lat="46.5492490" lon="11.8238830">
    <ele>1919.8</ele>
   </trkpt>
   <trkpt lat="46.5493000" lon="11.8238570">
    <ele>1920.2</ele>
   </trkpt>
   <trkpt lat="46.5493300" lon="11.8237950">
    <ele>1920.4</ele>
   </trkpt>
   <trkpt lat="46.5493240" lon="11.8237170">
    <ele>1920.6</ele>
   </trkpt>
   <trkpt lat="46.5492950" lon="11.8236390">
    <ele>1920.9</ele>
   </trkpt>
   <trkpt lat="46.5492290" lon="11.8234890">
    <ele>1921.3</ele>
   </trkpt>
   <trkpt lat="46.5491110" lon="11.8232750">
    <ele>1922.2</ele>
   </trkpt>
   <trkpt lat="46.5490600" lon="11.8232210">
    <ele>1922.6</ele>
   </trkpt>
   <trkpt lat="46.5490070" lon="11.8231830">
    <ele>1923.0</ele>
   </trkpt>
   <trkpt lat="46.5489480" lon="11.8231530">
    <ele>1923.4</ele>
   </trkpt>
   <trkpt lat="46.5488250" lon="11.8231210">
    <ele>1924.2</ele>
   </trkpt>
   <trkpt lat="46.5486490" lon="11.8231260">
    <ele>1925.5</ele>
   </trkpt>
   <trkpt lat="46.5485930" lon="11.8231150">
    <ele>1925.9</ele>
   </trkpt>
   <trkpt lat="46.5484790" lon="11.8230610">
    <ele>1926.8</ele>
   </trkpt>
   <trkpt lat="46.5483720" lon="11.8229800">
    <ele>1927.9</ele>
   </trkpt>
   <trkpt lat="46.5482860" lon="11.8228930">
    <ele>1928.8</ele>
   </trkpt>
   <trkpt lat="46.5482410" lon="11.8228380">
    <ele>1929.3</ele>
   </trkpt>
   <trkpt lat="46.5481900" lon="11.8227960">
    <ele>1929.8</ele>
   </trkpt>
   <trkpt lat="46.5480780" lon="11.8227690">
    <ele>1930.7</ele>
   </trkpt>
   <trkpt lat="46.5480270" lon="11.8227820">
    <ele>1931.1</ele>
   </trkpt>
   <trkpt lat="46.5479770" lon="11.8228060">
    <ele>1931.4</ele>
   </trkpt>
   <trkpt lat="46.5479280" lon="11.8228410">
    <ele>1931.7</ele>
   </trkpt>
   <trkpt lat="46.5478760" lon="11.8228730">
    <ele>1932.1</ele>
   </trkpt>
   <trkpt lat="46.5478190" lon="11.8228920">
    <ele>1932.5</ele>
   </trkpt>
   <trkpt lat="46.5477680" lon="11.8228810">
    <ele>1932.8</ele>
   </trkpt>
   <trkpt lat="46.5477330" lon="11.8228520">
    <ele>1933.1</ele>
   </trkpt>
   <trkpt lat="46.5477510" lon="11.8227510">
    <ele>1933.7</ele>
   </trkpt>
   <trkpt lat="46.5479250" lon="11.8224760">
    <ele>1936.2</ele>
   </trkpt>
   <trkpt lat="46.5480270" lon="11.8222880">
    <ele>1937.9</ele>
   </trkpt>
   <trkpt lat="46.5480650" lon="11.8222390">
    <ele>1938.4</ele>
   </trkpt>
   <trkpt lat="46.5481130" lon="11.8222060">
    <ele>1938.9</ele>
   </trkpt>
   <trkpt lat="46.5481690" lon="11.8221990">
    <ele>1939.4</ele>
   </trkpt>
   <trkpt lat="46.5482940" lon="11.8222450">
    <ele>1940.5</ele>
   </trkpt>
   <trkpt lat="46.5484000" lon="11.8222830">
    <ele>1941.3</ele>
   </trkpt>
   <trkpt lat="46.5485310" lon="11.8223150">
    <ele>1942.3</ele>
   </trkpt>
   <trkpt lat="46.5485900" lon="11.8223240">
    <ele>1942.8</ele>
   </trkpt>
   <trkpt lat="46.5486410" lon="11.8223360">
    <ele>1943.3</ele>
   </trkpt>
   <trkpt lat="46.5487000" lon="11.8223560">
    <ele>1943.8</ele>
   </trkpt>
   <trkpt lat="46.5488130" lon="11.8223700">
    <ele>1944.9</ele>
   </trkpt>
   <trkpt lat="46.5488680" lon="11.8223590">
    <ele>1945.5</ele>
   </trkpt>
   <trkpt lat="46.5488930" lon="11.8223420">
    <ele>1945.8</ele>
   </trkpt>
   <trkpt lat="46.5489170" lon="11.8223250">
    <ele>1946.0</ele>
   </trkpt>
   <trkpt lat="46.5489520" lon="11.8222690">
    <ele>1946.5</ele>
   </trkpt>
   <trkpt lat="46.5489740" lon="11.8221250">
    <ele>1947.4</ele>
   </trkpt>
   <trkpt lat="46.5489210" lon="11.8219910">
    <ele>1948.1</ele>
   </trkpt>
   <trkpt lat="46.5488790" lon="11.8219420">
    <ele>1948.5</ele>
   </trkpt>
   <trkpt lat="46.5488350" lon="11.8218990">
    <ele>1948.9</ele>
   </trkpt>
   <trkpt lat="46.5486890" lon="11.8217770">
    <ele>1950.2</ele>
   </trkpt>
   <trkpt lat="46.5486410" lon="11.8217380">
    <ele>1950.6</ele>
   </trkpt>
   <trkpt lat="46.5485910" lon="11.8217090">
    <ele>1951.0</ele>
   </trkpt>
   <trkpt lat="46.5484700" lon="11.8216570">
    <ele>1951.9</ele>
   </trkpt>
   <trkpt lat="46.5484140" lon="11.8216370">
    <ele>1952.3</ele>
   </trkpt>
   <trkpt lat="46.5483030" lon="11.8216130">
    <ele>1953.1</ele>
   </trkpt>
   <trkpt lat="46.5481900" lon="11.8215950">
    <ele>1953.9</ele>
   </trkpt>
   <trkpt lat="46.5480710" lon="11.8215790">
    <ele>1954.7</ele>
   </trkpt>
   <trkpt lat="46.5479440" lon="11.8215820">
    <ele>1955.4</ele>
   </trkpt>
   <trkpt lat="46.5478770" lon="11.8215870">
    <ele>1955.7</ele>
   </trkpt>
   <trkpt lat="46.5478100" lon="11.8215880">
    <ele>1956.0</ele>
   </trkpt>
   <trkpt lat="46.5476760" lon="11.8215750">
    <ele>1956.5</ele>
   </trkpt>
   <trkpt lat="46.5476190" lon="11.8215540">
    <ele>1956.8</ele>
   </trkpt>
   <trkpt lat="46.5475780" lon="11.8215070">
    <ele>1957.1</ele>
   </trkpt>
   <trkpt lat="46.5475530" lon="11.8214410">
    <ele>1957.5</ele>
   </trkpt>
   <trkpt lat="46.5475540" lon="11.8213660">
    <ele>1957.9</ele>
   </trkpt>
   <trkpt lat="46.5475810" lon="11.8213040">
    <ele>1958.3</ele>
   </trkpt>
   <trkpt lat="46.5476240" lon="11.8212670">
    <ele>1959.0</ele>
   </trkpt>
   <trkpt lat="46.5477770" lon="11.8211910">
    <ele>1961.1</ele>
   </trkpt>
   <trkpt lat="46.5478250" lon="11.8211570">
    <ele>1961.8</ele>
   </trkpt>
   <trkpt lat="46.5479190" lon="11.8210910">
    <ele>1963.2</ele>
   </trkpt>
   <trkpt lat="46.5480120" lon="11.8210300">
    <ele>1964.6</ele>
   </trkpt>
   <trkpt lat="46.5480970" lon="11.8209620">
    <ele>1965.8</ele>
   </trkpt>
   <trkpt lat="46.5481900" lon="11.8208920">
    <ele>1967.1</ele>
   </trkpt>
   <trkpt lat="46.5482370" lon="11.8208610">
    <ele>1967.8</ele>
   </trkpt>
   <trkpt lat="46.5483280" lon="11.8208110">
    <ele>1969.2</ele>
   </trkpt>
   <trkpt lat="46.5484300" lon="11.8207950">
    <ele>1970.6</ele>
   </trkpt>
   <trkpt lat="46.5484690" lon="11.8208030">
    <ele>1971.1</ele>
   </trkpt>
   <trkpt lat="46.5485030" lon="11.8208210">
    <ele>1971.6</ele>
   </trkpt>
   <trkpt lat="46.5485370" lon="11.8208390">
    <ele>1972.1</ele>
   </trkpt>
   <trkpt lat="46.5486050" lon="11.8208750">
    <ele>1973.0</ele>
   </trkpt>
   <trkpt lat="46.5486860" lon="11.8209400">
    <ele>1974.1</ele>
   </trkpt>
   <trkpt lat="46.5487690" lon="11.8209980">
    <ele>1975.3</ele>
   </trkpt>
   <trkpt lat="46.5488540" lon="11.8210490">
    <ele>1976.4</ele>
   </trkpt>
   <trkpt lat="46.5489910" lon="11.8211090">
    <ele>1978.2</ele>
   </trkpt>
   <trkpt lat="46.5490380" lon="11.8211140">
    <ele>1978.8</ele>
   </trkpt>
   <trkpt lat="46.5490860" lon="11.8211150">
    <ele>1979.4</ele>
   </trkpt>
   <trkpt lat="46.5491300" lon="11.8211020">
    <ele>1980.0</ele>
   </trkpt>
   <trkpt lat="46.5492510" lon="11.8210250">
    <ele>1981.8</ele>
   </trkpt>
   <trkpt lat="46.5492990" lon="11.8209180">
    <ele>1983.0</ele>
   </trkpt>
   <trkpt lat="46.5492970" lon="11.8208570">
    <ele>1983.5</ele>
   </trkpt>
   <trkpt lat="46.5492840" lon="11.8207940">
    <ele>1984.1</ele>
   </trkpt>
   <trkpt lat="46.5492520" lon="11.8206850">
    <ele>1985.0</ele>
   </trkpt>
   <trkpt lat="46.5492200" lon="11.8206160">
    <ele>1985.6</ele>
   </trkpt>
   <trkpt lat="46.5491910" lon="11.8205640">
    <ele>1986.0</ele>
   </trkpt>
   <trkpt lat="46.5491650" lon="11.8205120">
    <ele>1986.4</ele>
   </trkpt>
   <trkpt lat="46.5491390" lon="11.8204580">
    <ele>1986.9</ele>
   </trkpt>
   <trkpt lat="46.5491100" lon="11.8203440">
    <ele>1987.7</ele>
   </trkpt>
   <trkpt lat="46.5491130" lon="11.8202810">
    <ele>1988.1</ele>
   </trkpt>
   <trkpt lat="46.5491260" lon="11.8202150">
    <ele>1988.5</ele>
   </trkpt>
   <trkpt lat="46.5491420" lon="11.8201480">
    <ele>1989.0</ele>
   </trkpt>
   <trkpt lat="46.5491820" lon="11.8199160">
    <ele>1990.4</ele>
   </trkpt>
   <trkpt lat="46.5491750" lon="11.8198380">
    <ele>1990.8</ele>
   </trkpt>
   <trkpt lat="46.5491630" lon="11.8197750">
    <ele>1991.1</ele>
   </trkpt>
   <trkpt lat="46.5491060" lon="11.8196410">
    <ele>1991.7</ele>
   </trkpt>
   <trkpt lat="46.5490580" lon="11.8195770">
    <ele>1992.0</ele>
   </trkpt>
   <trkpt lat="46.5489620" lon="11.8194470">
    <ele>1992.5</ele>
   </trkpt>
   <trkpt lat="46.5489220" lon="11.8193820">
    <ele>1992.8</ele>
   </trkpt>
   <trkpt lat="46.5488500" lon="11.8192230">
    <ele>1993.4</ele>
   </trkpt>
   <trkpt lat="46.5488000" lon="11.8190720">
    <ele>1994.1</ele>
   </trkpt>
   <trkpt lat="46.5487840" lon="11.8189870">
    <ele>1994.6</ele>
   </trkpt>
   <trkpt lat="46.5487790" lon="11.8189050">
    <ele>1995.1</ele>
   </trkpt>
   <trkpt lat="46.5487860" lon="11.8187450">
    <ele>1996.1</ele>
   </trkpt>
   <trkpt lat="46.5487990" lon="11.8186710">
    <ele>1996.7</ele>
   </trkpt>
   <trkpt lat="46.5488650" lon="11.8184640">
    <ele>1998.2</ele>
   </trkpt>
   <trkpt lat="46.5488830" lon="11.8183940">
    <ele>1998.7</ele>
   </trkpt>
   <trkpt lat="46.5489020" lon="11.8182970">
    <ele>1999.3</ele>
   </trkpt>
   <trkpt lat="46.5489410" lon="11.8180940">
    <ele>2000.5</ele>
   </trkpt>
   <trkpt lat="46.5489480" lon="11.8180100">
    <ele>2001.0</ele>
   </trkpt>
   <trkpt lat="46.5489460" lon="11.8179290">
    <ele>2001.4</ele>
   </trkpt>
   <trkpt lat="46.5489410" lon="11.8178530">
    <ele>2001.8</ele>
   </trkpt>
   <trkpt lat="46.5489270" lon="11.8177680">
    <ele>2002.2</ele>
   </trkpt>
   <trkpt lat="46.5489080" lon="11.8177130">
    <ele>2002.6</ele>
   </trkpt>
   <trkpt lat="46.5488770" lon="11.8176350">
    <ele>2003.1</ele>
   </trkpt>
   <trkpt lat="46.5488250" lon="11.8174900">
    <ele>2004.0</ele>
   </trkpt>
   <trkpt lat="46.5487830" lon="11.8173380">
    <ele>2004.9</ele>
   </trkpt>
   <trkpt lat="46.5487620" lon="11.8171610">
    <ele>2005.8</ele>
   </trkpt>
   <trkpt lat="46.5487770" lon="11.8170240">
    <ele>2006.6</ele>
   </trkpt>
   <trkpt lat="46.5488020" lon="11.8167880">
    <ele>2008.0</ele>
   </trkpt>
   <trkpt lat="46.5488090" lon="11.8167130">
    <ele>2008.4</ele>
   </trkpt>
   <trkpt lat="46.5488120" lon="11.8166370">
    <ele>2008.9</ele>
   </trkpt>
   <trkpt lat="46.5488180" lon="11.8163320">
    <ele>2010.6</ele>
   </trkpt>
   <trkpt lat="46.5488380" lon="11.8161740">
    <ele>2011.6</ele>
   </trkpt>
   <trkpt lat="46.5489100" lon="11.8160760">
    <ele>2012.3</ele>
   </trkpt>
   <trkpt lat="46.5489450" lon="11.8160930">
    <ele>2012.5</ele>
   </trkpt>
   <trkpt lat="46.5489810" lon="11.8161510">
    <ele>2012.8</ele>
   </trkpt>
   <trkpt lat="46.5490420" lon="11.8163110">
    <ele>2013.4</ele>
   </trkpt>
   <trkpt lat="46.5491220" lon="11.8165520">
    <ele>2014.4</ele>
   </trkpt>
   <trkpt lat="46.5491860" lon="11.8167170">
    <ele>2015.2</ele>
   </trkpt>
   <trkpt lat="46.5492400" lon="11.8168540">
    <ele>2016.1</ele>
   </trkpt>
   <trkpt lat="46.5492700" lon="11.8169500">
    <ele>2016.7</ele>
   </trkpt>
   <trkpt lat="46.5493190" lon="11.8171100">
    <ele>2017.7</ele>
   </trkpt>
   <trkpt lat="46.5494040" lon="11.8174300">
    <ele>2019.6</ele>
   </trkpt>
   <trkpt lat="46.5494500" lon="11.8175080">
    <ele>2020.2</ele>
   </trkpt>
   <trkpt lat="46.5495060" lon="11.8175400">
    <ele>2020.7</ele>
   </trkpt>
   <trkpt lat="46.5495630" lon="11.8175200">
    <ele>2021.0</ele>
   </trkpt>
   <trkpt lat="46.5495710" lon="11.8174550">
    <ele>2021.1</ele>
   </trkpt>
   <trkpt lat="46.5495790" lon="11.8173910">
    <ele>2021.3</ele>
   </trkpt>
   <trkpt lat="46.5495950" lon="11.8172610">
    <ele>2021.5</ele>
   </trkpt>
   <trkpt lat="46.5495570" lon="11.8170840">
    <ele>2021.8</ele>
   </trkpt>
   <trkpt lat="46.5494690" lon="11.8167490">
    <ele>2022.9</ele>
   </trkpt>
   <trkpt lat="46.5494450" lon="11.8164460">
    <ele>2024.2</ele>
   </trkpt>
   <trkpt lat="46.5494490" lon="11.8162830">
    <ele>2025.0</ele>
   </trkpt>
   <trkpt lat="46.5494570" lon="11.8162010">
    <ele>2025.4</ele>
   </trkpt>
   <trkpt lat="46.5494860" lon="11.8160420">
    <ele>2026.3</ele>
   </trkpt>
   <trkpt lat="46.5495030" lon="11.8159600">
    <ele>2026.8</ele>
   </trkpt>
   <trkpt lat="46.5495030" lon="11.8159600">
    <ele>2026.8</ele>
   </trkpt>
   <trkpt lat="46.5495380" lon="11.8158030">
    <ele>2027.7</ele>
   </trkpt>
   <trkpt lat="46.5495950" lon="11.8155830">
    <ele>2028.9</ele>
   </trkpt>
   <trkpt lat="46.5496410" lon="11.8154160">
    <ele>2029.8</ele>
   </trkpt>
   <trkpt lat="46.5497020" lon="11.8152010">
    <ele>2031.0</ele>
   </trkpt>
   <trkpt lat="46.5497020" lon="11.8152010">
    <ele>2031.0</ele>
   </trkpt>
   <trkpt lat="46.5497700" lon="11.8148940">
    <ele>2032.7</ele>
   </trkpt>
   <trkpt lat="46.5497740" lon="11.8147170">
    <ele>2033.8</ele>
   </trkpt>
   <trkpt lat="46.5497690" lon="11.8146500">
    <ele>2034.3</ele>
   </trkpt>
   <trkpt lat="46.5497600" lon="11.8145550">
    <ele>2034.9</ele>
   </trkpt>
   <trkpt lat="46.5497240" lon="11.8144240">
    <ele>2035.7</ele>
   </trkpt>
   <trkpt lat="46.5496890" lon="11.8143470">
    <ele>2036.3</ele>
   </trkpt>
   <trkpt lat="46.5496170" lon="11.8142200">
    <ele>2037.2</ele>
   </trkpt>
   <trkpt lat="46.5495440" lon="11.8141230">
    <ele>2038.0</ele>
   </trkpt>
   <trkpt lat="46.5494970" lon="11.8140820">
    <ele>2038.4</ele>
   </trkpt>
   <trkpt lat="46.5494350" lon="11.8140420">
    <ele>2038.9</ele>
   </trkpt>
   <trkpt lat="46.5493380" lon="11.8140130">
    <ele>2039.7</ele>
   </trkpt>
   <trkpt lat="46.5492200" lon="11.8140050">
    <ele>2040.6</ele>
   </trkpt>
   <trkpt lat="46.5491570" lon="11.8139380">
    <ele>2041.3</ele>
   </trkpt>
   <trkpt lat="46.5491570" lon="11.8138720">
    <ele>2041.6</ele>
   </trkpt>
   <trkpt lat="46.5492320" lon="11.8138150">
    <ele>2042.2</ele>
   </trkpt>
   <trkpt lat="46.5492980" lon="11.8137940">
    <ele>2042.5</ele>
   </trkpt>
   <trkpt lat="46.5494100" lon="11.8137640">
    <ele>2043.1</ele>
   </trkpt>
   <trkpt lat="46.5496110" lon="11.8136960">
    <ele>2044.5</ele>
   </trkpt>
   <trkpt lat="46.5496550" lon="11.8136680">
    <ele>2044.8</ele>
   </trkpt>
   <trkpt lat="46.5497370" lon="11.8136090">
    <ele>2045.5</ele>
   </trkpt>
   <trkpt lat="46.5498180" lon="11.8135490">
    <ele>2046.2</ele>
   </trkpt>
   <trkpt lat="46.5498720" lon="11.8135250">
    <ele>2046.7</ele>
   </trkpt>
   <trkpt lat="46.5499150" lon="11.8135220">
    <ele>2047.0</ele>
   </trkpt>
   <trkpt lat="46.5500270" lon="11.8135800">
    <ele>2047.9</ele>
   </trkpt>
   <trkpt lat="46.5500830" lon="11.8137120">
    <ele>2048.7</ele>
   </trkpt>
   <trkpt lat="46.5501050" lon="11.8137910">
    <ele>2049.2</ele>
   </trkpt>
   <trkpt lat="46.5501300" lon="11.8138880">
    <ele>2049.7</ele>
   </trkpt>
   <trkpt lat="46.5501490" lon="11.8139630">
    <ele>2050.2</ele>
   </trkpt>
   <trkpt lat="46.5501960" lon="11.8141770">
    <ele>2051.5</ele>
   </trkpt>
   <trkpt lat="46.5502760" lon="11.8144800">
    <ele>2053.3</ele>
   </trkpt>
   <trkpt lat="46.5503340" lon="11.8147240">
    <ele>2054.8</ele>
   </trkpt>
   <trkpt lat="46.5503460" lon="11.8148600">
    <ele>2055.7</ele>
   </trkpt>
   <trkpt lat="46.5503730" lon="11.8150180">
    <ele>2056.7</ele>
   </trkpt>
   <trkpt lat="46.5504310" lon="11.8151410">
    <ele>2057.7</ele>
   </trkpt>
   <trkpt lat="46.5505000" lon="11.8152330">
    <ele>2058.5</ele>
   </trkpt>
   <trkpt lat="46.5505940" lon="11.8153190">
    <ele>2059.5</ele>
   </trkpt>
   <trkpt lat="46.5506270" lon="11.8153540">
    <ele>2059.8</ele>
   </trkpt>
   <trkpt lat="46.5506690" lon="11.8154040">
    <ele>2060.3</ele>
   </trkpt>
   <trkpt lat="46.5506860" lon="11.8154390">
    <ele>2060.6</ele>
   </trkpt>
   <trkpt lat="46.5507020" lon="11.8154740">
    <ele>2060.8</ele>
   </trkpt>
   <trkpt lat="46.5507500" lon="11.8156120">
    <ele>2061.8</ele>
   </trkpt>
   <trkpt lat="46.5507650" lon="11.8156790">
    <ele>2062.2</ele>
   </trkpt>
   <trkpt lat="46.5508050" lon="11.8158240">
    <ele>2063.2</ele>
   </trkpt>
   <trkpt lat="46.5508380" lon="11.8158590">
    <ele>2063.5</ele>
   </trkpt>
   <trkpt lat="46.5508700" lon="11.8158940">
    <ele>2063.7</ele>
   </trkpt>
   <trkpt lat="46.5509350" lon="11.8159640">
    <ele>2064.2</ele>
   </trkpt>
   <trkpt lat="46.5509680" lon="11.8159420">
    <ele>2064.3</ele>
   </trkpt>
   <trkpt lat="46.5509980" lon="11.8158660">
    <ele>2064.6</ele>
   </trkpt>
   <trkpt lat="46.5510020" lon="11.8157790">
    <ele>2064.9</ele>
   </trkpt>
   <trkpt lat="46.5509970" lon="11.8157040">
    <ele>2065.2</ele>
   </trkpt>
   <trkpt lat="46.5509840" lon="11.8156150">
    <ele>2065.5</ele>
   </trkpt>
   <trkpt lat="46.5509650" lon="11.8155280">
    <ele>2065.8</ele>
   </trkpt>
   <trkpt lat="46.5509010" lon="11.8153810">
    <ele>2066.4</ele>
   </trkpt>
   <trkpt lat="46.5508640" lon="11.8153160">
    <ele>2066.7</ele>
   </trkpt>
   <trkpt lat="46.5508280" lon="11.8152510">
    <ele>2067.0</ele>
   </trkpt>
   <trkpt lat="46.5507560" lon="11.8150990">
    <ele>2067.9</ele>
   </trkpt>
   <trkpt lat="46.5507270" lon="11.8149550">
    <ele>2068.6</ele>
   </trkpt>
   <trkpt lat="46.5506980" lon="11.8147010">
    <ele>2069.9</ele>
   </trkpt>
   <trkpt lat="46.5506940" lon="11.8146210">
    <ele>2070.4</ele>
   </trkpt>
   <trkpt lat="46.5507080" lon="11.8144400">
    <ele>2071.4</ele>
   </trkpt>
   <trkpt lat="46.5507590" lon="11.8141900">
    <ele>2072.9</ele>
   </trkpt>
   <trkpt lat="46.5507890" lon="11.8140520">
    <ele>2073.7</ele>
   </trkpt>
   <trkpt lat="46.5508220" lon="11.8138920">
    <ele>2074.7</ele>
   </trkpt>
   <trkpt lat="46.5508300" lon="11.8138100">
    <ele>2075.2</ele>
   </trkpt>
   <trkpt lat="46.5508340" lon="11.8136440">
    <ele>2076.2</ele>
   </trkpt>
   <trkpt lat="46.5508300" lon="11.8135620">
    <ele>2076.6</ele>
   </trkpt>
   <trkpt lat="46.5508240" lon="11.8134770">
    <ele>2077.1</ele>
   </trkpt>
   <trkpt lat="46.5508150" lon="11.8133980">
    <ele>2077.5</ele>
   </trkpt>
   <trkpt lat="46.5508050" lon="11.8132350">
    <ele>2078.3</ele>
   </trkpt>
   <trkpt lat="46.5508040" lon="11.8131460">
    <ele>2078.8</ele>
   </trkpt>
   <trkpt lat="46.5508030" lon="11.8130570">
    <ele>2079.3</ele>
   </trkpt>
   <trkpt lat="46.5508000" lon="11.8129730">
    <ele>2079.7</ele>
   </trkpt>
   <trkpt lat="46.5508000" lon="11.8128080">
    <ele>2080.7</ele>
   </trkpt>
   <trkpt lat="46.5508060" lon="11.8127260">
    <ele>2081.2</ele>
   </trkpt>
   <trkpt lat="46.5508370" lon="11.8125650">
    <ele>2082.2</ele>
   </trkpt>
   <trkpt lat="46.5508990" lon="11.8124320">
    <ele>2083.2</ele>
   </trkpt>
   <trkpt lat="46.5509540" lon="11.8123730">
    <ele>2083.7</ele>
   </trkpt>
   <trkpt lat="46.5509910" lon="11.8123490">
    <ele>2084.1</ele>
   </trkpt>
   <trkpt lat="46.5511020" lon="11.8123320">
    <ele>2084.9</ele>
   </trkpt>
   <trkpt lat="46.5511960" lon="11.8123940">
    <ele>2085.7</ele>
   </trkpt>
   <trkpt lat="46.5512420" lon="11.8124470">
    <ele>2086.1</ele>
   </trkpt>
   <trkpt lat="46.5513720" lon="11.8126050">
    <ele>2087.2</ele>
   </trkpt>
   <trkpt lat="46.5514750" lon="11.8126730">
    <ele>2088.0</ele>
   </trkpt>
   <trkpt lat="46.5515330" lon="11.8126790">
    <ele>2088.5</ele>
   </trkpt>
   <trkpt lat="46.5515930" lon="11.8126620">
    <ele>2089.2</ele>
   </trkpt>
   <trkpt lat="46.5517000" lon="11.8125790">
    <ele>2090.5</ele>
   </trkpt>
   <trkpt lat="46.5517470" lon="11.8124220">
    <ele>2091.0</ele>
   </trkpt>
   <trkpt lat="46.5517500" lon="11.8123170">
    <ele>2091.1</ele>
   </trkpt>
   <trkpt lat="46.5517420" lon="11.8120720">
    <ele>2091.3</ele>
   </trkpt>
   <trkpt lat="46.5517360" lon="11.8117900">
    <ele>2092.9</ele>
   </trkpt>
   <trkpt lat="46.5517420" lon="11.8117230">
    <ele>2093.3</ele>
   </trkpt>
   <trkpt lat="46.5517650" lon="11.8114620">
    <ele>2095.0</ele>
   </trkpt>
   <trkpt lat="46.5517820" lon="11.8112190">
    <ele>2096.6</ele>
   </trkpt>
   <trkpt lat="46.5517800" lon="11.8111540">
    <ele>2097.0</ele>
   </trkpt>
   <trkpt lat="46.5517660" lon="11.8110710">
    <ele>2097.5</ele>
   </trkpt>
   <trkpt lat="46.5516940" lon="11.8109230">
    <ele>2098.7</ele>
   </trkpt>
   <trkpt lat="46.5515890" lon="11.8108160">
    <ele>2099.9</ele>
   </trkpt>
   <trkpt lat="46.5515280" lon="11.8107720">
    <ele>2100.5</ele>
   </trkpt>
   <trkpt lat="46.5514720" lon="11.8107400">
    <ele>2101.0</ele>
   </trkpt>
   <trkpt lat="46.5514120" lon="11.8107150">
    <ele>2101.6</ele>
   </trkpt>
   <trkpt lat="46.5512830" lon="11.8106710">
    <ele>2102.8</ele>
   </trkpt>
   <trkpt lat="46.5511810" lon="11.8106150">
    <ele>2103.8</ele>
   </trkpt>
   <trkpt lat="46.5511290" lon="11.8105650">
    <ele>2104.4</ele>
   </trkpt>
   <trkpt lat="46.5510810" lon="11.8105060">
    <ele>2104.9</ele>
   </trkpt>
   <trkpt lat="46.5510400" lon="11.8104420">
    <ele>2105.5</ele>
   </trkpt>
   <trkpt lat="46.5509160" lon="11.8102200">
    <ele>2107.4</ele>
   </trkpt>
   <trkpt lat="46.5508470" lon="11.8100940">
    <ele>2108.4</ele>
   </trkpt>
   <trkpt lat="46.5508070" lon="11.8100370">
    <ele>2109.0</ele>
   </trkpt>
   <trkpt lat="46.5507280" lon="11.8099310">
    <ele>2110.0</ele>
   </trkpt>
   <trkpt lat="46.5506360" lon="11.8098180">
    <ele>2111.1</ele>
   </trkpt>
   <trkpt lat="46.5504830" lon="11.8096360">
    <ele>2113.2</ele>
   </trkpt>
   <trkpt lat="46.5503650" lon="11.8094700">
    <ele>2115.1</ele>
   </trkpt>
   <trkpt lat="46.5503290" lon="11.8094070">
    <ele>2116.2</ele>
   </trkpt>
   <trkpt lat="46.5502920" lon="11.8093440">
    <ele>2117.6</ele>
   </trkpt>
   <trkpt lat="46.5502500" lon="11.8092880">
    <ele>2119.0</ele>
   </trkpt>
   <trkpt lat="46.5501690" lon="11.8091800">
    <ele>2119.5</ele>
   </trkpt>
   <trkpt lat="46.5500880" lon="11.8090770">
    <ele>2120.4</ele>
   </trkpt>
   <trkpt lat="46.5500480" lon="11.8090290">
    <ele>2120.9</ele>
   </trkpt>
   <trkpt lat="46.5499630" lon="11.8089310">
    <ele>2121.4</ele>
   </trkpt>
   <trkpt lat="46.5498960" lon="11.8088140">
    <ele>2121.8</ele>
   </trkpt>
   <trkpt lat="46.5498700" lon="11.8087460">
    <ele>2122.0</ele>
   </trkpt>
   <trkpt lat="46.5498510" lon="11.8086760">
    <ele>2122.1</ele>
   </trkpt>
   <trkpt lat="46.5498350" lon="11.8086070">
    <ele>2122.2</ele>
   </trkpt>
   <trkpt lat="46.5498220" lon="11.8085390">
    <ele>2122.2</ele>
   </trkpt>
   <trkpt lat="46.5498160" lon="11.8084490">
    <ele>2122.2</ele>
   </trkpt>
   <trkpt lat="46.5498260" lon="11.8083850">
    <ele>2122.2</ele>
   </trkpt>
   <trkpt lat="46.5498490" lon="11.8083020">
    <ele>2121.8</ele>
   </trkpt>
   <trkpt lat="46.5499560" lon="11.8080350">
    <ele>2120.8</ele>
   </trkpt>
   <trkpt lat="46.5499900" lon="11.8079400">
    <ele>2120.5</ele>
   </trkpt>
   <trkpt lat="46.5500570" lon="11.8076220">
    <ele>2119.6</ele>
   </trkpt>
   <trkpt lat="46.5500750" lon="11.8073900">
    <ele>2119.0</ele>
   </trkpt>
   <trkpt lat="46.5500420" lon="11.8071490">
    <ele>2118.4</ele>
   </trkpt>
   <trkpt lat="46.5499170" lon="11.8068090">
    <ele>2117.6</ele>
   </trkpt>
   <trkpt lat="46.5497470" lon="11.8064980">
    <ele>2115.4</ele>
   </trkpt>
   <trkpt lat="46.5497010" lon="11.8063680">
    <ele>2115.1</ele>
   </trkpt>
   <trkpt lat="46.5496610" lon="11.8062340">
    <ele>2114.8</ele>
   </trkpt>
   <trkpt lat="46.5495810" lon="11.8059800">
    <ele>2113.8</ele>
   </trkpt>
   <trkpt lat="46.5494520" lon="11.8057510">
    <ele>2112.4</ele>
   </trkpt>
   <trkpt lat="46.5492070" lon="11.8054980">
    <ele>2110.4</ele>
   </trkpt>
   <trkpt lat="46.5491440" lon="11.8054010">
    <ele>2109.8</ele>
   </trkpt>
   <trkpt lat="46.5490350" lon="11.8052440">
    <ele>2108.8</ele>
   </trkpt>
   <trkpt lat="46.5489780" lon="11.8052230">
    <ele>2108.3</ele>
   </trkpt>
   <trkpt lat="46.5489190" lon="11.8052400">
    <ele>2107.7</ele>
   </trkpt>
   <trkpt lat="46.5489160" lon="11.8053120">
    <ele>2107.3</ele>
   </trkpt>
   <trkpt lat="46.5489140" lon="11.8053850">
    <ele>2106.8</ele>
   </trkpt>
   <trkpt lat="46.5489030" lon="11.8056740">
    <ele>2104.8</ele>
   </trkpt>
   <trkpt lat="46.5488800" lon="11.8058030">
    <ele>2104.4</ele>
   </trkpt>
   <trkpt lat="46.5488550" lon="11.8059370">
    <ele>2103.5</ele>
   </trkpt>
   <trkpt lat="46.5488060" lon="11.8062150">
    <ele>2101.7</ele>
   </trkpt>
   <trkpt lat="46.5487740" lon="11.8063520">
    <ele>2100.7</ele>
   </trkpt>
   <trkpt lat="46.5486520" lon="11.8065890">
    <ele>2098.7</ele>
   </trkpt>
   <trkpt lat="46.5485660" lon="11.8066530">
    <ele>2097.9</ele>
   </trkpt>
   <trkpt lat="46.5484720" lon="11.8066630">
    <ele>2097.2</ele>
   </trkpt>
   <trkpt lat="46.5483840" lon="11.8066140">
    <ele>2096.4</ele>
   </trkpt>
   <trkpt lat="46.5483100" lon="11.8065190">
    <ele>2095.6</ele>
   </trkpt>
   <trkpt lat="46.5481640" lon="11.8062940">
    <ele>2093.8</ele>
   </trkpt>
   <trkpt lat="46.5480820" lon="11.8061940">
    <ele>2093.0</ele>
   </trkpt>
   <trkpt lat="46.5479970" lon="11.8061060">
    <ele>2092.3</ele>
   </trkpt>
   <trkpt lat="46.5478320" lon="11.8059380">
    <ele>2091.0</ele>
   </trkpt>
   <trkpt lat="46.5477220" lon="11.8057150">
    <ele>2089.5</ele>
   </trkpt>
   <trkpt lat="46.5477060" lon="11.8055790">
    <ele>2088.7</ele>
   </trkpt>
   <trkpt lat="46.5477150" lon="11.8054390">
    <ele>2087.8</ele>
   </trkpt>
   <trkpt lat="46.5477300" lon="11.8052930">
    <ele>2087.0</ele>
   </trkpt>
   <trkpt lat="46.5477350" lon="11.8051430">
    <ele>2086.2</ele>
   </trkpt>
   <trkpt lat="46.5477200" lon="11.8050030">
    <ele>2085.4</ele>
   </trkpt>
   <trkpt lat="46.5476780" lon="11.8048800">
    <ele>2084.7</ele>
   </trkpt>
   <trkpt lat="46.5476170" lon="11.8047840">
    <ele>2084.0</ele>
   </trkpt>
   <trkpt lat="46.5475320" lon="11.8047470">
    <ele>2083.4</ele>
   </trkpt>
   <trkpt lat="46.5474360" lon="11.8047780">
    <ele>2082.5</ele>
   </trkpt>
   <trkpt lat="46.5473450" lon="11.8048630">
    <ele>2081.6</ele>
   </trkpt>
   <trkpt lat="46.5472860" lon="11.8049950">
    <ele>2080.8</ele>
   </trkpt>
   <trkpt lat="46.5472460" lon="11.8051460">
    <ele>2079.9</ele>
   </trkpt>
   <trkpt lat="46.5472210" lon="11.8053170">
    <ele>2079.2</ele>
   </trkpt>
   <trkpt lat="46.5472230" lon="11.8054850">
    <ele>2078.5</ele>
   </trkpt>
   <trkpt lat="46.5472460" lon="11.8056490">
    <ele>2078.0</ele>
   </trkpt>
   <trkpt lat="46.5472940" lon="11.8059290">
    <ele>2077.5</ele>
   </trkpt>
   <trkpt lat="46.5472710" lon="11.8061180">
    <ele>2077.0</ele>
   </trkpt>
   <trkpt lat="46.5472360" lon="11.8061560">
    <ele>2076.8</ele>
   </trkpt>
   <trkpt lat="46.5471700" lon="11.8060960">
    <ele>2076.3</ele>
   </trkpt>
   <trkpt lat="46.5471650" lon="11.8060430">
    <ele>2076.0</ele>
   </trkpt>
   <trkpt lat="46.5471770" lon="11.8059870">
    <ele>2075.7</ele>
   </trkpt>
   <trkpt lat="46.5472030" lon="11.8058750">
    <ele>2075.1</ele>
   </trkpt>
   <trkpt lat="46.5472100" lon="11.8058150">
    <ele>2074.8</ele>
   </trkpt>
   <trkpt lat="46.5472000" lon="11.8057860">
    <ele>2074.6</ele>
   </trkpt>
   <trkpt lat="46.5471910" lon="11.8057390">
    <ele>2074.3</ele>
   </trkpt>
   <trkpt lat="46.5471630" lon="11.8056450">
    <ele>2073.8</ele>
   </trkpt>
   <trkpt lat="46.5471400" lon="11.8055880">
    <ele>2073.5</ele>
   </trkpt>
   <trkpt lat="46.5471010" lon="11.8055160">
    <ele>2073.0</ele>
   </trkpt>
   <trkpt lat="46.5470680" lon="11.8054290">
    <ele>2072.5</ele>
   </trkpt>
   <trkpt lat="46.5470610" lon="11.8053890">
    <ele>2072.3</ele>
   </trkpt>
   <trkpt lat="46.5470630" lon="11.8053630">
    <ele>2072.2</ele>
   </trkpt>
   <trkpt lat="46.5470560" lon="11.8053290">
    <ele>2072.0</ele>
   </trkpt>
   <trkpt lat="46.5470520" lon="11.8053070">
    <ele>2071.9</ele>
   </trkpt>
   <trkpt lat="46.5470500" lon="11.8052600">
    <ele>2071.6</ele>
   </trkpt>
   <trkpt lat="46.5470380" lon="11.8051500">
    <ele>2071.0</ele>
   </trkpt>
   <trkpt lat="46.5470260" lon="11.8049630">
    <ele>2070.1</ele>
   </trkpt>
   <trkpt lat="46.5470300" lon="11.8048830">
    <ele>2069.7</ele>
   </trkpt>
   <trkpt lat="46.5470470" lon="11.8047050">
    <ele>2068.9</ele>
   </trkpt>
   <trkpt lat="46.5471030" lon="11.8045290">
    <ele>2067.9</ele>
   </trkpt>
   <trkpt lat="46.5472150" lon="11.8044060">
    <ele>2066.8</ele>
   </trkpt>
   <trkpt lat="46.5472880" lon="11.8043550">
    <ele>2066.1</ele>
   </trkpt>
   <trkpt lat="46.5474440" lon="11.8042550">
    <ele>2064.6</ele>
   </trkpt>
   <trkpt lat="46.5475220" lon="11.8041740">
    <ele>2063.9</ele>
   </trkpt>
   <trkpt lat="46.5475940" lon="11.8040740">
    <ele>2063.2</ele>
   </trkpt>
   <trkpt lat="46.5477880" lon="11.8037290">
    <ele>2061.7</ele>
   </trkpt>
   <trkpt lat="46.5478480" lon="11.8036270">
    <ele>2061.3</ele>
   </trkpt>
   <trkpt lat="46.5478940" lon="11.8035310">
    <ele>2061.0</ele>
   </trkpt>
   <trkpt lat="46.5479090" lon="11.8034290">
    <ele>2060.7</ele>
   </trkpt>
   <trkpt lat="46.5478970" lon="11.8033350">
    <ele>2060.4</ele>
   </trkpt>
   <trkpt lat="46.5478560" lon="11.8032830">
    <ele>2060.1</ele>
   </trkpt>
   <trkpt lat="46.5477490" lon="11.8033340">
    <ele>2059.2</ele>
   </trkpt>
   <trkpt lat="46.5476520" lon="11.8035100">
    <ele>2057.4</ele>
   </trkpt>
   <trkpt lat="46.5475090" lon="11.8036390">
    <ele>2055.3</ele>
   </trkpt>
   <trkpt lat="46.5473300" lon="11.8037380">
    <ele>2052.8</ele>
   </trkpt>
   <trkpt lat="46.5472310" lon="11.8037750">
    <ele>2051.5</ele>
   </trkpt>
   <trkpt lat="46.5471270" lon="11.8037950">
    <ele>2050.1</ele>
   </trkpt>
   <trkpt lat="46.5470160" lon="11.8038100">
    <ele>2048.7</ele>
   </trkpt>
   <trkpt lat="46.5466800" lon="11.8039040">
    <ele>2045.9</ele>
   </trkpt>
   <trkpt lat="46.5464610" lon="11.8040100">
    <ele>2044.3</ele>
   </trkpt>
   <trkpt lat="46.5463630" lon="11.8040730">
    <ele>2043.6</ele>
   </trkpt>
   <trkpt lat="46.5462800" lon="11.8041690">
    <ele>2042.9</ele>
   </trkpt>
   <trkpt lat="46.5462030" lon="11.8042980">
    <ele>2042.0</ele>
   </trkpt>
   <trkpt lat="46.5461460" lon="11.8044470">
    <ele>2041.1</ele>
   </trkpt>
   <trkpt lat="46.5461110" lon="11.8046110">
    <ele>2040.1</ele>
   </trkpt>
   <trkpt lat="46.5460790" lon="11.8047820">
    <ele>2039.2</ele>
   </trkpt>
   <trkpt lat="46.5460270" lon="11.8051430">
    <ele>2037.4</ele>
   </trkpt>
   <trkpt lat="46.5460280" lon="11.8053220">
    <ele>2036.6</ele>
   </trkpt>
   <trkpt lat="46.5460460" lon="11.8055030">
    <ele>2035.8</ele>
   </trkpt>
   <trkpt lat="46.5460520" lon="11.8056830">
    <ele>2034.9</ele>
   </trkpt>
   <trkpt lat="46.5460270" lon="11.8058540">
    <ele>2034.1</ele>
   </trkpt>
   <trkpt lat="46.5459750" lon="11.8060110">
    <ele>2033.2</ele>
   </trkpt>
   <trkpt lat="46.5458980" lon="11.8061490">
    <ele>2032.3</ele>
   </trkpt>
   <trkpt lat="46.5457090" lon="11.8063780">
    <ele>2030.5</ele>
   </trkpt>
   <trkpt lat="46.5456360" lon="11.8065060">
    <ele>2029.7</ele>
   </trkpt>
   <trkpt lat="46.5455710" lon="11.8066300">
    <ele>2029.0</ele>
   </trkpt>
   <trkpt lat="46.5455020" lon="11.8067490">
    <ele>2028.3</ele>
   </trkpt>
   <trkpt lat="46.5454210" lon="11.8068490">
    <ele>2027.5</ele>
   </trkpt>
   <trkpt lat="46.5453290" lon="11.8069100">
    <ele>2026.7</ele>
   </trkpt>
   <trkpt lat="46.5451430" lon="11.8068950">
    <ele>2025.1</ele>
   </trkpt>
   <trkpt lat="46.5450470" lon="11.8068360">
    <ele>2024.3</ele>
   </trkpt>
   <trkpt lat="46.5449490" lon="11.8067690">
    <ele>2023.4</ele>
   </trkpt>
   <trkpt lat="46.5448520" lon="11.8066840">
    <ele>2022.5</ele>
   </trkpt>
   <trkpt lat="46.5447580" lon="11.8065650">
    <ele>2021.5</ele>
   </trkpt>
   <trkpt lat="46.5445690" lon="11.8063000">
    <ele>2019.3</ele>
   </trkpt>
   <trkpt lat="46.5444800" lon="11.8061660">
    <ele>2018.3</ele>
   </trkpt>
   <trkpt lat="46.5443970" lon="11.8060200">
    <ele>2017.3</ele>
   </trkpt>
   <trkpt lat="46.5442320" lon="11.8057120">
    <ele>2015.1</ele>
   </trkpt>
   <trkpt lat="46.5440620" lon="11.8054100">
    <ele>2012.9</ele>
   </trkpt>
   <trkpt lat="46.5438850" lon="11.8051180">
    <ele>2011.0</ele>
   </trkpt>
   <trkpt lat="46.5436930" lon="11.8047970">
    <ele>2009.5</ele>
   </trkpt>
   <trkpt lat="46.5435350" lon="11.8045420">
    <ele>2008.6</ele>
   </trkpt>
   <trkpt lat="46.5434440" lon="11.8043960">
    <ele>2008.3</ele>
   </trkpt>
   <trkpt lat="46.5433440" lon="11.8042720">
    <ele>2008.0</ele>
   </trkpt>
   <trkpt lat="46.5432100" lon="11.8041760">
    <ele>2007.8</ele>
   </trkpt>
   <trkpt lat="46.5430820" lon="11.8041500">
    <ele>2007.7</ele>
   </trkpt>
   <trkpt lat="46.5429850" lon="11.8041490">
    <ele>2007.6</ele>
   </trkpt>
   <trkpt lat="46.5428610" lon="11.8041740">
    <ele>2007.5</ele>
   </trkpt>
   <trkpt lat="46.5427650" lon="11.8042240">
    <ele>2007.4</ele>
   </trkpt>
   <trkpt lat="46.5425320" lon="11.8042980">
    <ele>2007.2</ele>
   </trkpt>
   <trkpt lat="46.5424410" lon="11.8042980">
    <ele>2007.1</ele>
   </trkpt>
   <trkpt lat="46.5423360" lon="11.8042780">
    <ele>2007.1</ele>
   </trkpt>
   <trkpt lat="46.5421140" lon="11.8041740">
    <ele>2007.0</ele>
   </trkpt>
   <trkpt lat="46.5419750" lon="11.8040440">
    <ele>2007.0</ele>
   </trkpt>
   <trkpt lat="46.5419160" lon="11.8039310">
    <ele>2007.0</ele>
   </trkpt>
   <trkpt lat="46.5418360" lon="11.8037170">
    <ele>2007.1</ele>
   </trkpt>
   <trkpt lat="46.5417600" lon="11.8034760">
    <ele>2007.2</ele>
   </trkpt>
   <trkpt lat="46.5416810" lon="11.8032760">
    <ele>2007.3</ele>
   </trkpt>
   <trkpt lat="46.5415860" lon="11.8031380">
    <ele>2007.3</ele>
   </trkpt>
   <trkpt lat="46.5413240" lon="11.8028900">
    <ele>2007.4</ele>
   </trkpt>
   <trkpt lat="46.5411900" lon="11.8027620">
    <ele>2007.4</ele>
   </trkpt>
   <trkpt lat="46.5410600" lon="11.8025100">
    <ele>2007.4</ele>
   </trkpt>
   <trkpt lat="46.5410390" lon="11.8024270">
    <ele>2007.4</ele>
   </trkpt>
   <trkpt lat="46.5410120" lon="11.8023110">
    <ele>2007.4</ele>
   </trkpt>
   <trkpt lat="46.5409900" lon="11.8021080">
    <ele>2007.4</ele>
   </trkpt>
   <trkpt lat="46.5409870" lon="11.8020020">
    <ele>2007.4</ele>
   </trkpt>
   <trkpt lat="46.5409150" lon="11.8013230">
    <ele>2007.5</ele>
   </trkpt>
   <trkpt lat="46.5409030" lon="11.8012210">
    <ele>2007.5</ele>
   </trkpt>
   <trkpt lat="46.5408550" lon="11.8010470">
    <ele>2007.6</ele>
   </trkpt>
   <trkpt lat="46.5408240" lon="11.8009710">
    <ele>2007.6</ele>
   </trkpt>
   <trkpt lat="46.5408070" lon="11.8008920">
    <ele>2007.6</ele>
   </trkpt>
   <trkpt lat="46.5407860" lon="11.8007170">
    <ele>2007.6</ele>
   </trkpt>
   <trkpt lat="46.5407630" lon="11.8006230">
    <ele>2007.6</ele>
   </trkpt>
   <trkpt lat="46.5405820" lon="11.8002480">
    <ele>2007.6</ele>
   </trkpt>
   <trkpt lat="46.5405380" lon="11.8001810">
    <ele>2007.6</ele>
   </trkpt>
   <trkpt lat="46.5401780" lon="11.7996570">
    <ele>2008.0</ele>
   </trkpt>
   <trkpt lat="46.5400980" lon="11.7995150">
    <ele>2008.1</ele>
   </trkpt>
   <trkpt lat="46.5399780" lon="11.7992690">
    <ele>2008.2</ele>
   </trkpt>
   <trkpt lat="46.5398430" lon="11.7989120">
    <ele>2008.3</ele>
   </trkpt>
   <trkpt lat="46.5398210" lon="11.7988200">
    <ele>2008.3</ele>
   </trkpt>
   <trkpt lat="46.5398000" lon="11.7987250">
    <ele>2008.3</ele>
   </trkpt>
   <trkpt lat="46.5397450" lon="11.7983520">
    <ele>2008.4</ele>
   </trkpt>
   <trkpt lat="46.5396700" lon="11.7975390">
    <ele>2008.7</ele>
   </trkpt>
   <trkpt lat="46.5396580" lon="11.7974480">
    <ele>2008.7</ele>
   </trkpt>
   <trkpt lat="46.5395180" lon="11.7969490">
    <ele>2008.9</ele>
   </trkpt>
   <trkpt lat="46.5393420" lon="11.7962600">
    <ele>2009.2</ele>
   </trkpt>
   <trkpt lat="46.5393430" lon="11.7960800">
    <ele>2009.4</ele>
   </trkpt>
   <trkpt lat="46.5393710" lon="11.7959060">
    <ele>2009.5</ele>
   </trkpt>
   <trkpt lat="46.5394370" lon="11.7954720">
    <ele>2009.9</ele>
   </trkpt>
   <trkpt lat="46.5394350" lon="11.7952790">
    <ele>2010.1</ele>
   </trkpt>
   <trkpt lat="46.5393670" lon="11.7947600">
    <ele>2010.2</ele>
   </trkpt>
   <trkpt lat="46.5392390" lon="11.7942350">
    <ele>2010.4</ele>
   </trkpt>
   <trkpt lat="46.5392150" lon="11.7941490">
    <ele>2010.4</ele>
   </trkpt>
   <trkpt lat="46.5390260" lon="11.7933760">
    <ele>2010.6</ele>
   </trkpt>
   <trkpt lat="46.5388560" lon="11.7929020">
    <ele>2010.9</ele>
   </trkpt>
   <trkpt lat="46.5385490" lon="11.7921980">
    <ele>2011.2</ele>
   </trkpt>
   <trkpt lat="46.5384850" lon="11.7920420">
    <ele>2011.3</ele>
   </trkpt>
   <trkpt lat="46.5383110" lon="11.7916510">
    <ele>2011.4</ele>
   </trkpt>
   <trkpt lat="46.5381920" lon="11.7913160">
    <ele>2011.7</ele>
   </trkpt>
   <trkpt lat="46.5380870" lon="11.7908080">
    <ele>2012.0</ele>
   </trkpt>
   <trkpt lat="46.5379710" lon="11.7900380">
    <ele>2012.7</ele>
   </trkpt>
   <trkpt lat="46.5379600" lon="11.7899490">
    <ele>2012.8</ele>
   </trkpt>
   <trkpt lat="46.5379450" lon="11.7898590">
    <ele>2012.9</ele>
   </trkpt>
   <trkpt lat="46.5377920" lon="11.7892710">
    <ele>2013.1</ele>
   </trkpt>
   <trkpt lat="46.5375400" lon="11.7887570">
    <ele>2013.3</ele>
   </trkpt>
   <trkpt lat="46.5375040" lon="11.7886840">
    <ele>2013.3</ele>
   </trkpt>
   <trkpt lat="46.5372930" lon="11.7881360">
    <ele>2013.7</ele>
   </trkpt>
   <trkpt lat="46.5371880" lon="11.7878350">
    <ele>2013.8</ele>
   </trkpt>
   <trkpt lat="46.5371600" lon="11.7877550">
    <ele>2013.8</ele>
   </trkpt>
   <trkpt lat="46.5371080" lon="11.7875910">
    <ele>2013.9</ele>
   </trkpt>
   <trkpt lat="46.5369660" lon="11.7871850">
    <ele>2014.1</ele>
   </trkpt>
   <trkpt lat="46.5369500" lon="11.7870030">
    <ele>2014.1</ele>
   </trkpt>
   <trkpt lat="46.5369680" lon="11.7868220">
    <ele>2014.2</ele>
   </trkpt>
   <trkpt lat="46.5369840" lon="11.7867360">
    <ele>2014.2</ele>
   </trkpt>
   <trkpt lat="46.5370890" lon="11.7862810">
    <ele>2014.4</ele>
   </trkpt>
   <trkpt lat="46.5371170" lon="11.7861990">
    <ele>2014.4</ele>
   </trkpt>
   <trkpt lat="46.5371680" lon="11.7860270">
    <ele>2014.4</ele>
   </trkpt>
   <trkpt lat="46.5373590" lon="11.7854410">
    <ele>2014.4</ele>
   </trkpt>
   <trkpt lat="46.5374410" lon="11.7852870">
    <ele>2014.5</ele>
   </trkpt>
   <trkpt lat="46.5375380" lon="11.7850530">
    <ele>2014.5</ele>
   </trkpt>
   <trkpt lat="46.5376020" lon="11.7848090">
    <ele>2014.6</ele>
   </trkpt>
   <trkpt lat="46.5376530" lon="11.7846440">
    <ele>2014.6</ele>
   </trkpt>
   <trkpt lat="46.5377410" lon="11.7845060">
    <ele>2014.7</ele>
   </trkpt>
   <trkpt lat="46.5379860" lon="11.7842340">
    <ele>2014.9</ele>
   </trkpt>
   <trkpt lat="46.5381340" lon="11.7840500">
    <ele>2014.9</ele>
   </trkpt>
   <trkpt lat="46.5382690" lon="11.7838560">
    <ele>2015.0</ele>
   </trkpt>
   <trkpt lat="46.5384120" lon="11.7836650">
    <ele>2014.8</ele>
   </trkpt>
   <trkpt lat="46.5384490" lon="11.7836030">
    <ele>2014.7</ele>
   </trkpt>
   <trkpt lat="46.5385010" lon="11.7834560">
    <ele>2014.4</ele>
   </trkpt>
   <trkpt lat="46.5385090" lon="11.7833710">
    <ele>2014.1</ele>
   </trkpt>
   <trkpt lat="46.5385010" lon="11.7832910">
    <ele>2013.8</ele>
   </trkpt>
   <trkpt lat="46.5384280" lon="11.7831820">
    <ele>2013.2</ele>
   </trkpt>
   <trkpt lat="46.5382970" lon="11.7831910">
    <ele>2012.2</ele>
   </trkpt>
   <trkpt lat="46.5382280" lon="11.7832220">
    <ele>2011.6</ele>
   </trkpt>
   <trkpt lat="46.5379140" lon="11.7833380">
    <ele>2009.1</ele>
   </trkpt>
   <trkpt lat="46.5376780" lon="11.7834150">
    <ele>2007.3</ele>
   </trkpt>
   <trkpt lat="46.5375210" lon="11.7834510">
    <ele>2006.0</ele>
   </trkpt>
   <trkpt lat="46.5374360" lon="11.7834510">
    <ele>2005.3</ele>
   </trkpt>
   <trkpt lat="46.5373500" lon="11.7834380">
    <ele>2004.7</ele>
   </trkpt>
   <trkpt lat="46.5371620" lon="11.7833790">
    <ele>2003.1</ele>
   </trkpt>
   <trkpt lat="46.5370690" lon="11.7833320">
    <ele>2002.3</ele>
   </trkpt>
   <trkpt lat="46.5369760" lon="11.7832760">
    <ele>2001.4</ele>
   </trkpt>
   <trkpt lat="46.5367850" lon="11.7831600">
    <ele>1999.6</ele>
   </trkpt>
   <trkpt lat="46.5365870" lon="11.7830420">
    <ele>1997.7</ele>
   </trkpt>
   <trkpt lat="46.5363680" lon="11.7829120">
    <ele>1995.7</ele>
   </trkpt>
   <trkpt lat="46.5362530" lon="11.7828450">
    <ele>1994.7</ele>
   </trkpt>
   <trkpt lat="46.5360260" lon="11.7827070">
    <ele>1992.7</ele>
   </trkpt>
   <trkpt lat="46.5357940" lon="11.7825620">
    <ele>1990.7</ele>
   </trkpt>
   <trkpt lat="46.5356810" lon="11.7824880">
    <ele>1989.8</ele>
   </trkpt>
   <trkpt lat="46.5355660" lon="11.7824230">
    <ele>1988.8</ele>
   </trkpt>
   <trkpt lat="46.5353390" lon="11.7823360">
    <ele>1986.9</ele>
   </trkpt>
   <trkpt lat="46.5352250" lon="11.7823260">
    <ele>1986.0</ele>
   </trkpt>
   <trkpt lat="46.5351160" lon="11.7823510">
    <ele>1985.2</ele>
   </trkpt>
   <trkpt lat="46.5350190" lon="11.7824080">
    <ele>1984.6</ele>
   </trkpt>
   <trkpt lat="46.5349360" lon="11.7824840">
    <ele>1984.0</ele>
   </trkpt>
   <trkpt lat="46.5348110" lon="11.7826440">
    <ele>1982.9</ele>
   </trkpt>
   <trkpt lat="46.5347570" lon="11.7826820">
    <ele>1982.4</ele>
   </trkpt>
   <trkpt lat="46.5347200" lon="11.7826760">
    <ele>1982.0</ele>
   </trkpt>
   <trkpt lat="46.5347100" lon="11.7826350">
    <ele>1981.8</ele>
   </trkpt>
   <trkpt lat="46.5347320" lon="11.7825620">
    <ele>1981.3</ele>
   </trkpt>
   <trkpt lat="46.5347800" lon="11.7824830">
    <ele>1980.6</ele>
   </trkpt>
   <trkpt lat="46.5348400" lon="11.7824100">
    <ele>1979.9</ele>
   </trkpt>
   <trkpt lat="46.5348980" lon="11.7823350">
    <ele>1979.2</ele>
   </trkpt>
   <trkpt lat="46.5350070" lon="11.7821390">
    <ele>1977.7</ele>
   </trkpt>
   <trkpt lat="46.5350540" lon="11.7820200">
    <ele>1976.9</ele>
   </trkpt>
   <trkpt lat="46.5351720" lon="11.7817560">
    <ele>1975.2</ele>
   </trkpt>
   <trkpt lat="46.5352900" lon="11.7814910">
    <ele>1973.3</ele>
   </trkpt>
   <trkpt lat="46.5354560" lon="11.7812490">
    <ele>1971.3</ele>
   </trkpt>
   <trkpt lat="46.5355410" lon="11.7811370">
    <ele>1970.3</ele>
   </trkpt>
   <trkpt lat="46.5356150" lon="11.7810160">
    <ele>1969.5</ele>
   </trkpt>
   <trkpt lat="46.5357250" lon="11.7807350">
    <ele>1967.7</ele>
   </trkpt>
   <trkpt lat="46.5358240" lon="11.7804740">
    <ele>1966.0</ele>
   </trkpt>
   <trkpt lat="46.5359560" lon="11.7801100">
    <ele>1963.7</ele>
   </trkpt>
   <trkpt lat="46.5359950" lon="11.7799980">
    <ele>1963.0</ele>
   </trkpt>
   <trkpt lat="46.5360330" lon="11.7798920">
    <ele>1962.3</ele>
   </trkpt>
   <trkpt lat="46.5361030" lon="11.7797110">
    <ele>1961.0</ele>
   </trkpt>
   <trkpt lat="46.5361340" lon="11.7796280">
    <ele>1960.5</ele>
   </trkpt>
   <trkpt lat="46.5361640" lon="11.7795480">
    <ele>1960.0</ele>
   </trkpt>
   <trkpt lat="46.5361880" lon="11.7794760">
    <ele>1959.6</ele>
   </trkpt>
   <trkpt lat="46.5362330" lon="11.7793360">
    <ele>1958.8</ele>
   </trkpt>
   <trkpt lat="46.5362740" lon="11.7792060">
    <ele>1958.2</ele>
   </trkpt>
   <trkpt lat="46.5362920" lon="11.7791460">
    <ele>1957.9</ele>
   </trkpt>
   <trkpt lat="46.5363140" lon="11.7790920">
    <ele>1957.6</ele>
   </trkpt>
   <trkpt lat="46.5363370" lon="11.7790370">
    <ele>1957.3</ele>
   </trkpt>
   <trkpt lat="46.5363590" lon="11.7789870">
    <ele>1957.0</ele>
   </trkpt>
   <trkpt lat="46.5363780" lon="11.7789000">
    <ele>1956.4</ele>
   </trkpt>
   <trkpt lat="46.5363820" lon="11.7788640">
    <ele>1956.2</ele>
   </trkpt>
   <trkpt lat="46.5364010" lon="11.7788030">
    <ele>1955.8</ele>
   </trkpt>
   <trkpt lat="46.5364300" lon="11.7786860">
    <ele>1955.0</ele>
   </trkpt>
   <trkpt lat="46.5364750" lon="11.7785950">
    <ele>1954.3</ele>
   </trkpt>
   <trkpt lat="46.5364840" lon="11.7785890">
    <ele>1954.2</ele>
   </trkpt>
   <trkpt lat="46.5364900" lon="11.7785820">
    <ele>1954.2</ele>
   </trkpt>
   <trkpt lat="46.5364990" lon="11.7785780">
    <ele>1954.1</ele>
   </trkpt>
   <trkpt lat="46.5365070" lon="11.7785700">
    <ele>1954.0</ele>
   </trkpt>
   <trkpt lat="46.5365090" lon="11.7785660">
    <ele>1953.9</ele>
   </trkpt>
   <trkpt lat="46.5365140" lon="11.7785240">
    <ele>1953.7</ele>
   </trkpt>
   <trkpt lat="46.5365350" lon="11.7784760">
    <ele>1953.3</ele>
   </trkpt>
   <trkpt lat="46.5365460" lon="11.7784600">
    <ele>1953.2</ele>
   </trkpt>
   <trkpt lat="46.5366130" lon="11.7782820">
    <ele>1952.0</ele>
   </trkpt>
   <trkpt lat="46.5366880" lon="11.7781180">
    <ele>1950.8</ele>
   </trkpt>
   <trkpt lat="46.5367460" lon="11.7780380">
    <ele>1950.1</ele>
   </trkpt>
   <trkpt lat="46.5368220" lon="11.7779740">
    <ele>1949.3</ele>
   </trkpt>
   <trkpt lat="46.5370050" lon="11.7779250">
    <ele>1947.7</ele>
   </trkpt>
   <trkpt lat="46.5374140" lon="11.7778110">
    <ele>1944.0</ele>
   </trkpt>
   <trkpt lat="46.5374780" lon="11.7777410">
    <ele>1943.3</ele>
   </trkpt>
   <trkpt lat="46.5375420" lon="11.7776720">
    <ele>1942.6</ele>
   </trkpt>
   <trkpt lat="46.5376690" lon="11.7775320">
    <ele>1941.1</ele>
   </trkpt>
   <trkpt lat="46.5377110" lon="11.7773730">
    <ele>1940.0</ele>
   </trkpt>
   <trkpt lat="46.5377320" lon="11.7772000">
    <ele>1939.1</ele>
   </trkpt>
   <trkpt lat="46.5377600" lon="11.7770220">
    <ele>1938.1</ele>
   </trkpt>
   <trkpt lat="46.5378120" lon="11.7768620">
    <ele>1937.1</ele>
   </trkpt>
   <trkpt lat="46.5378660" lon="11.7767110">
    <ele>1936.0</ele>
   </trkpt>
   <trkpt lat="46.5378990" lon="11.7765440">
    <ele>1934.9</ele>
   </trkpt>
   <trkpt lat="46.5379070" lon="11.7763620">
    <ele>1933.9</ele>
   </trkpt>
   <trkpt lat="46.5378900" lon="11.7761960">
    <ele>1932.9</ele>
   </trkpt>
   <trkpt lat="46.5378240" lon="11.7758700">
    <ele>1931.3</ele>
   </trkpt>
   <trkpt lat="46.5378000" lon="11.7757240">
    <ele>1930.7</ele>
   </trkpt>
   <trkpt lat="46.5378240" lon="11.7754610">
    <ele>1929.7</ele>
   </trkpt>
   <trkpt lat="46.5378700" lon="11.7753350">
    <ele>1929.1</ele>
   </trkpt>
   <trkpt lat="46.5378970" lon="11.7752180">
    <ele>1928.6</ele>
   </trkpt>
   <trkpt lat="46.5379020" lon="11.7751090">
    <ele>1928.2</ele>
   </trkpt>
   <trkpt lat="46.5378710" lon="11.7750230">
    <ele>1927.7</ele>
   </trkpt>
   <trkpt lat="46.5378030" lon="11.7749880">
    <ele>1927.1</ele>
   </trkpt>
   <trkpt lat="46.5377530" lon="11.7750310">
    <ele>1926.6</ele>
   </trkpt>
   <trkpt lat="46.5377090" lon="11.7751220">
    <ele>1926.0</ele>
   </trkpt>
   <trkpt lat="46.5376620" lon="11.7752450">
    <ele>1925.2</ele>
   </trkpt>
   <trkpt lat="46.5376500" lon="11.7753730">
    <ele>1924.4</ele>
   </trkpt>
   <trkpt lat="46.5376290" lon="11.7754920">
    <ele>1923.8</ele>
   </trkpt>
   <trkpt lat="46.5375920" lon="11.7756250">
    <ele>1923.1</ele>
   </trkpt>
   <trkpt lat="46.5374870" lon="11.7758710">
    <ele>1921.6</ele>
   </trkpt>
   <trkpt lat="46.5374400" lon="11.7759940">
    <ele>1920.9</ele>
   </trkpt>
   <trkpt lat="46.5373700" lon="11.7762780">
    <ele>1919.4</ele>
   </trkpt>
   <trkpt lat="46.5373140" lon="11.7765840">
    <ele>1917.7</ele>
   </trkpt>
   <trkpt lat="46.5372600" lon="11.7767190">
    <ele>1916.9</ele>
   </trkpt>
   <trkpt lat="46.5371700" lon="11.7768200">
    <ele>1916.1</ele>
   </trkpt>
   <trkpt lat="46.5370690" lon="11.7769030">
    <ele>1915.3</ele>
   </trkpt>
   <trkpt lat="46.5369590" lon="11.7769690">
    <ele>1914.6</ele>
   </trkpt>
   <trkpt lat="46.5367410" lon="11.7770010">
    <ele>1913.3</ele>
   </trkpt>
   <trkpt lat="46.5365510" lon="11.7768390">
    <ele>1911.6</ele>
   </trkpt>
   <trkpt lat="46.5363610" lon="11.7766150">
    <ele>1909.7</ele>
   </trkpt>
   <trkpt lat="46.5361460" lon="11.7764550">
    <ele>1907.7</ele>
   </trkpt>
   <trkpt lat="46.5359050" lon="11.7765240">
    <ele>1905.4</ele>
   </trkpt>
   <trkpt lat="46.5357910" lon="11.7765980">
    <ele>1904.3</ele>
   </trkpt>
   <trkpt lat="46.5355620" lon="11.7767240">
    <ele>1902.4</ele>
   </trkpt>
   <trkpt lat="46.5354450" lon="11.7767760">
    <ele>1901.5</ele>
   </trkpt>
   <trkpt lat="46.5353150" lon="11.7768120">
    <ele>1900.6</ele>
   </trkpt>
   <trkpt lat="46.5351930" lon="11.7768620">
    <ele>1899.7</ele>
   </trkpt>
   <trkpt lat="46.5350820" lon="11.7769370">
    <ele>1898.9</ele>
   </trkpt>
   <trkpt lat="46.5349780" lon="11.7770580">
    <ele>1898.0</ele>
   </trkpt>
   <trkpt lat="46.5347800" lon="11.7773180">
    <ele>1896.3</ele>
   </trkpt>
   <trkpt lat="46.5345930" lon="11.7775170">
    <ele>1894.7</ele>
   </trkpt>
   <trkpt lat="46.5343770" lon="11.7775230">
    <ele>1893.0</ele>
   </trkpt>
   <trkpt lat="46.5342790" lon="11.7774440">
    <ele>1892.1</ele>
   </trkpt>
   <trkpt lat="46.5341850" lon="11.7773320">
    <ele>1891.3</ele>
   </trkpt>
   <trkpt lat="46.5340940" lon="11.7772300">
    <ele>1890.5</ele>
   </trkpt>
   <trkpt lat="46.5338840" lon="11.7770600">
    <ele>1888.8</ele>
   </trkpt>
   <trkpt lat="46.5337800" lon="11.7770610">
    <ele>1888.0</ele>
   </trkpt>
   <trkpt lat="46.5335800" lon="11.7772310">
    <ele>1885.9</ele>
   </trkpt>
   <trkpt lat="46.5334880" lon="11.7773560">
    <ele>1884.8</ele>
   </trkpt>
   <trkpt lat="46.5332920" lon="11.7776100">
    <ele>1882.8</ele>
   </trkpt>
   <trkpt lat="46.5330800" lon="11.7778660">
    <ele>1881.0</ele>
   </trkpt>
   <trkpt lat="46.5328590" lon="11.7781190">
    <ele>1879.1</ele>
   </trkpt>
   <trkpt lat="46.5326510" lon="11.7783530">
    <ele>1877.5</ele>
   </trkpt>
   <trkpt lat="46.5324890" lon="11.7786000">
    <ele>1876.1</ele>
   </trkpt>
   <trkpt lat="46.5324490" lon="11.7789200">
    <ele>1874.8</ele>
   </trkpt>
   <trkpt lat="46.5324420" lon="11.7790690">
    <ele>1874.4</ele>
   </trkpt>
   <trkpt lat="46.5324240" lon="11.7791820">
    <ele>1874.1</ele>
   </trkpt>
   <trkpt lat="46.5323990" lon="11.7792510">
    <ele>1874.0</ele>
   </trkpt>
   <trkpt lat="46.5323650" lon="11.7792750">
    <ele>1873.4</ele>
   </trkpt>
   <trkpt lat="46.5323400" lon="11.7792290">
    <ele>1872.9</ele>
   </trkpt>
   <trkpt lat="46.5323270" lon="11.7791220">
    <ele>1871.8</ele>
   </trkpt>
   <trkpt lat="46.5323410" lon="11.7790240">
    <ele>1870.8</ele>
   </trkpt>
   <trkpt lat="46.5323760" lon="11.7787970">
    <ele>1869.3</ele>
   </trkpt>
   <trkpt lat="46.5323690" lon="11.7786760">
    <ele>1868.5</ele>
   </trkpt>
   <trkpt lat="46.5323500" lon="11.7785350">
    <ele>1867.7</ele>
   </trkpt>
   <trkpt lat="46.5322670" lon="11.7782860">
    <ele>1866.2</ele>
   </trkpt>
   <trkpt lat="46.5322240" lon="11.7779930">
    <ele>1864.4</ele>
   </trkpt>
   <trkpt lat="46.5322370" lon="11.7778340">
    <ele>1863.4</ele>
   </trkpt>
   <trkpt lat="46.5322790" lon="11.7776880">
    <ele>1862.5</ele>
   </trkpt>
   <trkpt lat="46.5323490" lon="11.7775510">
    <ele>1861.4</ele>
   </trkpt>
   <trkpt lat="46.5325540" lon="11.7771560">
    <ele>1858.5</ele>
   </trkpt>
   <trkpt lat="46.5326840" lon="11.7768930">
    <ele>1856.9</ele>
   </trkpt>
   <trkpt lat="46.5327570" lon="11.7765780">
    <ele>1855.4</ele>
   </trkpt>
   <trkpt lat="46.5327600" lon="11.7764120">
    <ele>1854.6</ele>
   </trkpt>
   <trkpt lat="46.5327650" lon="11.7762470">
    <ele>1853.8</ele>
   </trkpt>
   <trkpt lat="46.5328410" lon="11.7759540">
    <ele>1852.1</ele>
   </trkpt>
   <trkpt lat="46.5329010" lon="11.7758180">
    <ele>1851.2</ele>
   </trkpt>
   <trkpt lat="46.5330360" lon="11.7755640">
    <ele>1849.5</ele>
   </trkpt>
   <trkpt lat="46.5331040" lon="11.7754380">
    <ele>1848.6</ele>
   </trkpt>
   <trkpt lat="46.5331670" lon="11.7753150">
    <ele>1847.9</ele>
   </trkpt>
   <trkpt lat="46.5333230" lon="11.7751190">
    <ele>1846.1</ele>
   </trkpt>
   <trkpt lat="46.5335330" lon="11.7751040">
    <ele>1844.1</ele>
   </trkpt>
   <trkpt lat="46.5337510" lon="11.7751580">
    <ele>1842.2</ele>
   </trkpt>
   <trkpt lat="46.5338650" lon="11.7751600">
    <ele>1841.3</ele>
   </trkpt>
   <trkpt lat="46.5339750" lon="11.7751350">
    <ele>1840.3</ele>
   </trkpt>
   <trkpt lat="46.5340730" lon="11.7751020">
    <ele>1839.4</ele>
   </trkpt>
   <trkpt lat="46.5341640" lon="11.7750460">
    <ele>1838.6</ele>
   </trkpt>
   <trkpt lat="46.5342400" lon="11.7749620">
    <ele>1837.8</ele>
   </trkpt>
   <trkpt lat="46.5342920" lon="11.7748690">
    <ele>1837.1</ele>
   </trkpt>
   <trkpt lat="46.5343300" lon="11.7747730">
    <ele>1836.5</ele>
   </trkpt>
   <trkpt lat="46.5343220" lon="11.7746840">
    <ele>1836.4</ele>
   </trkpt>
   <trkpt lat="46.5342670" lon="11.7746240">
    <ele>1836.3</ele>
   </trkpt>
   <trkpt lat="46.5342100" lon="11.7746080">
    <ele>1836.3</ele>
   </trkpt>
   <trkpt lat="46.5341500" lon="11.7746240">
    <ele>1836.2</ele>
   </trkpt>
   <trkpt lat="46.5340960" lon="11.7746880">
    <ele>1836.1</ele>
   </trkpt>
   <trkpt lat="46.5339400" lon="11.7748820">
    <ele>1834.4</ele>
   </trkpt>
   <trkpt lat="46.5338440" lon="11.7749040">
    <ele>1833.4</ele>
   </trkpt>
   <trkpt lat="46.5337490" lon="11.7748720">
    <ele>1832.4</ele>
   </trkpt>
   <trkpt lat="46.5336640" lon="11.7748000">
    <ele>1831.5</ele>
   </trkpt>
   <trkpt lat="46.5335120" lon="11.7746200">
    <ele>1829.6</ele>
   </trkpt>
   <trkpt lat="46.5333560" lon="11.7744910">
    <ele>1827.9</ele>
   </trkpt>
   <trkpt lat="46.5332660" lon="11.7744810">
    <ele>1827.1</ele>
   </trkpt>
   <trkpt lat="46.5331780" lon="11.7745130">
    <ele>1826.2</ele>
   </trkpt>
   <trkpt lat="46.5331020" lon="11.7745910">
    <ele>1825.3</ele>
   </trkpt>
   <trkpt lat="46.5330350" lon="11.7747030">
    <ele>1824.3</ele>
   </trkpt>
   <trkpt lat="46.5328810" lon="11.7749580">
    <ele>1822.3</ele>
   </trkpt>
   <trkpt lat="46.5327170" lon="11.7751430">
    <ele>1820.8</ele>
   </trkpt>
   <trkpt lat="46.5326370" lon="11.7752040">
    <ele>1820.2</ele>
   </trkpt>
   <trkpt lat="46.5325600" lon="11.7752230">
    <ele>1819.6</ele>
   </trkpt>
   <trkpt lat="46.5325060" lon="11.7752060">
    <ele>1819.2</ele>
   </trkpt>
   <trkpt lat="46.5324830" lon="11.7751450">
    <ele>1818.9</ele>
   </trkpt>
   <trkpt lat="46.5324920" lon="11.7750550">
    <ele>1818.3</ele>
   </trkpt>
   <trkpt lat="46.5325490" lon="11.7749940">
    <ele>1817.6</ele>
   </trkpt>
   <trkpt lat="46.5326240" lon="11.7749720">
    <ele>1816.8</ele>
   </trkpt>
   <trkpt lat="46.5326960" lon="11.7749450">
    <ele>1816.1</ele>
   </trkpt>
   <trkpt lat="46.5328390" lon="11.7748300">
    <ele>1814.3</ele>
   </trkpt>
   <trkpt lat="46.5328900" lon="11.7747170">
    <ele>1813.3</ele>
   </trkpt>
   <trkpt lat="46.5329280" lon="11.7745820">
    <ele>1812.3</ele>
   </trkpt>
   <trkpt lat="46.5329500" lon="11.7744250">
    <ele>1811.1</ele>
   </trkpt>
   <trkpt lat="46.5329700" lon="11.7742780">
    <ele>1810.1</ele>
   </trkpt>
   <trkpt lat="46.5330100" lon="11.7739800">
    <ele>1808.2</ele>
   </trkpt>
   <trkpt lat="46.5330400" lon="11.7738140">
    <ele>1807.2</ele>
   </trkpt>
   <trkpt lat="46.5330710" lon="11.7736410">
    <ele>1806.1</ele>
   </trkpt>
   <trkpt lat="46.5332060" lon="11.7733600">
    <ele>1803.9</ele>
   </trkpt>
   <trkpt lat="46.5332930" lon="11.7732450">
    <ele>1802.9</ele>
   </trkpt>
   <trkpt lat="46.5333910" lon="11.7731450">
    <ele>1801.8</ele>
   </trkpt>
   <trkpt lat="46.5334980" lon="11.7730570">
    <ele>1800.7</ele>
   </trkpt>
   <trkpt lat="46.5336090" lon="11.7729760">
    <ele>1799.6</ele>
   </trkpt>
   <trkpt lat="46.5337240" lon="11.7729060">
    <ele>1798.6</ele>
   </trkpt>
   <trkpt lat="46.5338480" lon="11.7728550">
    <ele>1797.5</ele>
   </trkpt>
   <trkpt lat="46.5339730" lon="11.7728120">
    <ele>1796.3</ele>
   </trkpt>
   <trkpt lat="46.5340940" lon="11.7727640">
    <ele>1795.2</ele>
   </trkpt>
   <trkpt lat="46.5343290" lon="11.7726530">
    <ele>1793.0</ele>
   </trkpt>
   <trkpt lat="46.5344340" lon="11.7725610">
    <ele>1792.2</ele>
   </trkpt>
   <trkpt lat="46.5345310" lon="11.7724370">
    <ele>1792.1</ele>
   </trkpt>
   <trkpt lat="46.5346230" lon="11.7723110">
    <ele>1791.0</ele>
   </trkpt>
   <trkpt lat="46.5348030" lon="11.7720800">
    <ele>1788.7</ele>
   </trkpt>
   <trkpt lat="46.5349980" lon="11.7718960">
    <ele>1786.2</ele>
   </trkpt>
   <trkpt lat="46.5351110" lon="11.7718400">
    <ele>1784.9</ele>
   </trkpt>
   <trkpt lat="46.5352300" lon="11.7717930">
    <ele>1783.9</ele>
   </trkpt>
   <trkpt lat="46.5353490" lon="11.7717340">
    <ele>1782.8</ele>
   </trkpt>
   <trkpt lat="46.5354680" lon="11.7716660">
    <ele>1781.7</ele>
   </trkpt>
   <trkpt lat="46.5355830" lon="11.7715930">
    <ele>1780.7</ele>
   </trkpt>
   <trkpt lat="46.5356940" lon="11.7715360">
    <ele>1779.7</ele>
   </trkpt>
   <trkpt lat="46.5358030" lon="11.7715000">
    <ele>1778.6</ele>
   </trkpt>
   <trkpt lat="46.5359140" lon="11.7714880">
    <ele>1777.6</ele>
   </trkpt>
   <trkpt lat="46.5360270" lon="11.7715040">
    <ele>1776.5</ele>
   </trkpt>
   <trkpt lat="46.5361420" lon="11.7715440">
    <ele>1775.4</ele>
   </trkpt>
   <trkpt lat="46.5362550" lon="11.7715880">
    <ele>1774.3</ele>
   </trkpt>
   <trkpt lat="46.5363670" lon="11.7716280">
    <ele>1773.2</ele>
   </trkpt>
   <trkpt lat="46.5364830" lon="11.7716430">
    <ele>1772.1</ele>
   </trkpt>
   <trkpt lat="46.5366030" lon="11.7716360">
    <ele>1771.0</ele>
   </trkpt>
   <trkpt lat="46.5367340" lon="11.7716280">
    <ele>1769.8</ele>
   </trkpt>
   <trkpt lat="46.5368700" lon="11.7716190">
    <ele>1768.6</ele>
   </trkpt>
   <trkpt lat="46.5371410" lon="11.7715660">
    <ele>1766.1</ele>
   </trkpt>
   <trkpt lat="46.5374100" lon="11.7714970">
    <ele>1763.7</ele>
   </trkpt>
   <trkpt lat="46.5376940" lon="11.7714420">
    <ele>1761.3</ele>
   </trkpt>
   <trkpt lat="46.5378370" lon="11.7714220">
    <ele>1760.2</ele>
   </trkpt>
   <trkpt lat="46.5381240" lon="11.7714210">
    <ele>1757.6</ele>
   </trkpt>
   <trkpt lat="46.5382660" lon="11.7714610">
    <ele>1756.3</ele>
   </trkpt>
   <trkpt lat="46.5384020" lon="11.7715000">
    <ele>1755.1</ele>
   </trkpt>
   <trkpt lat="46.5385280" lon="11.7715500">
    <ele>1754.0</ele>
   </trkpt>
   <trkpt lat="46.5386480" lon="11.7716280">
    <ele>1753.0</ele>
   </trkpt>
   <trkpt lat="46.5387630" lon="11.7717220">
    <ele>1752.0</ele>
   </trkpt>
   <trkpt lat="46.5388720" lon="11.7718050">
    <ele>1751.1</ele>
   </trkpt>
   <trkpt lat="46.5389840" lon="11.7718560">
    <ele>1750.1</ele>
   </trkpt>
   <trkpt lat="46.5391020" lon="11.7718700">
    <ele>1749.1</ele>
   </trkpt>
   <trkpt lat="46.5392180" lon="11.7718800">
    <ele>1748.2</ele>
   </trkpt>
   <trkpt lat="46.5393340" lon="11.7719020">
    <ele>1747.2</ele>
   </trkpt>
   <trkpt lat="46.5394550" lon="11.7719430">
    <ele>1746.1</ele>
   </trkpt>
   <trkpt lat="46.5395750" lon="11.7720040">
    <ele>1745.1</ele>
   </trkpt>
   <trkpt lat="46.5396880" lon="11.7720710">
    <ele>1744.1</ele>
   </trkpt>
   <trkpt lat="46.5397920" lon="11.7721190">
    <ele>1743.2</ele>
   </trkpt>
   <trkpt lat="46.5399950" lon="11.7721260">
    <ele>1741.5</ele>
   </trkpt>
   <trkpt lat="46.5400930" lon="11.7720870">
    <ele>1740.7</ele>
   </trkpt>
   <trkpt lat="46.5401930" lon="11.7720520">
    <ele>1739.8</ele>
   </trkpt>
   <trkpt lat="46.5402930" lon="11.7720260">
    <ele>1738.9</ele>
   </trkpt>
   <trkpt lat="46.5403930" lon="11.7720120">
    <ele>1738.0</ele>
   </trkpt>
   <trkpt lat="46.5404880" lon="11.7720110">
    <ele>1737.2</ele>
   </trkpt>
   <trkpt lat="46.5405870" lon="11.7720380">
    <ele>1736.2</ele>
   </trkpt>
   <trkpt lat="46.5406850" lon="11.7720950">
    <ele>1735.3</ele>
   </trkpt>
   <trkpt lat="46.5407800" lon="11.7721700">
    <ele>1734.2</ele>
   </trkpt>
   <trkpt lat="46.5408750" lon="11.7722300">
    <ele>1733.3</ele>
   </trkpt>
   <trkpt lat="46.5409720" lon="11.7722650">
    <ele>1732.4</ele>
   </trkpt>
   <trkpt lat="46.5410660" lon="11.7722710">
    <ele>1731.5</ele>
   </trkpt>
   <trkpt lat="46.5412290" lon="11.7721620">
    <ele>1729.9</ele>
   </trkpt>
   <trkpt lat="46.5413030" lon="11.7720700">
    <ele>1729.1</ele>
   </trkpt>
   <trkpt lat="46.5413790" lon="11.7719850">
    <ele>1728.2</ele>
   </trkpt>
   <trkpt lat="46.5415520" lon="11.7718740">
    <ele>1726.6</ele>
   </trkpt>
   <trkpt lat="46.5416420" lon="11.7718630">
    <ele>1725.7</ele>
   </trkpt>
   <trkpt lat="46.5417370" lon="11.7718740">
    <ele>1724.9</ele>
   </trkpt>
   <trkpt lat="46.5419360" lon="11.7719190">
    <ele>1723.1</ele>
   </trkpt>
   <trkpt lat="46.5421250" lon="11.7719820">
    <ele>1721.6</ele>
   </trkpt>
   <trkpt lat="46.5422210" lon="11.7720130">
    <ele>1720.8</ele>
   </trkpt>
   <trkpt lat="46.5423180" lon="11.7720230">
    <ele>1720.0</ele>
   </trkpt>
   <trkpt lat="46.5425190" lon="11.7720370">
    <ele>1718.5</ele>
   </trkpt>
   <trkpt lat="46.5426160" lon="11.7720720">
    <ele>1717.7</ele>
   </trkpt>
   <trkpt lat="46.5427180" lon="11.7721330">
    <ele>1716.8</ele>
   </trkpt>
   <trkpt lat="46.5430180" lon="11.7723190">
    <ele>1714.0</ele>
   </trkpt>
   <trkpt lat="46.5432240" lon="11.7724640">
    <ele>1712.1</ele>
   </trkpt>
   <trkpt lat="46.5433280" lon="11.7725660">
    <ele>1711.1</ele>
   </trkpt>
   <trkpt lat="46.5434270" lon="11.7727020">
    <ele>1710.0</ele>
   </trkpt>
   <trkpt lat="46.5435970" lon="11.7729690">
    <ele>1707.8</ele>
   </trkpt>
   <trkpt lat="46.5437620" lon="11.7731980">
    <ele>1706.0</ele>
   </trkpt>
   <trkpt lat="46.5438470" lon="11.7733270">
    <ele>1705.1</ele>
   </trkpt>
   <trkpt lat="46.5439320" lon="11.7734610">
    <ele>1704.2</ele>
   </trkpt>
   <trkpt lat="46.5440160" lon="11.7735650">
    <ele>1703.3</ele>
   </trkpt>
   <trkpt lat="46.5441070" lon="11.7736570">
    <ele>1702.5</ele>
   </trkpt>
   <trkpt lat="46.5442920" lon="11.7738200">
    <ele>1700.8</ele>
   </trkpt>
   <trkpt lat="46.5443810" lon="11.7739280">
    <ele>1699.9</ele>
   </trkpt>
   <trkpt lat="46.5444590" lon="11.7740600">
    <ele>1698.9</ele>
   </trkpt>
   <trkpt lat="46.5445270" lon="11.7742050">
    <ele>1697.8</ele>
   </trkpt>
   <trkpt lat="46.5445840" lon="11.7743550">
    <ele>1696.6</ele>
   </trkpt>
   <trkpt lat="46.5446740" lon="11.7747010">
    <ele>1694.1</ele>
   </trkpt>
   <trkpt lat="46.5447740" lon="11.7750600">
    <ele>1691.7</ele>
   </trkpt>
   <trkpt lat="46.5448220" lon="11.7752200">
    <ele>1690.6</ele>
   </trkpt>
   <trkpt lat="46.5449320" lon="11.7755160">
    <ele>1688.5</ele>
   </trkpt>
   <trkpt lat="46.5450540" lon="11.7758010">
    <ele>1686.4</ele>
   </trkpt>
   <trkpt lat="46.5451470" lon="11.7760980">
    <ele>1684.4</ele>
   </trkpt>
   <trkpt lat="46.5451670" lon="11.7762720">
    <ele>1683.2</ele>
   </trkpt>
   <trkpt lat="46.5451750" lon="11.7763900">
    <ele>1682.5</ele>
   </trkpt>
   <trkpt lat="46.5451790" lon="11.7765280">
    <ele>1681.6</ele>
   </trkpt>
   <trkpt lat="46.5451710" lon="11.7766540">
    <ele>1680.8</ele>
   </trkpt>
   <trkpt lat="46.5451610" lon="11.7767680">
    <ele>1680.0</ele>
   </trkpt>
   <trkpt lat="46.5451620" lon="11.7768690">
    <ele>1679.4</ele>
   </trkpt>
   <trkpt lat="46.5451860" lon="11.7769430">
    <ele>1678.8</ele>
   </trkpt>
   <trkpt lat="46.5452240" lon="11.7769890">
    <ele>1678.2</ele>
   </trkpt>
   <trkpt lat="46.5452760" lon="11.7770040">
    <ele>1677.6</ele>
   </trkpt>
   <trkpt lat="46.5453200" lon="11.7769850">
    <ele>1677.2</ele>
   </trkpt>
   <trkpt lat="46.5453440" lon="11.7769080">
    <ele>1676.6</ele>
   </trkpt>
   <trkpt lat="46.5453450" lon="11.7767700">
    <ele>1675.7</ele>
   </trkpt>
   <trkpt lat="46.5453430" lon="11.7766480">
    <ele>1674.9</ele>
   </trkpt>
   <trkpt lat="46.5453580" lon="11.7765330">
    <ele>1674.2</ele>
   </trkpt>
   <trkpt lat="46.5453910" lon="11.7764270">
    <ele>1673.4</ele>
   </trkpt>
   <trkpt lat="46.5454690" lon="11.7761840">
    <ele>1671.8</ele>
   </trkpt>
   <trkpt lat="46.5455140" lon="11.7759040">
    <ele>1670.2</ele>
   </trkpt>
   <trkpt lat="46.5455170" lon="11.7757760">
    <ele>1669.6</ele>
   </trkpt>
   <trkpt lat="46.5454950" lon="11.7756450">
    <ele>1669.0</ele>
   </trkpt>
   <trkpt lat="46.5454180" lon="11.7753620">
    <ele>1667.2</ele>
   </trkpt>
   <trkpt lat="46.5453930" lon="11.7752400">
    <ele>1666.4</ele>
   </trkpt>
   <trkpt lat="46.5453580" lon="11.7751170">
    <ele>1665.7</ele>
   </trkpt>
   <trkpt lat="46.5452930" lon="11.7748660">
    <ele>1664.1</ele>
   </trkpt>
   <trkpt lat="46.5452390" lon="11.7746080">
    <ele>1662.6</ele>
   </trkpt>
   <trkpt lat="46.5452240" lon="11.7744680">
    <ele>1661.8</ele>
   </trkpt>
   <trkpt lat="46.5452340" lon="11.7741620">
    <ele>1659.9</ele>
   </trkpt>
   <trkpt lat="46.5452550" lon="11.7739970">
    <ele>1658.9</ele>
   </trkpt>
   <trkpt lat="46.5452750" lon="11.7738340">
    <ele>1657.9</ele>
   </trkpt>
   <trkpt lat="46.5452870" lon="11.7735060">
    <ele>1655.9</ele>
   </trkpt>
   <trkpt lat="46.5452590" lon="11.7733520">
    <ele>1655.0</ele>
   </trkpt>
   <trkpt lat="46.5452250" lon="11.7732140">
    <ele>1654.1</ele>
   </trkpt>
   <trkpt lat="46.5450710" lon="11.7730490">
    <ele>1652.6</ele>
   </trkpt>
   <trkpt lat="46.5449190" lon="11.7729360">
    <ele>1651.2</ele>
   </trkpt>
   <trkpt lat="46.5448530" lon="11.7728490">
    <ele>1650.5</ele>
   </trkpt>
   <trkpt lat="46.5448090" lon="11.7727460">
    <ele>1649.8</ele>
   </trkpt>
   <trkpt lat="46.5447760" lon="11.7726260">
    <ele>1648.9</ele>
   </trkpt>
   <trkpt lat="46.5447550" lon="11.7723510">
    <ele>1647.1</ele>
   </trkpt>
   <trkpt lat="46.5447140" lon="11.7720670">
    <ele>1645.3</ele>
   </trkpt>
   <trkpt lat="46.5446660" lon="11.7719340">
    <ele>1644.4</ele>
   </trkpt>
   <trkpt lat="46.5445950" lon="11.7718310">
    <ele>1643.5</ele>
   </trkpt>
   <trkpt lat="46.5445140" lon="11.7717570">
    <ele>1642.8</ele>
   </trkpt>
   <trkpt lat="46.5444200" lon="11.7717020">
    <ele>1641.9</ele>
   </trkpt>
   <trkpt lat="46.5442420" lon="11.7716130">
    <ele>1640.3</ele>
   </trkpt>
   <trkpt lat="46.5440770" lon="11.7714480">
    <ele>1638.6</ele>
   </trkpt>
   <trkpt lat="46.5440000" lon="11.7713430">
    <ele>1637.7</ele>
   </trkpt>
   <trkpt lat="46.5439240" lon="11.7712330">
    <ele>1636.8</ele>
   </trkpt>
   <trkpt lat="46.5437710" lon="11.7710060">
    <ele>1635.0</ele>
   </trkpt>
   <trkpt lat="46.5436970" lon="11.7709040">
    <ele>1634.2</ele>
   </trkpt>
   <trkpt lat="46.5436250" lon="11.7708100">
    <ele>1633.5</ele>
   </trkpt>
   <trkpt lat="46.5434730" lon="11.7706460">
    <ele>1632.3</ele>
   </trkpt>
   <trkpt lat="46.5434000" lon="11.7705790">
    <ele>1631.8</ele>
   </trkpt>
   <trkpt lat="46.5433470" lon="11.7705170">
    <ele>1631.4</ele>
   </trkpt>
   <trkpt lat="46.5433120" lon="11.7704370">
    <ele>1631.0</ele>
   </trkpt>
   <trkpt lat="46.5432980" lon="11.7703510">
    <ele>1630.7</ele>
   </trkpt>
   <trkpt lat="46.5433170" lon="11.7702780">
    <ele>1630.3</ele>
   </trkpt>
   <trkpt lat="46.5433760" lon="11.7702420">
    <ele>1629.9</ele>
   </trkpt>
   <trkpt lat="46.5434380" lon="11.7702410">
    <ele>1629.5</ele>
   </trkpt>
   <trkpt lat="46.5434910" lon="11.7702760">
    <ele>1628.9</ele>
   </trkpt>
   <trkpt lat="46.5435420" lon="11.7703740">
    <ele>1628.0</ele>
   </trkpt>
   <trkpt lat="46.5436060" lon="11.7704820">
    <ele>1626.9</ele>
   </trkpt>
   <trkpt lat="46.5436710" lon="11.7705690">
    <ele>1625.9</ele>
   </trkpt>
   <trkpt lat="46.5437400" lon="11.7706480">
    <ele>1625.0</ele>
   </trkpt>
   <trkpt lat="46.5438090" lon="11.7707220">
    <ele>1624.0</ele>
   </trkpt>
   <trkpt lat="46.5438790" lon="11.7707930">
    <ele>1623.1</ele>
   </trkpt>
   <trkpt lat="46.5440330" lon="11.7709200">
    <ele>1621.2</ele>
   </trkpt>
   <trkpt lat="46.5442090" lon="11.7710220">
    <ele>1619.4</ele>
   </trkpt>
   <trkpt lat="46.5443810" lon="11.7711030">
    <ele>1619.2</ele>
   </trkpt>
   <trkpt lat="46.5445440" lon="11.7711530">
    <ele>1617.5</ele>
   </trkpt>
   <trkpt lat="46.5447030" lon="11.7712160">
    <ele>1615.7</ele>
   </trkpt>
   <trkpt lat="46.5447790" lon="11.7712390">
    <ele>1614.8</ele>
   </trkpt>
   <trkpt lat="46.5448350" lon="11.7712810">
    <ele>1614.1</ele>
   </trkpt>
   <trkpt lat="46.5449970" lon="11.7713580">
    <ele>1613.4</ele>
   </trkpt>
   <trkpt lat="46.5450750" lon="11.7714210">
    <ele>1613.3</ele>
   </trkpt>
   <trkpt lat="46.5451460" lon="11.7714690">
    <ele>1613.2</ele>
   </trkpt>
   <trkpt lat="46.5452910" lon="11.7714910">
    <ele>1612.7</ele>
   </trkpt>
   <trkpt lat="46.5454380" lon="11.7714770">
    <ele>1612.2</ele>
   </trkpt>
   <trkpt lat="46.5455750" lon="11.7714140">
    <ele>1611.7</ele>
   </trkpt>
   <trkpt lat="46.5456610" lon="11.7712360">
    <ele>1608.6</ele>
   </trkpt>
   <trkpt lat="46.5457070" lon="11.7711280">
    <ele>1607.9</ele>
   </trkpt>
   <trkpt lat="46.5457530" lon="11.7710050">
    <ele>1607.0</ele>
   </trkpt>
   <trkpt lat="46.5458820" lon="11.7706250">
    <ele>1604.0</ele>
   </trkpt>
   <trkpt lat="46.5459110" lon="11.7704860">
    <ele>1603.0</ele>
   </trkpt>
   <trkpt lat="46.5459860" lon="11.7700610">
    <ele>1600.2</ele>
   </trkpt>
   <trkpt lat="46.5460480" lon="11.7697750">
    <ele>1598.3</ele>
   </trkpt>
   <trkpt lat="46.5461140" lon="11.7694810">
    <ele>1596.9</ele>
   </trkpt>
   <trkpt lat="46.5462210" lon="11.7690640">
    <ele>1595.8</ele>
   </trkpt>
   <trkpt lat="46.5463410" lon="11.7688060">
    <ele>1593.7</ele>
   </trkpt>
   <trkpt lat="46.5464750" lon="11.7685580">
    <ele>1591.5</ele>
   </trkpt>
   <trkpt lat="46.5466390" lon="11.7683240">
    <ele>1591.0</ele>
   </trkpt>
   <trkpt lat="46.5467380" lon="11.7682290">
    <ele>1590.8</ele>
   </trkpt>
   <trkpt lat="46.5469460" lon="11.7680690">
    <ele>1589.4</ele>
   </trkpt>
   <trkpt lat="46.5471610" lon="11.7679310">
    <ele>1588.2</ele>
   </trkpt>
   <trkpt lat="46.5472690" lon="11.7678660">
    <ele>1587.7</ele>
   </trkpt>
   <trkpt lat="46.5473790" lon="11.7678000">
    <ele>1587.2</ele>
   </trkpt>
   <trkpt lat="46.5475930" lon="11.7676690">
    <ele>1586.4</ele>
   </trkpt>
   <trkpt lat="46.5477990" lon="11.7675370">
    <ele>1585.9</ele>
   </trkpt>
   <trkpt lat="46.5480060" lon="11.7674040">
    <ele>1585.3</ele>
   </trkpt>
   <trkpt lat="46.5481100" lon="11.7673380">
    <ele>1585.1</ele>
   </trkpt>
   <trkpt lat="46.5484130" lon="11.7671390">
    <ele>1584.5</ele>
   </trkpt>
   <trkpt lat="46.5487170" lon="11.7669530">
    <ele>1583.8</ele>
   </trkpt>
   <trkpt lat="46.5488140" lon="11.7668800">
    <ele>1583.5</ele>
   </trkpt>
   <trkpt lat="46.5490990" lon="11.7666870">
    <ele>1582.7</ele>
   </trkpt>
   <trkpt lat="46.5491900" lon="11.7666230">
    <ele>1582.5</ele>
   </trkpt>
   <trkpt lat="46.5493650" lon="11.7665000">
    <ele>1582.1</ele>
   </trkpt>
   <trkpt lat="46.5496430" lon="11.7663110">
    <ele>1581.7</ele>
   </trkpt>
   <trkpt lat="46.5497270" lon="11.7662490">
    <ele>1581.6</ele>
   </trkpt>
   <trkpt lat="46.5498130" lon="11.7661890">
    <ele>1581.4</ele>
   </trkpt>
   <trkpt lat="46.5498990" lon="11.7661310">
    <ele>1581.2</ele>
   </trkpt>
   <trkpt lat="46.5500660" lon="11.7660060">
    <ele>1580.6</ele>
   </trkpt>
   <trkpt lat="46.5501430" lon="11.7659280">
    <ele>1580.4</ele>
   </trkpt>
   <trkpt lat="46.5502860" lon="11.7657380">
    <ele>1579.8</ele>
   </trkpt>
   <trkpt lat="46.5503460" lon="11.7656290">
    <ele>1579.5</ele>
   </trkpt>
   <trkpt lat="46.5503990" lon="11.7655110">
    <ele>1579.2</ele>
   </trkpt>
   <trkpt lat="46.5505560" lon="11.7650020">
    <ele>1578.2</ele>
   </trkpt>
   <trkpt lat="46.5506670" lon="11.7646430">
    <ele>1578.1</ele>
   </trkpt>
   <trkpt lat="46.5507440" lon="11.7644160">
    <ele>1577.7</ele>
   </trkpt>
   <trkpt lat="46.5508620" lon="11.7642160">
    <ele>1577.0</ele>
   </trkpt>
   <trkpt lat="46.5510070" lon="11.7640580">
    <ele>1576.1</ele>
   </trkpt>
   <trkpt lat="46.5512400" lon="11.7638250">
    <ele>1574.6</ele>
   </trkpt>
   <trkpt lat="46.5514800" lon="11.7635740">
    <ele>1572.9</ele>
   </trkpt>
   <trkpt lat="46.5516600" lon="11.7634920">
    <ele>1571.9</ele>
   </trkpt>
   <trkpt lat="46.5517620" lon="11.7634880">
    <ele>1571.4</ele>
   </trkpt>
   <trkpt lat="46.5520470" lon="11.7634590">
    <ele>1571.6</ele>
   </trkpt>
   <trkpt lat="46.5521360" lon="11.7634530">
    <ele>1571.7</ele>
   </trkpt>
   <trkpt lat="46.5523280" lon="11.7634450">
    <ele>1571.9</ele>
   </trkpt>
   <trkpt lat="46.5524040" lon="11.7634520">
    <ele>1572.0</ele>
   </trkpt>
   <trkpt lat="46.5524910" lon="11.7634510">
    <ele>1572.1</ele>
   </trkpt>
   <trkpt lat="46.5525660" lon="11.7634410">
    <ele>1572.2</ele>
   </trkpt>
   <trkpt lat="46.5528280" lon="11.7634110">
    <ele>1572.7</ele>
   </trkpt>
   <trkpt lat="46.5528920" lon="11.7634090">
    <ele>1572.7</ele>
   </trkpt>
   <trkpt lat="46.5529680" lon="11.7634190">
    <ele>1572.8</ele>
   </trkpt>
   <trkpt lat="46.5530730" lon="11.7633720">
    <ele>1572.7</ele>
   </trkpt>
   <trkpt lat="46.5531630" lon="11.7632430">
    <ele>1572.5</ele>
   </trkpt>
   <trkpt lat="46.5531960" lon="11.7631650">
    <ele>1572.4</ele>
   </trkpt>
   <trkpt lat="46.5532380" lon="11.7629780">
    <ele>1572.0</ele>
   </trkpt>
   <trkpt lat="46.5533030" lon="11.7628080">
    <ele>1571.7</ele>
   </trkpt>
   <trkpt lat="46.5533860" lon="11.7624630">
    <ele>1571.5</ele>
   </trkpt>
   <trkpt lat="46.5534040" lon="11.7623810">
    <ele>1571.4</ele>
   </trkpt>
   <trkpt lat="46.5534210" lon="11.7622850">
    <ele>1571.3</ele>
   </trkpt>
   <trkpt lat="46.5535100" lon="11.7618060">
    <ele>1570.5</ele>
   </trkpt>
   <trkpt lat="46.5536200" lon="11.7612710">
    <ele>1568.9</ele>
   </trkpt>
   <trkpt lat="46.5537410" lon="11.7606210">
    <ele>1565.6</ele>
   </trkpt>
   <trkpt lat="46.5538000" lon="11.7603560">
    <ele>1564.1</ele>
   </trkpt>
   <trkpt lat="46.5538960" lon="11.7599070">
    <ele>1561.8</ele>
   </trkpt>
   <trkpt lat="46.5540350" lon="11.7592940">
    <ele>1560.0</ele>
   </trkpt>
   <trkpt lat="46.5540820" lon="11.7591450">
    <ele>1559.5</ele>
   </trkpt>
   <trkpt lat="46.5541420" lon="11.7590000">
    <ele>1558.4</ele>
   </trkpt>
   <trkpt lat="46.5542840" lon="11.7587210">
    <ele>1556.2</ele>
   </trkpt>
   <trkpt lat="46.5543600" lon="11.7585840">
    <ele>1555.2</ele>
   </trkpt>
   <trkpt lat="46.5544360" lon="11.7584520">
    <ele>1555.0</ele>
   </trkpt>
   <trkpt lat="46.5545910" lon="11.7581850">
    <ele>1554.0</ele>
   </trkpt>
   <trkpt lat="46.5547480" lon="11.7579190">
    <ele>1552.6</ele>
   </trkpt>
   <trkpt lat="46.5549030" lon="11.7576560">
    <ele>1551.1</ele>
   </trkpt>
   <trkpt lat="46.5550530" lon="11.7574040">
    <ele>1549.7</ele>
   </trkpt>
   <trkpt lat="46.5551910" lon="11.7571650">
    <ele>1548.5</ele>
   </trkpt>
   <trkpt lat="46.5553320" lon="11.7569300">
    <ele>1547.8</ele>
   </trkpt>
   <trkpt lat="46.5554660" lon="11.7566920">
    <ele>1547.1</ele>
   </trkpt>
   <trkpt lat="46.5556050" lon="11.7564630">
    <ele>1546.4</ele>
   </trkpt>
   <trkpt lat="46.5557450" lon="11.7562370">
    <ele>1545.8</ele>
   </trkpt>
   <trkpt lat="46.5558150" lon="11.7561150">
    <ele>1545.5</ele>
   </trkpt>
   <trkpt lat="46.5559400" lon="11.7558820">
    <ele>1544.9</ele>
   </trkpt>
   <trkpt lat="46.5560000" lon="11.7557680">
    <ele>1544.7</ele>
   </trkpt>
   <trkpt lat="46.5560630" lon="11.7556570">
    <ele>1544.5</ele>
   </trkpt>
   <trkpt lat="46.5561900" lon="11.7554380">
    <ele>1544.2</ele>
   </trkpt>
   <trkpt lat="46.5563090" lon="11.7552300">
    <ele>1544.0</ele>
   </trkpt>
   <trkpt lat="46.5563550" lon="11.7551060">
    <ele>1543.8</ele>
   </trkpt>
   <trkpt lat="46.5563960" lon="11.7549810">
    <ele>1543.7</ele>
   </trkpt>
   <trkpt lat="46.5564230" lon="11.7548520">
    <ele>1543.6</ele>
   </trkpt>
   <trkpt lat="46.5564460" lon="11.7547210">
    <ele>1543.5</ele>
   </trkpt>
   <trkpt lat="46.5564960" lon="11.7543330">
    <ele>1542.8</ele>
   </trkpt>
   <trkpt lat="46.5565260" lon="11.7540690">
    <ele>1542.4</ele>
   </trkpt>
   <trkpt lat="46.5566200" lon="11.7532110">
    <ele>1541.2</ele>
   </trkpt>
   <trkpt lat="46.5566570" lon="11.7528360">
    <ele>1540.6</ele>
   </trkpt>
   <trkpt lat="46.5567220" lon="11.7523490">
    <ele>1539.3</ele>
   </trkpt>
   <trkpt lat="46.5567550" lon="11.7519570">
    <ele>1538.6</ele>
   </trkpt>
   <trkpt lat="46.5567680" lon="11.7518210">
    <ele>1538.5</ele>
   </trkpt>
   <trkpt lat="46.5568410" lon="11.7511440">
    <ele>1537.0</ele>
   </trkpt>
   <trkpt lat="46.5568530" lon="11.7510070">
    <ele>1536.5</ele>
   </trkpt>
   <trkpt lat="46.5568600" lon="11.7507260">
    <ele>1535.7</ele>
   </trkpt>
   <trkpt lat="46.5568630" lon="11.7504450">
    <ele>1534.8</ele>
   </trkpt>
   <trkpt lat="46.5568770" lon="11.7501660">
    <ele>1533.7</ele>
   </trkpt>
   <trkpt lat="46.5569320" lon="11.7498920">
    <ele>1532.3</ele>
   </trkpt>
   <trkpt lat="46.5571320" lon="11.7493620">
    <ele>1529.0</ele>
   </trkpt>
   <trkpt lat="46.5571920" lon="11.7492340">
    <ele>1527.9</ele>
   </trkpt>
   <trkpt lat="46.5572600" lon="11.7491090">
    <ele>1526.7</ele>
   </trkpt>
   <trkpt lat="46.5574190" lon="11.7488560">
    <ele>1524.7</ele>
   </trkpt>
   <trkpt lat="46.5575010" lon="11.7487300">
    <ele>1523.9</ele>
   </trkpt>
   <trkpt lat="46.5575840" lon="11.7486030">
    <ele>1523.1</ele>
   </trkpt>
   <trkpt lat="46.5577580" lon="11.7483490">
    <ele>1521.5</ele>
   </trkpt>
   <trkpt lat="46.5578520" lon="11.7482340">
    <ele>1520.6</ele>
   </trkpt>
   <trkpt lat="46.5579550" lon="11.7481330">
    <ele>1519.7</ele>
   </trkpt>
   <trkpt lat="46.5581780" lon="11.7479610">
    <ele>1517.8</ele>
   </trkpt>
   <trkpt lat="46.5584180" lon="11.7478120">
    <ele>1515.9</ele>
   </trkpt>
   <trkpt lat="46.5586470" lon="11.7476620">
    <ele>1514.1</ele>
   </trkpt>
   <trkpt lat="46.5588360" lon="11.7474660">
    <ele>1513.1</ele>
   </trkpt>
   <trkpt lat="46.5589390" lon="11.7471770">
    <ele>1511.6</ele>
   </trkpt>
   <trkpt lat="46.5589540" lon="11.7470050">
    <ele>1511.0</ele>
   </trkpt>
   <trkpt lat="46.5588780" lon="11.7466790">
    <ele>1509.6</ele>
   </trkpt>
   <trkpt lat="46.5587290" lon="11.7463830">
    <ele>1508.1</ele>
   </trkpt>
   <trkpt lat="46.5586380" lon="11.7462480">
    <ele>1507.2</ele>
   </trkpt>
   <trkpt lat="46.5585440" lon="11.7461170">
    <ele>1506.3</ele>
   </trkpt>
   <trkpt lat="46.5583610" lon="11.7458450">
    <ele>1504.6</ele>
   </trkpt>
   <trkpt lat="46.5582730" lon="11.7457030">
    <ele>1503.8</ele>
   </trkpt>
   <trkpt lat="46.5580980" lon="11.7454170">
    <ele>1502.0</ele>
   </trkpt>
   <trkpt lat="46.5579270" lon="11.7451220">
    <ele>1500.3</ele>
   </trkpt>
   <trkpt lat="46.5578610" lon="11.7449550">
    <ele>1499.6</ele>
   </trkpt>
   <trkpt lat="46.5578200" lon="11.7447740">
    <ele>1498.9</ele>
   </trkpt>
   <trkpt lat="46.5578040" lon="11.7445850">
    <ele>1498.2</ele>
   </trkpt>
   <trkpt lat="46.5578130" lon="11.7443930">
    <ele>1497.5</ele>
   </trkpt>
   <trkpt lat="46.5578510" lon="11.7441970">
    <ele>1496.9</ele>
   </trkpt>
   <trkpt lat="46.5578940" lon="11.7440220">
    <ele>1496.3</ele>
   </trkpt>
   <trkpt lat="46.5579430" lon="11.7438550">
    <ele>1495.8</ele>
   </trkpt>
   <trkpt lat="46.5579890" lon="11.7436920">
    <ele>1495.2</ele>
   </trkpt>
   <trkpt lat="46.5580340" lon="11.7435300">
    <ele>1494.7</ele>
   </trkpt>
   <trkpt lat="46.5581730" lon="11.7430550">
    <ele>1493.8</ele>
   </trkpt>
   <trkpt lat="46.5582580" lon="11.7427350">
    <ele>1491.9</ele>
   </trkpt>
   <trkpt lat="46.5583440" lon="11.7424170">
    <ele>1490.2</ele>
   </trkpt>
   <trkpt lat="46.5584350" lon="11.7420990">
    <ele>1489.1</ele>
   </trkpt>
   <trkpt lat="46.5585260" lon="11.7417700">
    <ele>1488.0</ele>
   </trkpt>
   <trkpt lat="46.5586200" lon="11.7414420">
    <ele>1487.0</ele>
   </trkpt>
   <trkpt lat="46.5587900" lon="11.7409740">
    <ele>1485.6</ele>
   </trkpt>
   <trkpt lat="46.5588570" lon="11.7408290">
    <ele>1485.1</ele>
   </trkpt>
   <trkpt lat="46.5589300" lon="11.7406940">
    <ele>1484.7</ele>
   </trkpt>
   <trkpt lat="46.5590720" lon="11.7404100">
    <ele>1484.0</ele>
   </trkpt>
   <trkpt lat="46.5591390" lon="11.7402520">
    <ele>1483.8</ele>
   </trkpt>
   <trkpt lat="46.5591760" lon="11.7400920">
    <ele>1483.7</ele>
   </trkpt>
   <trkpt lat="46.5591980" lon="11.7399260">
    <ele>1483.5</ele>
   </trkpt>
   <trkpt lat="46.5591900" lon="11.7395950">
    <ele>1482.6</ele>
   </trkpt>
   <trkpt lat="46.5591380" lon="11.7392810">
    <ele>1481.3</ele>
   </trkpt>
   <trkpt lat="46.5591100" lon="11.7391290">
    <ele>1480.5</ele>
   </trkpt>
   <trkpt lat="46.5590990" lon="11.7389750">
    <ele>1479.6</ele>
   </trkpt>
   <trkpt lat="46.5591320" lon="11.7386550">
    <ele>1477.9</ele>
   </trkpt>
   <trkpt lat="46.5591590" lon="11.7384960">
    <ele>1477.1</ele>
   </trkpt>
   <trkpt lat="46.5592330" lon="11.7380100">
    <ele>1474.8</ele>
   </trkpt>
   <trkpt lat="46.5592320" lon="11.7376690">
    <ele>1473.3</ele>
   </trkpt>
   <trkpt lat="46.5592390" lon="11.7373300">
    <ele>1471.7</ele>
   </trkpt>
   <trkpt lat="46.5592680" lon="11.7371670">
    <ele>1470.9</ele>
   </trkpt>
   <trkpt lat="46.5593420" lon="11.7368250">
    <ele>1469.2</ele>
   </trkpt>
   <trkpt lat="46.5593940" lon="11.7364690">
    <ele>1467.5</ele>
   </trkpt>
   <trkpt lat="46.5593950" lon="11.7362890">
    <ele>1466.6</ele>
   </trkpt>
   <trkpt lat="46.5593920" lon="11.7361050">
    <ele>1465.7</ele>
   </trkpt>
   <trkpt lat="46.5593760" lon="11.7357310">
    <ele>1463.8</ele>
   </trkpt>
   <trkpt lat="46.5593850" lon="11.7353310">
    <ele>1461.8</ele>
   </trkpt>
   <trkpt lat="46.5593900" lon="11.7349490">
    <ele>1460.0</ele>
   </trkpt>
   <trkpt lat="46.5593460" lon="11.7347520">
    <ele>1459.2</ele>
   </trkpt>
   <trkpt lat="46.5592750" lon="11.7345810">
    <ele>1459.1</ele>
   </trkpt>
   <trkpt lat="46.5591770" lon="11.7344320">
    <ele>1459.0</ele>
   </trkpt>
   <trkpt lat="46.5590730" lon="11.7343040">
    <ele>1458.8</ele>
   </trkpt>
   <trkpt lat="46.5589870" lon="11.7341640">
    <ele>1457.7</ele>
   </trkpt>
   <trkpt lat="46.5589180" lon="11.7340090">
    <ele>1456.2</ele>
   </trkpt>
   <trkpt lat="46.5587510" lon="11.7336730">
    <ele>1453.0</ele>
   </trkpt>
   <trkpt lat="46.5585340" lon="11.7333950">
    <ele>1452.4</ele>
   </trkpt>
   <trkpt lat="46.5583060" lon="11.7331920">
    <ele>1451.3</ele>
   </trkpt>
   <trkpt lat="46.5580860" lon="11.7329900">
    <ele>1449.0</ele>
   </trkpt>
   <trkpt lat="46.5579850" lon="11.7328760">
    <ele>1447.4</ele>
   </trkpt>
   <trkpt lat="46.5578930" lon="11.7327500">
    <ele>1445.9</ele>
   </trkpt>
   <trkpt lat="46.5578080" lon="11.7326180">
    <ele>1444.7</ele>
   </trkpt>
   <trkpt lat="46.5576400" lon="11.7323710">
    <ele>1444.7</ele>
   </trkpt>
   <trkpt lat="46.5575510" lon="11.7322560">
    <ele>1444.8</ele>
   </trkpt>
   <trkpt lat="46.5574730" lon="11.7321330">
    <ele>1444.9</ele>
   </trkpt>
   <trkpt lat="46.5574330" lon="11.7320130">
    <ele>1445.0</ele>
   </trkpt>
   <trkpt lat="46.5574200" lon="11.7318960">
    <ele>1445.0</ele>
   </trkpt>
   <trkpt lat="46.5574360" lon="11.7317810">
    <ele>1445.1</ele>
   </trkpt>
   <trkpt lat="46.5574760" lon="11.7316810">
    <ele>1445.3</ele>
   </trkpt>
   <trkpt lat="46.5575310" lon="11.7315910">
    <ele>1445.5</ele>
   </trkpt>
   <trkpt lat="46.5575840" lon="11.7315120">
    <ele>1445.6</ele>
   </trkpt>
   <trkpt lat="46.5576290" lon="11.7314350">
    <ele>1445.7</ele>
   </trkpt>
   <trkpt lat="46.5576750" lon="11.7313580">
    <ele>1445.7</ele>
   </trkpt>
   <trkpt lat="46.5577180" lon="11.7312800">
    <ele>1445.6</ele>
   </trkpt>
   <trkpt lat="46.5577940" lon="11.7311240">
    <ele>1445.3</ele>
   </trkpt>
   <trkpt lat="46.5579430" lon="11.7306390">
    <ele>1444.3</ele>
   </trkpt>
   <trkpt lat="46.5579580" lon="11.7305260">
    <ele>1444.1</ele>
   </trkpt>
   <trkpt lat="46.5579830" lon="11.7300970">
    <ele>1443.3</ele>
   </trkpt>
   <trkpt lat="46.5579800" lon="11.7296110">
    <ele>1442.5</ele>
   </trkpt>
   <trkpt lat="46.5579570" lon="11.7293780">
    <ele>1442.1</ele>
   </trkpt>
   <trkpt lat="46.5579180" lon="11.7289240">
    <ele>1441.4</ele>
   </trkpt>
   <trkpt lat="46.5579460" lon="11.7286890">
    <ele>1441.2</ele>
   </trkpt>
  </trkseg>
 </trk>
</gpx>
